dataset_index,speaker,age,gender,expected_text,accuracy,wpm,duration,words_expected,words_spoken,words_correct,omissions,substitutions,insertions,repetitions,omission_rate,substitution_rate,insertion_rate,repetition_rate,total_error_rate,word_count_difference,spoken_expected_ratio,language_probability,mean_avg_logprob,mean_error_confidence,average_word_duration,average_pause_duration,max_pause_duration,long_pause_count,mean_word_confidence,low_confidence_word_rate,rms_mean,rms_std,spectral_centroid_mean,zero_crossing_rate_mean,expert_accuracy,expert_completeness,expert_fluency,expert_prosodic,expert_total
0,0001,6,m,WE CALL IT BEAR,1.0,131.14754098360655,1.83,4,4,4,0,0,0,0,0.0,0.0,0.0,0.0,0.0,0,1.0,1.0,-0.5273437723517418,0.0,0.405,0.0,0.0,0,0.715576171875,0.25,0.068553626537323,0.07866251468658447,2142.0201540192515,0.14721981095679013,8,10.0,9,9,8
1,0001,6,m,ZERO THREE FIVE ONE,0.0,21.8978102189781,2.74,4,1,0,3,1,0,0,0.75,0.25,0.0,0.0,1.0,-3,0.25,1.0,-0.4433593650658925,0.6418764976459498,2.4000000000000004,0.0,0.0,0,0.8875325520833334,0.0,0.06331270188093185,0.06351931393146515,2162.1373171572386,0.17074019820601852,8,10.0,9,9,8
2,0001,6,m,THREE TWO TWO SEVEN,0.0,93.38521400778211,2.57,4,4,0,0,4,0,0,0.0,1.0,0.0,0.0,1.0,0,1.0,1.0,-0.43320312201976774,0.6484287682663676,0.455,0.10666666666666662,0.17999999999999994,0,0.85595703125,0.0,0.06067698821425438,0.0581669807434082,2447.45859352794,0.20768694196428572,9,10.0,10,10,9
3,0001,6,m,ELEPHANTS TAI GOOSE,0.6666666666666666,69.4980694980695,2.59,3,3,2,0,1,0,0,0.0,0.3333333333333333,0.0,0.0,0.3333333333333333,0,1.0,1.0,-0.74853515625,0.47305900297538567,0.7399999999999999,0.0,0.0,0,0.50244140625,0.6666666666666666,0.050431590527296066,0.04978417232632637,2817.2051757157906,0.2609675480769231,10,10.0,9,9,9
4,0001,6,m,TOM GIVES UP BOXING,0.5,113.74407582938389,2.11,4,4,2,0,2,0,0,0.0,0.5,0.0,0.0,0.5,0,1.0,1.0,-0.5707465277777778,0.5651034157960176,0.38999999999999996,0.04,0.12,0,0.726806640625,0.0,0.06554538011550903,0.07060804218053818,2382.531396295232,0.18584498355263157,9,10.0,9,10,9
5,0001,6,m,HE HATES SHOOTING,1.0,101.12359550561797,1.78,3,3,3,0,0,0,0,0.0,0.0,0.0,0.0,0.0,0,1.0,1.0,-0.3878348299435207,0.0,0.49333333333333335,0.0,0.0,0,0.9391276041666666,0.0,0.06109129264950752,0.06306992471218109,2881.9040482865344,0.24118079668209877,9,10.0,9,9,9
6,0001,6,m,MANDY HAS A BIG ARM,1.0,128.75536480686694,2.33,5,5,5,0,0,0,0,0.0,0.0,0.0,0.0,0.0,0,1.0,1.0,-0.5,0.0,0.42400000000000004,0.0,0.0,0,0.9228515625,0.0,0.07860326021909714,0.06875656545162201,1906.9079433088623,0.12061050257731959,10,10.0,9,9,9
7,0001,6,m,LOOK AT ANN'S PANTS,1.0,107.14285714285714,2.24,4,4,4,0,0,0,0,0.0,0.0,0.0,0.0,0.0,0,1.0,1.0,-0.7022569444444444,0.0,0.47500000000000003,0.0,0.0,0,0.74609375,0.25,0.0736449658870697,0.07189033925533295,2573.9355759178156,0.2234438004032258,10,10.0,9,9,9
8,0001,6,m,WHAT ABOUT THE BUS,1.0,160.0,1.5,4,4,4,0,0,0,0,0.0,0.0,0.0,0.0,0.0,0,1.0,1.0,-0.4497070237994194,0.0,0.29,0.0,0.0,0,0.822509765625,0.0,0.07169504463672638,0.07271315902471542,2396.0597295551183,0.21395464085820895,9,10.0,9,8,8
9,0001,6,m,THEN HE WENT TO THEME PARK,0.3333333333333333,97.5609756097561,2.46,6,4,2,2,2,0,0,0.3333333333333333,0.3333333333333333,0.0,0.0,0.6666666666666666,-2,0.6666666666666666,1.0,-0.8092447916666666,0.44519415363373627,0.5700000000000001,0.0,0.0,0,0.7073465983072916,0.25,0.04870106279850006,0.0414547473192215,2337.8603062099846,0.1629145196143617,6,10.0,9,8,5
10,0001,6,m,LET'S GO TO THE RESTROOM,1.0,138.88888888888889,2.16,5,5,5,0,0,0,0,0.0,0.0,0.0,0.0,0.0,0,1.0,1.0,-0.41093748807907104,0.0,0.396,0.0,0.0,0,0.96083984375,0.0,0.08184497058391571,0.08277583122253418,2321.704577351751,0.1719788896276596,9,10.0,9,9,9
11,0001,6,m,THEN MIKE WALKS TO COFFEE,1.0,120.0,2.5,5,5,5,0,0,0,0,0.0,0.0,0.0,0.0,0.0,0,1.0,1.0,-0.7070312619209289,0.0,0.40800000000000003,0.07,0.28,0,0.673388671875,0.4,0.05764525383710861,0.061644259840250015,2244.6912743646203,0.1832604041466346,9,10.0,9,9,8
12,0001,6,m,SO MARY WENT ON TO STUDY,1.0,138.996138996139,2.59,6,6,6,0,0,0,0,0.0,0.0,0.0,0.0,0.0,0,1.0,1.0,-0.49101564288139343,0.0,0.39666666666666667,0.0,0.0,0,0.8916422526041666,0.16666666666666666,0.0875726044178009,0.0755641758441925,2132.6430083186383,0.16293990946261683,9,10.0,9,9,9
13,0001,6,m,KATE GOT THE TOMATO,0.5,118.22660098522168,2.03,4,4,2,0,2,0,0,0.0,0.5,0.0,0.0,0.5,0,1.0,1.0,-0.8141741241727557,0.4430050434792702,0.43999999999999995,0.0,0.0,0,0.4141998291015625,0.75,0.06669866293668747,0.07033153623342514,2032.775825812321,0.13544170673076922,8,10.0,8,8,8
14,0001,6,m,TINA LOVES EGGPLANT,1.0,84.50704225352113,2.13,3,3,3,0,0,0,0,0.0,0.0,0.0,0.0,0.0,0,1.0,1.0,-0.6780133928571429,0.0,0.64,0.0,0.0,0,0.85302734375,0.0,0.06161978840827942,0.06444628536701202,2513.0390222695864,0.2042369275990099,8,10.0,9,9,8
15,0001,6,m,DORA IS NOT A CLEANER,0.8,122.95081967213116,2.44,5,5,4,0,1,0,0,0.0,0.2,0.0,0.0,0.2,0,1.0,1.0,-0.4585937440395355,0.632172016388187,0.376,0.0,0.0,0,0.884033203125,0.0,0.130267933011055,0.11423563212156296,1892.9313910671676,0.1345543494591346,8,10.0,9,9,8
16,0001,6,m,MARK LIVED IN NEW YORK,1.0,111.52416356877325,2.69,5,5,5,0,0,0,0,0.0,0.0,0.0,0.0,0.0,0,1.0,1.0,-0.6840277777777778,0.0,0.496,0.0,0.0,0,0.7215087890625,0.4,0.07208860665559769,0.07558011263608932,1860.8685791421258,0.129052734375,9,10.0,9,9,9
17,0001,6,m,BOB LIVES IN CAIRO NOW,0.8,116.27906976744185,2.58,5,5,4,0,1,0,0,0.0,0.2,0.0,0.0,0.2,0,1.0,1.0,-0.6974431601437655,0.4978566174683095,0.4680000000000001,0.0,0.0,0,0.788720703125,0.4,0.07636958360671997,0.07987865805625916,2005.58794578458,0.15670035649271843,8,10.0,9,8,8
18,0001,6,m,BYE,1.0,74.07407407407406,0.81,1,1,1,0,0,0,0,0.0,0.0,0.0,0.0,0.0,0,1.0,1.0,-0.45234375,0.0,0.22000000000000008,0.0,0.0,0,0.919921875,0.0,0.04574327915906906,0.06934922933578491,2203.0057179200207,0.14547096108490565,10,10.0,10,10,10
19,0001,6,m,TREES,1.0,56.60377358490566,1.06,1,1,1,0,0,0,0,0.0,0.0,0.0,0.0,0.0,0,1.0,1.0,-0.6787109524011612,0.0,1.06,0.0,0.0,0,0.54150390625,1.0,0.05151834711432457,0.07960883527994156,2578.912533114804,0.23397686298076922,9,10.0,10,9,9
20,0005,6,m,MIKE LIKES THE WHITE ONE,1.0,80.64516129032258,3.72,5,5,5,0,0,0,0,0.0,0.0,0.0,0.0,0.0,0,1.0,1.0,-0.4743923611111111,0.0,0.728,0.0,0.0,0,0.85380859375,0.2,0.07561683654785156,0.06380830705165863,2363.7262335382734,0.19096105238970587,8,10.0,6,7,7
21,0005,6,m,ITS NAME IS SAY,0.5,103.44827586206898,2.32,4,4,2,0,2,0,0,0.0,0.5,0.0,0.0,0.5,0,1.0,1.0,-0.5200195163488388,0.5945089452130105,0.5349999999999999,0.0,0.0,0,0.6626739501953125,0.25,0.07033378630876541,0.06611368060112,2521.932161712084,0.22455342610677084,7,10.0,7,7,7
22,0005,6,m,BILLY LOVES AMERICA,1.0,65.45454545454545,2.75,3,3,3,0,0,0,0,0.0,0.0,0.0,0.0,0.0,0,1.0,1.0,-0.6835937670298985,0.0,0.8466666666666667,0.0,0.0,0,0.7535807291666666,0.0,0.058950647711753845,0.05104609206318855,2111.685886958594,0.16405436197916667,7,10.0,6,6,6
23,0005,6,m,TWO TWO EIGHT SEVEN,0.0,36.36363636363637,1.65,4,1,0,3,1,0,0,0.75,0.25,0.0,0.0,1.0,-3,0.25,1.0,-0.454296875,0.6348942210431604,1.44,0.0,0.0,0,0.744873046875,0.0,0.027218397706747055,0.026687683537602425,2645.512342013185,0.21886923146802326,8,10.0,8,8,8
24,0005,6,m,FOUR FIVE FOUR SEVEN,0.0,114.28571428571428,2.1,4,4,0,0,4,0,0,0.0,1.0,0.0,0.0,1.0,0,1.0,1.0,-0.4402343720197678,0.643885494653485,0.44500000000000006,0.07999999999999996,0.11999999999999988,0,0.74951171875,0.25,0.016421539708971977,0.014108804985880852,3066.7724688470676,0.3170247395833333,7,10.0,8,7,7
25,0005,6,m,FIVE THREE NINE ZERO,0.0,28.436018957345972,2.11,4,1,0,3,1,0,0,0.75,0.25,0.0,0.0,1.0,-3,0.25,1.0,-0.6477864583333334,0.523202626735236,1.9999999999999998,0.0,0.0,0,0.4026692708333333,1.0,0.022999176755547523,0.016527632251381874,2852.7107665714175,0.24292272808908047,8,10.0,8,7,8
26,0005,6,m,SIX FIVE THREE,0.0,115.38461538461537,1.56,3,3,0,0,3,0,0,0.0,1.0,0.0,0.0,1.0,0,1.0,1.0,-0.4553222432732582,0.6342435542955557,0.52,0.0,0.0,0,0.6264241536458334,0.3333333333333333,0.030496180057525635,0.027066389098763466,3345.119639138576,0.3434817891725352,7,10.0,8,7,7
27,0005,6,m,TWO FIVE EIGHT,0.0,43.47826086956522,1.38,3,1,0,2,1,0,0,0.6666666666666666,0.3333333333333333,0.0,0.0,1.0,-2,0.3333333333333333,1.0,-0.46796875,0.6262730943859613,1.2999999999999998,0.0,0.0,0,0.6829833984375,0.0,0.026885896921157837,0.03092457726597786,2731.954290132847,0.26491808535447764,7,10.0,9,8,7
28,0005,6,m,WE LESS MEAT,0.0,146.34146341463415,1.64,3,4,0,0,3,1,0,0.0,1.0,0.3333333333333333,0.0,1.3333333333333333,1,1.3333333333333333,1.0,-0.7572544813156128,0.46895217814255236,0.375,0.0,0.0,0,0.4479522705078125,0.5,0.030841419473290443,0.02865603007376194,2833.346895179322,0.2645717075892857,9,10.0,8,8,8
29,0005,6,m,DOSE MIKE LIKE THE HAMBURGER,0.4,109.0909090909091,2.75,5,5,2,0,3,0,0,0.0,0.6,0.0,0.0,0.6,0,1.0,1.0,-1.0039062023162841,0.36644523262424517,0.40800000000000003,0.15000000000000002,0.6000000000000001,0,0.5273193359375,0.6,0.01591913402080536,0.01094641350209713,2763.238491259828,0.23611828512396693,7,10.0,7,6,7
30,0005,6,m,ANNIE WANT HAVE SOME PRETTIES,0.6,109.375,3.84,5,7,3,0,2,2,0,0.0,0.4,0.4,0.0,0.8,2,1.4,1.0,-0.6231970970447247,0.5362273233760246,0.5,0.0,0.0,0,0.719999767485119,0.2857142857142857,0.020488491281867027,0.013784490525722504,2980.526835676324,0.2588726723030822,7,10.0,6,6,6
31,0005,6,m,KATE'S GOT SOME GREY,0.0,131.14754098360655,1.83,4,4,0,0,4,0,0,0.0,1.0,0.0,0.0,1.0,0,1.0,1.0,-0.7725694444444444,0.46182490906342977,0.405,0.0,0.0,0,0.5123367309570312,0.75,0.05636003986001015,0.07987233996391296,2970.300175973725,0.3058796672077922,6,7.5,7,7,5
32,0005,6,m,LOOK AT JOHN'S SWEATER,0.75,135.59322033898303,1.77,4,4,3,0,1,0,0,0.0,0.25,0.0,0.0,0.25,0,1.0,1.0,-0.44614955357142855,0.6400880374510696,0.41500000000000004,0.0,0.0,0,0.64056396484375,0.25,0.048363637179136276,0.042483851313591,2903.896239438884,0.26397772149725274,7,10.0,6,7,7
33,0005,6,m,TIM HAS A BEAUTIFUL TELL,0.8,136.986301369863,2.19,5,5,4,0,1,0,0,0.0,0.2,0.0,0.0,0.2,0,1.0,1.0,-0.7951388888888888,0.45151851966195805,0.41600000000000004,0.0,0.0,0,0.73973388671875,0.2,0.05468713492155075,0.04963384196162224,2329.451322343391,0.18492296006944445,7,10.0,8,6,7
34,0005,6,m,JIM LIKES YOUR BLUE SHORE,0.0,101.69491525423729,2.36,5,4,0,1,4,0,0,0.2,0.8,0.0,0.0,1.0,-1,0.8,1.0,-1.0514322519302368,0.3494369088448636,0.43200000000000005,0.02999999999999997,0.11999999999999988,0,0.40921630859375,0.8,0.08905733376741409,0.07095181941986084,2431.584664403727,0.195068359375,8,10.0,8,7,7
35,0005,6,m,ANNIE WENT WALKING THEM PARK,0.2,96.15384615384615,3.12,5,5,1,0,4,0,0,0.0,0.8,0.0,0.0,0.8,0,1.0,1.0,-0.8650173611111112,0.4210442427679863,0.596,0.0,0.0,0,0.562109375,0.6,0.015314804390072823,0.01207040622830391,2697.0797620788403,0.21411331300813008,8,10.0,8,6,7
36,0005,6,m,LAYLA CAN SEE THE HOMETOWN,0.2,142.37288135593218,2.95,5,7,1,0,4,2,0,0.0,0.8,0.4,0.0,1.2,2,1.4,1.0,-0.9166666666666666,0.39984965434484737,0.35714285714285715,0.04,0.24,0,0.46518380301339285,0.5714285714285714,0.050867561250925064,0.0458848811686039,2334.9001520225347,0.17367989676339285,6,10.0,7,6,5
37,0005,6,m,SO TINA WENT ON TO WASHROOM,0.6666666666666666,77.12082262210797,3.89,6,5,4,1,1,0,0,0.16666666666666666,0.16666666666666666,0.0,0.0,0.3333333333333333,-1,0.8333333333333334,1.0,-0.5390625108372081,0.5832948287098905,0.736,0.0,0.0,0,0.82598876953125,0.2,0.049259159713983536,0.035193491727113724,2219.2917562347593,0.17034661279965754,6,10.0,6,5,5
38,0005,6,m,ALL WITH HIM,0.3333333333333333,129.49640287769785,1.39,3,3,1,0,2,0,0,0.0,0.6666666666666666,0.0,0.0,0.6666666666666666,0,1.0,1.0,-0.6085069444444444,0.544162728032634,0.38666666666666666,0.06,0.12,0,0.6494954427083334,0.3333333333333333,0.04091528430581093,0.04430938884615898,2100.9032819696467,0.1706022669057377,8,10.0,7,6,7
39,0005,6,m,GOOD JOB,0.5,171.42857142857142,1.05,2,3,1,0,1,1,0,0.0,0.5,0.5,0.0,1.0,1,1.5,1.0,-0.6204427282015482,0.5377063271342826,0.31333333333333335,0.0,0.0,0,0.3634847005208333,0.6666666666666666,0.04602951928973198,0.06335941702127457,2378.852774473473,0.162060546875,9,10.0,9,7,8
40,0006,6,f,JAYME IS GOING TO SEE HEN,0.6666666666666666,135.8490566037736,2.65,6,6,4,0,2,0,0,0.0,0.3333333333333333,0.0,0.0,0.3333333333333333,0,1.0,1.0,-0.4976562559604645,0.6079538795110953,0.39666666666666667,0.0,0.0,0,0.8609212239583334,0.16666666666666666,0.038403335958719254,0.03018943965435028,2939.3703218376595,0.2245154747596154,9,10.0,9,9,9
41,0006,6,f,DORA IS COME FROM JAPAN,1.0,123.96694214876034,2.42,5,5,5,0,0,0,0,0.0,0.0,0.0,0.0,0.0,0,1.0,1.0,-0.4523437678813934,0.0,0.43599999999999994,0.0,0.0,0,0.909228515625,0.0,0.03860841691493988,0.034297168254852295,2481.475753494373,0.18965418198529413,9,10.0,9,8,8
42,0006,6,f,SIX ONE SIX ZERO,0.0,102.12765957446808,2.35,4,4,0,0,4,0,0,0.0,1.0,0.0,0.0,1.0,0,1.0,1.0,-0.5256696428571429,0.5911593661459501,0.535,0.0,0.0,0,0.6552734375,0.5,0.042139939963817596,0.037697579711675644,3302.1383558404023,0.30670907564252337,9,10.0,9,9,9
43,0006,6,f,FIVE TWO FOUR SEVEN,0.0,97.165991902834,2.47,4,4,0,0,4,0,0,0.0,1.0,0.0,0.0,1.0,0,1.0,1.0,-0.48046876083720813,0.618493398359443,0.4700000000000001,0.07333333333333332,0.1399999999999999,0,0.8514404296875,0.25,0.055126890540122986,0.054949965327978134,2756.199793641026,0.2327904794730392,9,10.0,9,9,9
44,0006,6,f,ZERO THREE FIVE,0.0,30.150753768844226,1.99,3,1,0,2,1,0,0,0.6666666666666666,0.3333333333333333,0.0,0.0,1.0,-2,0.3333333333333333,1.0,-0.693359375,0.4998939140357966,1.78,0.0,0.0,0,0.7264404296875,0.0,0.0576862208545208,0.06258596479892731,2483.9686687976264,0.19166035554846939,8,10.0,9,9,8
45,0006,6,f,PHONE PARTS TICKETS,1.0,85.71428571428571,2.1,3,3,3,0,0,0,0,0.0,0.0,0.0,0.0,0.0,0,1.0,1.0,-0.6188615901129586,0.0,0.5866666666666667,0.0,0.0,0,0.7344563802083334,0.3333333333333333,0.06187406927347183,0.06124125048518181,3365.8742509828135,0.308056091994382,10,10.0,9,9,9
46,0006,6,f,ANN ATE A LITTLE DOG,0.6,130.43478260869566,2.3,5,5,3,0,2,0,0,0.0,0.4,0.0,0.0,0.4,0,1.0,1.0,-0.6470170346173373,0.5236053461555861,0.372,0.04999999999999999,0.19999999999999996,0,0.756591796875,0.2,0.0641193613409996,0.05897808074951172,2522.9661232706458,0.1754608154296875,9,10.0,9,9,9
47,0006,6,f,DOES LAYLA LIKE THE JAM,0.8,132.74336283185843,2.26,5,5,4,0,1,0,0,0.0,0.2,0.0,0.0,0.2,0,1.0,1.0,-0.488671875,0.6134405791642259,0.4039999999999999,0.0,0.0,0,0.7760986328125,0.2,0.0751611515879631,0.06936585158109665,2836.7699545023897,0.20576685855263158,10,10.0,10,9,9
48,0006,6,f,KATE LIKES LAMB,1.0,81.81818181818181,2.2,3,3,3,0,0,0,0,0.0,0.0,0.0,0.0,0.0,0,1.0,1.0,-0.4352213442325592,0.0,0.6333333333333334,0.0,0.0,0,0.8037109375,0.0,0.045046769082546234,0.046458419412374496,2865.494955172687,0.2169942652925532,9,10.0,9,9,9
49,0006,6,f,MARK GOT SOME NOODLES,1.0,117.07317073170732,2.05,4,4,4,0,0,0,0,0.0,0.0,0.0,0.0,0.0,0,1.0,1.0,-0.48193359375,0.0,0.45999999999999996,0.0,0.0,0,0.917724609375,0.0,0.06893684715032578,0.06822717934846878,2789.204004920764,0.234594452247191,10,10.0,9,9,9
50,0006,6,f,TOM LIKES THE OLD SWEATER,0.8,118.11023622047244,2.54,5,5,4,0,1,0,0,0.0,0.2,0.0,0.0,0.2,0,1.0,1.0,-0.4254261472008445,0.6534912423202521,0.44800000000000006,0.0,0.0,0,0.9182942708333334,0.0,0.06998459994792938,0.06216549873352051,2950.053417955305,0.249677734375,10,10.0,9,9,9
51,0006,6,f,BOB NEEDS NEW BOOTS,1.0,111.62790697674419,2.15,4,4,4,0,0,0,0,0.0,0.0,0.0,0.0,0.0,0,1.0,1.0,-0.4243164174258709,0.0,0.44499999999999995,0.0,0.0,0,0.85107421875,0.25,0.06290450692176819,0.06854207813739777,2752.7158502313555,0.22551912006578947,10,10.0,10,9,9
52,0006,6,f,TOM CAN SEE THE MOTOR CYCLE,0.6666666666666666,137.61467889908255,2.18,6,5,4,1,1,0,0,0.16666666666666666,0.16666666666666666,0.0,0.0,0.3333333333333333,-1,0.8333333333333334,1.0,-0.4294704861111111,0.6508536395364026,0.37600000000000006,0.0,0.0,0,0.9509765625,0.0,0.07247044146060944,0.06128813698887825,2728.2530213327614,0.2194558323019802,10,10.0,10,9,9
53,0006,6,f,HE LEFT THE FRUIT STAND,1.0,123.45679012345678,2.43,5,5,5,0,0,0,0,0.0,0.0,0.0,0.0,0.0,0,1.0,1.0,-0.4700520833333333,0.0,0.43200000000000005,0.0,0.0,0,0.885009765625,0.2,0.07065810263156891,0.07095438987016678,3300.0342720072017,0.3057162090412621,10,10.0,9,8,9
54,0006,6,f,LET'S GO TO THE GYM,1.0,168.53932584269663,1.78,5,5,5,0,0,0,0,0.0,0.0,0.0,0.0,0.0,0,1.0,1.0,-0.27695312798023225,0.0,0.308,0.0,0.0,0,0.98203125,0.0,0.07438361644744873,0.07850302010774612,2642.1110938098805,0.2087497463474026,10,10.0,9,8,9
55,0006,6,f,SO MARK WHEN TO THE PET SHOP,0.8571428571428571,184.21052631578948,2.28,7,7,6,0,1,0,0,0.0,0.14285714285714285,0.0,0.0,0.14285714285714285,0,1.0,1.0,-0.2269531309604645,0.7969581340771058,0.2828571428571428,0.0,0.0,0,0.798583984375,0.14285714285714285,0.06750199943780899,0.07094334810972214,2708.8964129887513,0.21137544297680413,10,10.0,10,9,9
56,0006,6,f,SO ALICE WENT ON TO VILLAGE,1.0,133.33333333333331,2.7,6,6,6,0,0,0,0,0.0,0.0,0.0,0.0,0.0,0,1.0,1.0,-0.446484375,0.0,0.4000000000000001,0.0,0.0,0,0.80419921875,0.16666666666666666,0.09829572588205338,0.07992644608020782,3053.0616579271446,0.265380859375,9,10.0,8,9,9
57,0006,6,f,NO THAT'S TOMATO,1.0,88.66995073891626,2.03,3,3,3,0,0,0,0,0.0,0.0,0.0,0.0,0.0,0,1.0,1.0,-0.427734375,0.0,0.49333333333333335,0.16999999999999998,0.33999999999999997,0,0.9051106770833334,0.0,0.04671411216259003,0.04800272732973099,2598.0040779621218,0.1870584690824468,10,10.0,9,9,9
58,0006,6,f,I'M NOT A ACTOR,0.75,134.0782122905028,1.79,4,4,3,0,1,0,0,0.0,0.25,0.0,0.0,0.25,0,1.0,1.0,-0.3326822916666667,0.7169979541981831,0.395,0.0,0.0,0,0.87542724609375,0.0,0.058058980852365494,0.05985786393284798,2208.333146222055,0.15400752314814814,9,10.0,9,8,9
59,0006,6,f,WHAT LOVELY CLEAN TEETH,1.0,104.80349344978166,2.29,4,4,4,0,0,0,0,0.0,0.0,0.0,0.0,0.0,0,1.0,1.0,-0.4948730692267418,0.0,0.52,0.0,0.0,0,0.921630859375,0.0,0.04001981019973755,0.04069661721587181,2362.224576166858,0.16124740911989796,9,10.0,9,8,9
60,0026,6,f,LAYLA LOVE BROWN,0.0,65.21739130434783,1.84,3,2,0,1,2,0,0,0.3333333333333333,0.6666666666666666,0.0,0.0,1.0,-1,0.6666666666666666,1.0,-0.6475694444444444,0.5233161812929532,0.8800000000000001,0.0,0.0,0,0.53759765625,1.0,0.029553864151239395,0.030805980786681175,2358.256036592284,0.1943359375,6,10.0,8,8,6
61,0026,6,f,ANDY CAN SEE THE HEN,0.8,114.06844106463879,2.63,5,5,4,0,1,0,0,0.0,0.2,0.0,0.0,0.2,0,1.0,1.0,-0.4583333333333333,0.6323366621862497,0.484,0.0,0.0,0,0.87265625,0.2,0.03828349709510803,0.03659287840127945,2198.594411873078,0.1598095703125,8,10.0,8,9,8
62,0026,6,f,JOHN IS GOING TO SEE COW,0.8333333333333334,140.625,2.56,6,6,5,0,1,0,0,0.0,0.16666666666666666,0.0,0.0,0.16666666666666666,0,1.0,1.0,-0.4761718690395355,0.6211567154646843,0.39666666666666667,0.0,0.0,0,0.8130289713541666,0.3333333333333333,0.033433087170124054,0.02783001773059368,2363.297600231114,0.19147393254950495,9,10.0,9,9,9
63,0026,6,f,ONE ONE ZERO EIGHT,0.0,109.0909090909091,2.2,4,4,0,0,4,0,0,0.0,1.0,0.0,0.0,1.0,0,1.0,1.0,-0.49888392857142855,0.6072079691450386,0.5150000000000001,0.0,0.0,0,0.662200927734375,0.5,0.04997250810265541,0.045872993767261505,1927.6135423503315,0.13458517323369565,8,10.0,9,9,8
64,0026,6,f,THREE ONE SEVEN NINE,0.0,107.62331838565022,2.23,4,4,0,0,4,0,0,0.0,1.0,0.0,0.0,1.0,0,1.0,1.0,-0.555859386920929,0.5735791229321334,0.49,0.0,0.0,0,0.7526741027832031,0.5,0.03950704634189606,0.036177847534418106,2206.486945147441,0.17668805803571427,9,10.0,9,9,8
65,0026,6,f,EIGHT ZERO SIX TWO,0.0,28.985507246376816,2.07,4,1,0,3,1,0,0,0.75,0.25,0.0,0.0,1.0,-3,0.25,1.0,-0.644140625,0.5251136177725301,1.9599999999999997,0.0,0.0,0,0.904052734375,0.0,0.034159548580646515,0.031631242483854294,2600.6242921751186,0.20731476814516128,9,10.0,9,9,9
66,0026,6,f,THREE ZERO EIGHT SEVEN,0.0,33.5195530726257,1.79,4,1,0,3,1,0,0,0.75,0.25,0.0,0.0,1.0,-3,0.25,1.0,-0.578125,0.5609491608144708,1.74,0.0,0.0,0,0.809814453125,0.0,0.04280218109488487,0.04097500443458557,2594.3113813034447,0.206317138671875,9,10.0,9,9,8
67,0026,6,f,ZERO EIGHT THREE ONE,0.0,120.6030150753769,1.99,4,4,0,0,4,0,0,0.0,1.0,0.0,0.0,1.0,0,1.0,1.0,-0.3732421785593033,0.6884984730836576,0.47000000000000003,0.0,0.0,0,0.774017333984375,0.25,0.047043874859809875,0.0420636422932148,2362.0810545091344,0.18971233603395063,9,10.0,9,9,9
68,0026,6,f,SIX EIGHT SIX SEVEN,0.0,86.95652173913044,2.76,4,4,0,0,4,0,0,0.0,1.0,0.0,0.0,1.0,0,1.0,1.0,-0.5046164989471436,0.6037370648360004,0.5249999999999999,0.17333333333333337,0.40000000000000013,0,0.833251953125,0.25,0.03930741176009178,0.0345025472342968,3193.1040705295763,0.28199362098623854,10,10.0,9,9,9
69,0026,6,f,TEDDY GIVES UP SHOOTING,1.0,94.48818897637796,2.54,4,4,4,0,0,0,0,0.0,0.0,0.0,0.0,0.0,0,1.0,1.0,-0.5268554538488388,0.0,0.575,0.0,0.0,0,0.80841064453125,0.25,0.047045473009347916,0.03949009254574776,2620.0546082817377,0.20572916666666666,7,10.0,8,8,7
70,0026,6,f,HE LIKES RACING,1.0,101.12359550561797,1.78,3,3,3,0,0,0,0,0.0,0.0,0.0,0.0,0.0,0,1.0,1.0,-0.2472330629825592,0.0,0.5333333333333333,0.0,0.0,0,0.9407552083333334,0.0,0.015232563018798828,0.014397614635527134,2515.1458620446897,0.20622173108552633,9,10.0,9,8,8
71,0026,6,f,DORA LIKES YOUR RED JEANS,1.0,116.27906976744185,2.58,5,5,5,0,0,0,0,0.0,0.0,0.0,0.0,0.0,0,1.0,1.0,-0.43281251192092896,0.0,0.488,0.0,0.0,0,0.879736328125,0.0,0.02494327910244465,0.02154550887644291,2356.676289128657,0.18872539813701922,8,10.0,9,8,8
72,0026,6,f,BOB LOVES THE NEW CLOTH,0.8,116.73151750972764,2.57,5,5,4,0,1,0,0,0.0,0.2,0.0,0.0,0.2,0,1.0,1.0,-0.4264322916666667,0.6528340663857328,0.492,0.0,0.0,0,0.9455078125,0.0,0.03251048922538757,0.030869606882333755,2372.7569842921225,0.18582727413366337,8,10.0,9,9,8
73,0026,6,f,JOHN NEEDS NEW T SHIRT,1.0,114.9425287356322,2.61,5,5,5,0,0,0,0,0.0,0.0,0.0,0.0,0.0,0,1.0,1.0,-0.5601562321186065,0.0,0.48,0.0,0.0,0,0.765966796875,0.2,0.016217634081840515,0.013751856051385403,2604.998079431337,0.21715156987028303,9,10.0,9,9,9
74,0026,6,f,THEN LILLY WALKS TO MUSIC ROOM,0.8333333333333334,109.4224924012158,3.29,6,6,5,0,1,0,0,0.0,0.16666666666666666,0.0,0.0,0.16666666666666666,0,1.0,1.0,-0.5660511146892201,0.5677630489226438,0.47666666666666674,0.06399999999999999,0.31999999999999995,0,0.8367513020833334,0.16666666666666666,0.022855542600154877,0.017539769411087036,2307.9704803826153,0.17157482710040983,9,10.0,9,9,9
75,0026,6,f,THEN TIM WALKS TO THEM PARK,0.6666666666666666,105.26315789473684,3.42,6,6,4,0,2,0,0,0.0,0.3333333333333333,0.0,0.0,0.3333333333333333,0,1.0,1.0,-0.5791903625835072,0.5603518647922001,0.47,0.09200000000000001,0.4600000000000001,0,0.7119140625,0.3333333333333333,0.01783227175474167,0.01636701449751854,2433.785340265196,0.1941719346374046,9,10.0,8,8,8
76,0026,6,f,THEN MANDY WALKS TO RESTROOM,0.8,118.81188118811882,3.03,5,6,4,0,1,1,0,0.0,0.2,0.2,0.0,0.4,1,1.2,1.0,-0.4833096807653254,0.616738801653096,0.4266666666666667,0.072,0.36,0,0.8048502604166666,0.16666666666666666,0.028941424563527107,0.02348359115421772,2364.298406931161,0.18752848307291667,9,10.0,9,9,9
77,0026,6,f,DO YOU WANT THE PEA,1.0,172.41379310344826,1.74,5,5,5,0,0,0,0,0.0,0.0,0.0,0.0,0.0,0,1.0,1.0,-0.3235677083333333,0.0,0.32,0.0,0.0,0,0.826025390625,0.2,0.01723567396402359,0.01747041754424572,2323.1024746224834,0.16356770833333334,9,10.0,9,9,9
78,0026,6,f,ANDY GOT THE MUSHROOM,1.0,121.2121212121212,1.98,4,4,4,0,0,0,0,0.0,0.0,0.0,0.0,0.0,0,1.0,1.0,-0.4423828199505806,0.0,0.46,0.0,0.0,0,0.911376953125,0.0,0.02085103839635849,0.017391949892044067,2252.0358545042423,0.15803840361445784,10,10.0,9,9,9
79,0026,6,f,NOW FOR THE PARTY,1.0,129.72972972972974,1.85,4,4,4,0,0,0,0,0.0,0.0,0.0,0.0,0.0,0,1.0,1.0,-0.3681640662252903,0.0,0.43500000000000005,0.0,0.0,0,0.8653564453125,0.0,0.021305959671735764,0.022598059847950935,2375.613337744306,0.19759114583333334,9,10.0,9,9,9
80,0048,6,m,IT'S NOT FISH,0.6666666666666666,173.91304347826087,1.38,3,4,2,0,1,1,0,0.0,0.3333333333333333,0.3333333333333333,0.0,0.6666666666666666,1,1.3333333333333333,1.0,-0.5440848214285714,0.5803726850126404,0.285,0.0,0.0,0,0.66363525390625,0.25,0.019602486863732338,0.024203501641750336,2811.8601646243887,0.15912307518115942,8,10.0,8,7,7
81,0048,6,m,JOHN CAN SEE THE SHEEP,0.0,165.74585635359117,1.81,5,5,0,0,5,0,0,0.0,1.0,0.0,0.0,1.0,0,1.0,1.0,-0.84765625,0.42841786054332404,0.308,0.0,0.0,0,0.5313568115234375,0.6,0.045027956366539,0.04170463606715202,2686.259368689855,0.21084385702054795,6,10.0,8,7,5
82,0048,6,m,LYNDA IS GOING TO SEE ELEPHANT,0.5,217.1945701357466,2.21,6,8,3,0,3,2,0,0.0,0.5,0.3333333333333333,0.0,0.8333333333333334,2,1.3333333333333333,1.0,-0.7363281399011612,0.47886903136800696,0.2425,0.0,0.0,0,0.667633056640625,0.375,0.05150942504405975,0.04623318091034889,2554.03652423363,0.19687034970238096,8,10.0,8,7,7
83,0048,6,m,MY CAN DRAW THE GOAT,0.2,174.41860465116278,1.72,5,5,1,0,4,0,0,0.0,0.8,0.0,0.0,0.8,0,1.0,1.0,-0.6072048611111112,0.5448717347441655,0.296,0.0,0.0,0,0.5578857421875,0.6,0.045719344168901443,0.0477159209549427,2071.0725016887286,0.12208958675986842,6,10.0,8,7,6
84,0048,6,m,TINA CAN DRAW THE BALT,0.2,245.6140350877193,1.71,5,7,1,0,4,2,0,0.0,0.8,0.4,0.0,1.2,2,1.4,1.0,-0.828835205598311,0.4365574900080493,0.2057142857142857,0.0,0.0,0,0.44955008370535715,0.7142857142857143,0.029184939339756966,0.031086958944797516,2686.6257227143024,0.10014447773972603,7,10.0,8,7,7
85,0048,6,m,BRO IS FROM JUMP,0.0,191.08280254777068,1.57,4,5,0,0,4,1,0,0.0,1.0,0.25,0.0,1.25,1,1.25,1.0,-0.875781261920929,0.4165364684432027,0.272,0.0,0.0,0,0.48135986328125,0.6,0.03783882036805153,0.04282180219888687,2834.803669283743,0.13892996651785713,6,10.0,8,8,6
86,0048,6,m,ZERO FIVE EIGHT THREE,0.0,170.45454545454547,1.76,4,5,0,0,4,1,0,0.0,1.0,0.25,0.0,1.25,1,1.25,1.0,-0.7902343511581421,0.4537384486906748,0.276,0.035,0.14,0,0.480224609375,0.6,0.029146887362003326,0.03270217031240463,3036.504029861544,0.10814787212171052,5,10.0,7,7,5
87,0048,6,m,FIVE NINE SIX FIVE,0.0,206.8965517241379,1.74,4,6,0,0,4,2,0,0.0,1.0,0.5,0.0,1.5,2,1.5,1.0,-0.6532118055555556,0.520371756987022,0.24,0.0,0.0,0,0.5946044921875,0.5,0.021780550479888916,0.024995435029268265,2839.812350987032,0.21987630208333334,7,10.0,8,8,7
88,0048,6,m,ANN LIKES HULK,0.0,167.83216783216784,1.43,3,4,0,0,3,1,0,0.0,1.0,0.3333333333333333,0.0,1.3333333333333333,1,1.3333333333333333,1.0,-0.7621527777777778,0.4666607280300423,0.305,0.0,0.0,0,0.6069259643554688,0.75,0.07097473740577698,0.07181773334741592,2488.6774320276795,0.1934661865234375,7,10.0,7,8,7
89,0048,6,m,DOES KATE LIKE THE BREAD,0.4,252.63157894736847,1.9,5,8,2,0,3,3,0,0.0,0.6,0.6,0.0,1.2,3,1.6,1.0,-0.7556818290190264,0.46969025708114615,0.2075,0.0,0.0,0,0.483612060546875,0.75,0.017208831384778023,0.01717074029147625,2957.5638314436774,0.07366575677710843,7,10.0,8,8,5
90,0048,6,m,LILLY HAS A BIG LEG,0.2,287.4251497005988,1.67,5,8,1,0,4,3,0,0.0,0.8,0.6,0.0,1.4,3,1.6,1.0,-0.7740384798783523,0.46114696998793603,0.175,0.0,0.0,0,0.5872039794921875,0.375,0.04905261844396591,0.05686002969741821,2484.049867823462,0.10391276041666667,7,10.0,8,7,7
91,0048,6,m,BY THE HAND,0.0,87.5912408759124,1.37,3,2,0,1,2,0,0,0.3333333333333333,0.6666666666666666,0.0,0.0,1.0,-1,0.6666666666666666,1.0,-0.9287109673023224,0.3950626309424196,0.5700000000000001,0.020000000000000018,0.020000000000000018,0,0.446014404296875,1.0,0.03081987425684929,0.041323717683553696,2723.623554051191,0.07855631510416666,4,10.0,7,7,4
92,0048,6,m,LOOK AT THIS BIG JEEP,0.0,233.76623376623377,1.54,5,6,0,0,5,1,0,0.0,1.0,0.2,0.0,1.2,1,1.2,1.0,-0.8860677033662796,0.41227375212834055,0.19666666666666668,0.024,0.12,0,0.4296366373697917,0.6666666666666666,0.031884703785181046,0.03907740116119385,2296.064611543284,0.10630580357142858,5,10.0,8,7,5
93,0048,6,m,SO HE WHEN TO T V ROOM,0.42857142857142855,180.90452261306535,1.99,7,6,3,1,3,0,0,0.14285714285714285,0.42857142857142855,0.0,0.0,0.5714285714285714,-1,0.8571428571428571,1.0,-0.9175347222222222,0.3995027132348709,0.2966666666666667,0.0,0.0,0,0.41632080078125,0.6666666666666666,0.05370404198765755,0.053261227905750275,2635.5403588586582,0.10948218368902439,7,10.0,8,8,7
94,0048,6,m,SO BILLY WENT INTO THE PET SHOP,0.0,257.5107296137339,2.33,7,10,0,0,7,3,0,0.0,1.0,0.42857142857142855,0.0,1.4285714285714286,3,1.4285714285714286,1.0,-1.137695275247097,0.3205569666855878,0.162,0.015555555555555545,0.1399999999999999,0,0.4533721923828125,0.7,0.07753865420818329,0.08422031998634338,2297.02175168979,0.14903652545103094,5,10.0,6,6,4
95,0048,6,m,LIKES THE STRING BEAN,0.0,112.49999999999999,1.6,4,3,0,1,3,0,0,0.25,0.75,0.0,0.0,1.0,-1,0.75,1.0,-0.5909598214285714,0.5537954847854974,0.45333333333333337,0.0,0.0,0,0.6556599934895834,0.3333333333333333,0.03932624310255051,0.04408429190516472,2642.008492079925,0.12777132601351351,6,10.0,8,7,5
96,0048,6,m,SHE WANTS DO A STUDENT,0.0,236.45320197044336,2.03,5,8,0,0,5,3,0,0.0,1.0,0.6,0.0,1.6,3,1.6,1.0,-0.6266740901129586,0.5343661022911532,0.205,0.017142857142857126,0.11999999999999988,0,0.72271728515625,0.25,0.06263965368270874,0.06154583767056465,2650.3572149258616,0.1976996527777778,5,10.0,7,7,4
97,0048,6,m,WHAT WILL YOU CAT,0.5,198.8950276243094,1.81,4,6,2,0,2,2,0,0.0,0.5,0.5,0.0,1.0,2,1.5,1.0,-0.5898437716744163,0.5544138931231921,0.25666666666666665,0.0,0.0,0,0.6000569661458334,0.3333333333333333,0.04328552633523941,0.0605301596224308,2388.887523667386,0.09326814350328948,7,10.0,7,8,6
98,0048,6,m,COME AND SEE MY DOWN,0.6,205.71428571428572,1.75,5,6,3,0,2,1,0,0.0,0.4,0.2,0.0,0.6,1,1.2,1.0,-0.5152699080380526,0.5973393461671143,0.24333333333333332,0.0040000000000000036,0.020000000000000018,0,0.6559244791666666,0.5,0.057124778628349304,0.059615425765514374,2364.5005972616755,0.10104209498355263,7,10.0,7,7,7
99,0048,6,m,I'M NOT AT ALL FREED,0.0,202.24719101123594,1.78,5,6,0,0,5,1,0,0.0,1.0,0.2,0.0,1.2,1,1.2,1.0,-0.5426136472008445,0.5812271427232766,0.24666666666666667,0.0,0.0,0,0.6737874348958334,0.5,0.06060509756207466,0.055180978029966354,2323.976990491985,0.09615969967532467,7,10.0,8,7,7
100,0053,6,f,MIKE LIKES THE ORANGE ONE,1.0,100.33444816053512,2.99,5,5,5,0,0,0,0,0.0,0.0,0.0,0.0,0.0,0,1.0,1.0,-0.4769965277777778,0.0,0.556,0.0,0.0,0,0.876171875,0.2,0.06599469482898712,0.061976756900548935,2461.9615560418856,0.2030952785326087,8,10.0,9,8,8
101,0053,6,f,ANN CAN WE HAVE THE PEACH,0.8333333333333334,124.13793103448276,2.9,6,6,5,0,1,0,0,0.0,0.16666666666666666,0.0,0.0,0.16666666666666666,0,1.0,1.0,-0.481640625,0.6177690326230013,0.31,0.0,0.0,0,0.7856852213541666,0.16666666666666666,0.06842754781246185,0.06497170031070709,2583.654063284271,0.20672859633264462,9,10.0,9,8,8
102,0053,6,f,LILLY CAN DRAW THE TIGER,0.8,106.00706713780919,2.83,5,5,4,0,1,0,0,0.0,0.2,0.0,0.0,0.2,0,1.0,1.0,-0.8515625,0.4267476175926629,0.524,0.0,0.0,0,0.6736572265625,0.2,0.0407240130007267,0.04016150161623955,2420.1957704571646,0.1692170516304348,8,10.0,9,8,8
103,0053,6,f,THREE THREE NINE,0.0,86.53846153846155,2.08,3,3,0,0,3,0,0,0.0,1.0,0.0,0.0,1.0,0,1.0,1.0,-0.5903320088982582,0.55414327369177,0.46000000000000013,0.1499999999999999,0.15999999999999992,0,0.6371663411458334,0.3333333333333333,0.03855178877711296,0.04368545860052109,2728.2760903631056,0.2092556423611111,7,10.0,9,8,7
104,0053,6,f,SIX FOUR FIVE SIX,0.0,88.56088560885608,2.71,4,4,0,0,4,0,0,0.0,1.0,0.0,0.0,1.0,0,1.0,1.0,-0.5203125,0.5943347893252536,0.48,0.14000000000000004,0.15999999999999992,0,0.82568359375,0.0,0.027864040806889534,0.03424391523003578,3407.141593291835,0.362640380859375,9,10.0,9,9,8
105,0053,6,f,FOUR THREE FOUR TWO,0.0,96.0,2.5,4,4,0,0,4,0,0,0.0,1.0,0.0,0.0,1.0,0,1.0,1.0,-0.4738281011581421,0.6226142700412777,0.48999999999999994,0.08000000000000007,0.10000000000000009,0,0.81317138671875,0.25,0.03172994777560234,0.03449618071317673,2553.853071623784,0.22310965401785715,9,10.0,9,8,8
106,0053,6,f,ONE NINE FOUR,0.0,36.36363636363637,1.65,3,1,0,2,1,0,0,0.6666666666666666,0.3333333333333333,0.0,0.0,1.0,-2,0.3333333333333333,1.0,-0.6337890475988388,0.5305776036767084,1.44,0.0,0.0,0,0.4638671875,1.0,0.02011219970881939,0.023192452266812325,2256.798546951933,0.17507789248511904,9,10.0,9,9,8
107,0053,6,f,BOOTS MOUNTAINS TREES,0.6666666666666666,70.58823529411765,2.55,3,3,2,0,1,0,0,0.0,0.3333333333333333,0.0,0.0,0.3333333333333333,0,1.0,1.0,-0.516015601158142,0.596894080362775,0.5133333333333333,0.4,0.7,0,0.7661946614583334,0.0,0.02351435273885727,0.02409220114350319,3192.5131694972,0.316123046875,9,10.0,9,9,9
108,0053,6,f,SIR THREE PLANTING GRAFF,0.0,83.91608391608392,2.86,4,4,0,0,4,0,0,0.0,1.0,0.0,0.0,1.0,0,1.0,1.0,-0.9603365751413199,0.38276403543306564,0.655,0.0,0.0,0,0.4924468994140625,0.75,0.024086877703666687,0.02648734487593174,2928.002293915851,0.26796959186422414,7,10.0,8,7,7
109,0053,6,f,SANDWICH GIVE HIM,0.3333333333333333,92.66409266409266,2.59,3,4,1,0,2,1,0,0.0,0.6666666666666666,0.3333333333333333,0.0,1.0,1,1.3333333333333333,1.0,-0.8369140774011612,0.4330448063775825,0.54,0.0,0.0,0,0.54327392578125,0.75,0.025823447853326797,0.026300085708498955,2943.5575297146547,0.2623558407738095,6,10.0,8,7,6
110,0053,6,f,LAYLA WANTS HAVE SOME BISCUIT,0.6,109.0909090909091,3.3,5,6,3,0,2,1,0,0.0,0.4,0.2,0.0,0.6,1,1.2,1.0,-0.5542968928813934,0.574476037422213,0.5199999999999999,0.0,0.0,0,0.8068033854166666,0.16666666666666666,0.02725573629140854,0.03091594949364662,3007.4679819673224,0.26310450594190143,8,10.0,8,7,7
111,0053,6,f,JIM ATE A LITTLE CAKE,0.6,101.35135135135135,2.96,5,5,3,0,2,0,0,0.0,0.4,0.0,0.0,0.4,0,1.0,1.0,-0.6475694444444444,0.5233161812929532,0.544,0.0,0.0,0,0.75390625,0.2,0.028252175077795982,0.02579239197075367,2896.043020256744,0.25143636067708336,7,10.0,8,7,7
112,0053,6,f,LIYA LIKES THE OLD SAFE,0.6,182.9268292682927,3.28,5,10,3,0,2,5,0,0.0,0.4,1.0,0.0,1.4,5,2.0,1.0,-0.6879111716621801,0.5026248703742953,0.26199999999999996,0.04666666666666666,0.41999999999999993,0,0.61868896484375,0.4,0.03465243801474571,0.034153737127780914,2921.6049045110435,0.25587938652663933,8,10.0,8,7,8
113,0053,6,f,MIKE CAN SEE THE TRAIN,0.8,114.9425287356322,2.61,5,5,4,0,1,0,0,0.0,0.2,0.0,0.0,0.2,0,1.0,1.0,-0.5885416666666666,0.555136268431983,0.48,0.0,0.0,0,0.74677734375,0.2,0.022725548595190048,0.019778743386268616,2971.1216799008084,0.23524827223557693,8,10.0,9,8,7
114,0053,6,f,THEN JAYME WALKS TO TOILET,0.8,95.54140127388534,3.14,5,5,4,0,1,0,0,0.0,0.2,0.0,0.0,0.2,0,1.0,1.0,-0.7886718571186065,0.45444796647656716,0.5599999999999999,0.0,0.0,0,0.634912109375,0.4,0.03558214753866196,0.03817096725106239,2791.8351862066397,0.24853515625,7,10.0,8,8,7
115,0053,6,f,THEN TOM WALKS TO ART ROOM,0.5,104.95626822157433,3.43,6,6,3,0,3,0,0,0.0,0.5,0.0,0.0,0.5,0,1.0,1.0,-0.5578125178813934,0.5724599410989835,0.5366666666666667,0.0,0.0,0,0.7650146484375,0.16666666666666666,0.02837451919913292,0.024915289133787155,2733.2063864467227,0.23096084594726562,8,10.0,8,8,8
116,0053,6,f,SHE LIKES THE BIG GREEN CITY LONDON,0.7142857142857143,93.33333333333334,4.5,7,7,5,0,2,0,0,0.0,0.2857142857142857,0.0,0.0,0.2857142857142857,0,1.0,1.0,-0.778125007947286,0.45926632522217276,0.5857142857142856,0.0,0.0,0,0.6402820405505952,0.5714285714285714,0.043006982654333115,0.041184261441230774,2643.827793694256,0.21262038128930819,4,10.0,8,7,4
117,0053,6,f,I WILL GO TO MEN,1.0,128.57142857142858,2.8,5,6,5,0,0,1,0,0.0,0.0,0.2,0.0,0.2,1,1.2,1.0,-0.556250023841858,0.5733551055072293,0.33,0.0,0.0,0,0.7463175455729166,0.3333333333333333,0.04007871076464653,0.03929002955555916,2290.619241355309,0.1798728660300926,8,10.0,9,7,8
118,0053,6,f,WHERE DID THAT COME FROM,1.0,113.20754716981132,2.65,5,5,5,0,0,0,0,0.0,0.0,0.0,0.0,0.0,0,1.0,1.0,-0.6024305555555556,0.0,0.488,0.0,0.0,0,0.6828369140625,0.4,0.02732505276799202,0.03103724680840969,2722.6094385482356,0.24200003487723215,8,10.0,8,8,7
119,0053,6,f,I ONLY WANT ONE,0.75,94.48818897637796,2.54,4,4,3,0,1,0,0,0.0,0.25,0.0,0.0,0.25,0,1.0,1.0,-0.5615234598517418,0.5703395123047041,0.41500000000000004,0.0,0.0,0,0.6663818359375,0.25,0.027142753824591637,0.027268262580037117,2618.7396748669703,0.21516927083333334,8,10.0,8,8,8
120,0054,6,m,MIKE LOVE GARDEN,1.0,92.78350515463917,1.94,3,3,3,0,0,0,0,0.0,0.0,0.0,0.0,0.0,0,1.0,1.0,-0.7036132961511612,0.0,0.5199999999999999,0.10000000000000003,0.20000000000000007,0,0.7838541666666666,0.0,0.059996724128723145,0.06589426845312119,2722.801062274677,0.25025237008426965,9,10.0,9,9,8
121,0054,6,m,MARK LOVE PORTER,0.6666666666666666,79.29515418502201,2.27,3,3,2,0,1,0,0,0.0,0.3333333333333333,0.0,0.0,0.3333333333333333,0,1.0,1.0,-0.8795573314030966,0.4149665636966059,0.7200000000000001,0.0,0.0,0,0.4815266927083333,1.0,0.02693980373442173,0.02525409497320652,2602.2893350278364,0.22720548422029702,8,10.0,8,8,7
122,0054,6,m,JAYME CAN SEE THE DOG,0.8,133.92857142857142,2.24,5,5,4,0,1,0,0,0.0,0.2,0.0,0.0,0.2,0,1.0,1.0,-0.5425347222222222,0.5812730178734145,0.4,0.0,0.0,0,0.8578125,0.2,0.04547799006104469,0.05004594475030899,2675.6058410864152,0.19708944104381443,8,10.0,9,8,8
123,0054,6,m,BILLY IS GOING TO SEE FOX,1.0,119.20529801324503,3.02,6,6,6,0,0,0,0,0.0,0.0,0.0,0.0,0.0,0,1.0,1.0,-0.44335938692092897,0.0,0.4366666666666667,0.0,0.0,0,0.9014485677083334,0.0,0.041872404515743256,0.042137883603572845,3083.429969209646,0.29250409526209675,8,10.0,9,9,8
124,0054,6,m,SIX EIGHT FOUR SIX,0.0,80.53691275167786,2.98,4,4,0,0,4,0,0,0.0,1.0,0.0,0.0,1.0,0,1.0,1.0,-0.5546874891627919,0.5742516930351372,0.585,0.1866666666666668,0.2400000000000001,0,0.8699951171875,0.25,0.0214171651750803,0.020952336490154266,3515.51110144594,0.35252705558401637,9,10.0,9,8,8
125,0054,6,m,FIVE FIVE NINE ONE,0.0,90.22556390977444,2.66,4,4,0,0,4,0,0,0.0,1.0,0.0,0.0,1.0,0,1.0,1.0,-0.6199218571186066,0.5379864757655282,0.5449999999999999,0.10000000000000005,0.14000000000000012,0,0.7261962890625,0.25,0.04350665956735611,0.04509349912405014,2516.677190893891,0.1794754182449495,9,10.0,9,8,9
126,0054,6,m,QUICK PAST PHOTO,0.6666666666666666,102.56410256410257,2.34,3,4,2,0,1,1,0,0.0,0.3333333333333333,0.3333333333333333,0.0,0.6666666666666666,1,1.3333333333333333,1.0,-0.9248798076923077,0.396579081965623,0.5,0.0,0.0,0,0.5008697509765625,0.75,0.037177037447690964,0.04599153250455856,2582.9103243788936,0.19456946331521738,8,10.0,8,8,8
127,0054,6,m,SHANGHAI QUIRE TODAY ONCE TOMORROW,0.4,94.04388714733543,3.19,5,5,2,0,3,0,0,0.0,0.6,0.0,0.0,0.6,0,1.0,1.0,-0.7642045346173373,0.4657042352703798,0.564,0.0,0.0,0,0.6647867838541666,0.4,0.045055631548166275,0.03886772692203522,2402.894437639183,0.16337316176470587,8,10.0,9,8,8
128,0054,6,m,KANGAROO COWS TRACE,0.3333333333333333,67.41573033707866,2.67,3,3,1,0,2,0,0,0.0,0.6666666666666666,0.0,0.0,0.6666666666666666,0,1.0,1.0,-0.8569335713982582,0.4244616701584697,0.7666666666666666,0.0,0.0,0,0.4068603515625,1.0,0.05178157612681389,0.04867882654070854,2539.9136057933824,0.19087550951086957,6,10.0,8,8,5
129,0054,6,m,PETER IS GOOD AT SKIN,0.8,107.52688172043011,2.79,5,5,4,0,1,0,0,0.0,0.2,0.0,0.0,0.2,0,1.0,1.0,-0.5703125,0.5653487396106142,0.484,0.0,0.0,0,0.75908203125,0.4,0.043188709765672684,0.04211104288697243,2550.9777983335703,0.20423719618055555,9,10.0,8,8,8
130,0054,6,m,BILLY AT A LITTLE JAM,0.6,100.0,3.0,5,5,3,0,2,0,0,0.0,0.4,0.0,0.0,0.4,0,1.0,1.0,-0.92109375,0.3980833991684303,0.4640000000000001,0.10999999999999999,0.43999999999999995,0,0.55030517578125,0.6,0.03480411320924759,0.02934809774160385,2356.65769322764,0.15009247096238937,8,10.0,8,7,8
131,0054,6,m,LOOK AT BILLY'S FOOT,0.75,126.31578947368423,1.9,4,4,3,0,1,0,0,0.0,0.25,0.0,0.0,0.25,0,1.0,1.0,-0.4755859225988388,0.6215207866839267,0.43999999999999995,0.0,0.0,0,0.83953857421875,0.0,0.04311284422874451,0.04923421889543533,2832.719622627559,0.22029903017241378,8,10.0,9,8,8
132,0054,6,m,LINDA CAN SEE THE SUN BOY,0.5,112.78195488721803,2.66,6,5,3,1,2,0,0,0.16666666666666666,0.3333333333333333,0.0,0.0,0.5,-1,0.8333333333333334,1.0,-0.8691406498352686,0.4193117300690579,0.4960000000000001,0.0,0.0,0,0.70469970703125,0.4,0.07239022850990295,0.06465865671634674,2588.099368023753,0.21099609375,7,10.0,8,7,7
133,0054,6,m,MARY CAN SEE THE THIEF,0.8,145.63106796116506,2.06,5,5,4,0,1,0,0,0.0,0.2,0.0,0.0,0.2,0,1.0,1.0,-0.51953125,0.5947992948032403,0.376,0.0,0.0,0,0.80029296875,0.2,0.042975541204214096,0.057144567370414734,2882.9566107309006,0.2665378736413043,8,10.0,8,8,8
134,0054,6,m,KATE WAS WALKING TO PARK,0.8,155.17241379310346,2.32,5,6,4,0,1,1,0,0.0,0.2,0.2,0.0,0.4,1,1.2,1.0,-0.643750011920929,0.5253187740853913,0.32999999999999996,0.0,0.0,0,0.80859375,0.16666666666666666,0.03617241606116295,0.035806044936180115,2474.480496198449,0.18808793048469388,8,10.0,9,8,8
135,0054,6,m,SANDY WAS WALKING TO TURN PAR,0.8333333333333334,120.80536912751678,2.98,6,6,5,0,1,0,0,0.0,0.16666666666666666,0.0,0.0,0.16666666666666666,0,1.0,1.0,-0.5773437738418579,0.5613875601945219,0.4666666666666666,0.0,0.0,0,0.7771199544270834,0.16666666666666666,0.0771666094660759,0.057526711374521255,2244.392726264851,0.1603759765625,8,10.0,8,7,7
136,0054,6,m,PETER IS DRAWING THE PASS,0.8,156.25,1.92,5,5,4,0,1,0,0,0.0,0.2,0.0,0.0,0.2,0,1.0,1.0,-0.48828125,0.6136802511983586,0.356,0.0,0.0,0,0.83193359375,0.2,0.04108453169465065,0.04364090412855148,2706.0007344115866,0.22337962962962962,8,10.0,9,8,8
137,0054,6,m,NILA LOVES NEWS,0.6666666666666666,117.07317073170732,2.05,3,4,2,0,1,1,0,0.0,0.3333333333333333,0.3333333333333333,0.0,0.6666666666666666,1,1.3333333333333333,1.0,-0.8511284722222222,0.42693287811399655,0.45999999999999996,0.0,0.0,0,0.5107269287109375,0.75,0.03612818941473961,0.04176938161253929,2338.520384542227,0.17420596168154762,8,10.0,9,8,8
138,0054,6,m,IT MUST BE HE,1.0,127.65957446808511,1.88,4,4,4,0,0,0,0,0.0,0.0,0.0,0.0,0.0,0,1.0,1.0,-0.24804688351494925,0.0,0.42499999999999993,0.0,0.0,0,0.7652587890625,0.25,0.041332244873046875,0.04834608733654022,2534.8027366910487,0.17916907793209877,8,10.0,9,8,8
139,0054,6,m,I AM IN THE GLASS,1.0,165.74585635359117,1.81,5,5,5,0,0,0,0,0.0,0.0,0.0,0.0,0.0,0,1.0,1.0,-0.3565538194444444,0.0,0.32,0.0,0.0,0,0.87216796875,0.2,0.060637395828962326,0.05917707830667496,2519.2235139438367,0.20427462420886075,8,10.0,9,8,8
140,0056,6,m,MARY IS GOING TO SEE MONKEY,0.8333333333333334,97.5609756097561,3.69,6,6,5,0,1,0,0,0.0,0.16666666666666666,0.0,0.0,0.16666666666666666,0,1.0,1.0,-0.551562488079071,0.5760490370865717,0.5966666666666666,0.0,0.0,0,0.76318359375,0.3333333333333333,0.050546832382678986,0.03989929333329201,2206.1874987705,0.1615715579710145,8,10.0,7,7,7
141,0056,6,m,LUCY IS GOING TO SEE HORSE,0.6666666666666666,94.9868073878628,3.79,6,6,4,0,2,0,0,0.0,0.3333333333333333,0.0,0.0,0.3333333333333333,0,1.0,1.0,-0.6617838342984518,0.5159301791925055,0.5966666666666667,0.0,0.0,0,0.7481892903645834,0.3333333333333333,0.051379378885030746,0.04400758817791939,2631.54852381414,0.22757369237588654,8,10.0,8,7,7
142,0056,6,m,ONE FOUR SEVEN ONE,0.0,115.38461538461539,2.08,4,4,0,0,4,0,0,0.0,1.0,0.0,0.0,1.0,0,1.0,1.0,-0.7940341125835072,0.4520176222715259,0.48500000000000004,0.0,0.0,0,0.5416819254557291,0.75,0.06080373749136925,0.05581098794937134,1903.889743045032,0.1584530784970238,6,10.0,9,8,6
143,0056,6,m,FIVE EIGHT THREE TWO,0.0,78.94736842105263,3.04,4,4,0,0,4,0,0,0.0,1.0,0.0,0.0,1.0,0,1.0,1.0,-0.5042968690395355,0.6039300681014182,0.6599999999999999,0.13333333333333344,0.20000000000000018,0,0.81951904296875,0.25,0.08368747681379318,0.0874081626534462,2526.4432494315924,0.21886365167025862,7,10.0,8,7,7
144,0056,6,m,FIVE ONE SIX ONE,1.0,89.55223880597015,2.68,4,4,4,0,0,0,0,0.0,0.0,0.0,0.0,0.0,0,1.0,1.0,-0.47904827378012915,0.0,0.42500000000000016,0.2999999999999999,0.48,0,0.82763671875,0.25,0.040916286408901215,0.04183809831738472,2547.4392587837015,0.21182220761138615,8,10.0,8,8,8
145,0056,6,m,ZERO FOUR ONE,0.3333333333333333,79.64601769911506,2.26,3,3,1,0,2,0,0,0.0,0.6666666666666666,0.0,0.0,0.6666666666666666,0,1.0,1.0,-1.0546875447034836,0.3483012388728062,0.7266666666666666,0.0,0.0,0,0.4726155598958333,0.6666666666666666,0.07453945279121399,0.07867531478404999,2287.074756051997,0.1868185525412088,6,10.0,7,8,6
146,0056,6,m,LUCY HOCK SONG MUTTON,0.25,51.94805194805195,4.62,4,4,1,0,3,0,0,0.0,0.75,0.0,0.0,0.75,0,1.0,1.0,-0.7701823016007742,0.46292866798108695,0.6900000000000002,0.6199999999999998,0.7199999999999998,0,0.537506103515625,0.75,0.051010869443416595,0.052959829568862915,2272.9265840401445,0.2014556884765625,7,10.0,6,6,6
147,0056,6,m,BY DAVID'S TOES,0.0,67.0391061452514,3.58,3,4,0,0,3,1,0,0.0,1.0,0.3333333333333333,0.0,1.3333333333333333,1,1.3333333333333333,1.0,-1.0220603793859482,0.3598527426584606,0.65,0.24666666666666667,0.74,0,0.352996826171875,0.75,0.07985679805278778,0.08281473070383072,2686.5307802046373,0.2345858487215909,7,10.0,7,7,7
148,0056,6,m,I NEED NEW SHORTS,0.75,82.87292817679558,3.62,4,5,3,0,1,1,0,0.0,0.25,0.25,0.0,0.5,1,1.25,1.0,-0.4917534722222222,0.6115531120797906,0.696,0.0,0.0,0,0.789501953125,0.2,0.07792983949184418,0.06917979568243027,2444.54944604626,0.20385928554389313,9,10.0,7,6,8
149,0056,6,m,JACK LIKES YOUR RED CUP,1.0,93.75,3.2,5,5,5,0,0,0,0,0.0,0.0,0.0,0.0,0.0,0,1.0,1.0,-0.4618055555555556,0.0,0.64,0.0,0.0,0,0.92578125,0.0,0.06124838441610336,0.058264899998903275,2564.488987975541,0.2094246285860656,8,10.0,8,7,8
150,0056,6,m,LOOK AT DORA'S CLOT,0.75,81.35593220338983,2.95,4,4,3,0,1,0,0,0.0,0.25,0.0,0.0,0.25,0,1.0,1.0,-0.5886718690395355,0.555063993077881,0.7100000000000001,0.0,0.0,0,0.7439371744791666,0.25,0.07515186071395874,0.08839891850948334,2232.5536920401964,0.17060877913135594,7,10.0,7,7,7
151,0056,6,m,TEDDY CAN SEE THE CAR,0.8,80.2139037433155,3.74,5,5,4,0,1,0,0,0.0,0.2,0.0,0.0,0.2,0,1.0,1.0,-0.6281250178813934,0.5335913378743509,0.7000000000000001,0.0,0.0,0,0.750665283203125,0.2,0.08247656375169754,0.07904629409313202,2452.397754366912,0.17602892889492755,8,10.0,7,7,7
152,0056,6,m,THE NEW CAR,1.0,110.42944785276075,1.63,3,3,3,0,0,0,0,0.0,0.0,0.0,0.0,0.0,0,1.0,1.0,-0.4023437450329463,0.0,0.5066666666666666,0.0,0.0,0,0.6813151041666666,0.3333333333333333,0.08333871513605118,0.07984455674886703,2064.5731433460705,0.13080658783783783,8,10.0,8,8,8
153,0056,6,m,JIM WAS TO BE ARE GOLD TEACHER,0.7142857142857143,76.22504537205081,5.51,7,7,5,0,2,0,0,0.0,0.2857142857142857,0.0,0.0,0.2857142857142857,0,1.0,1.0,-0.42009944265538995,0.6569814845831872,0.78,0.0,0.0,0,0.8319266183035714,0.14285714285714285,0.07245955616235733,0.06861968338489532,2469.89591901248,0.20126702724358975,7,10.0,6,6,7
154,0056,6,m,JACK WAS WANTS TO BE ARE GOLD NERVOUS,0.5,42.944785276073624,9.78,8,7,4,1,3,0,0,0.125,0.375,0.0,0.0,0.5,-1,0.875,1.0,-0.45134942639957776,0.6367682996448187,1.0571428571428572,0.3833333333333333,2.3,1,0.8187081473214286,0.2857142857142857,0.04975895583629608,0.06957843899726868,2414.716466630761,0.19965455923507464,7,10.0,5,6,6
155,0056,6,m,ANYBODY CAN BANK BANK BANK,1.0,69.76744186046511,4.3,5,5,5,0,0,0,0,0.0,0.0,0.0,0.0,0.0,0,1.0,1.0,-0.5305397510528564,0.0,0.7120000000000001,0.08499999999999985,0.27999999999999936,0,0.805712890625,0.2,0.053032226860523224,0.05354710668325424,2445.391366106179,0.1846923828125,8,10.0,8,8,7
156,0056,6,m,LOOK HERE I CHUCK THIS,0.8,61.22448979591836,4.9,5,5,4,0,1,0,0,0.0,0.2,0.0,0.0,0.2,0,1.0,1.0,-0.576953136920929,0.561606901741148,0.776,0.19500000000000006,0.7800000000000002,0,0.6846923828125,0.2,0.06759622693061829,0.08616597205400467,2432.4825247713925,0.20331345942982457,8,10.0,7,6,7
157,0056,6,m,BY YOUR LEAVE,0.6666666666666666,99.4475138121547,1.81,3,3,2,0,1,0,0,0.0,0.3333333333333333,0.0,0.0,0.3333333333333333,0,1.0,1.0,-0.6473214115415301,0.523445997023162,0.5666666666666668,0.0,0.0,0,0.5922037760416666,0.6666666666666666,0.07395786792039871,0.0776781216263771,2245.259991101258,0.1706345016891892,6,10.0,7,8,6
158,0056,6,m,WHO CAN COUNT TO THREE,1.0,68.96551724137932,4.35,5,5,5,0,0,0,0,0.0,0.0,0.0,0.0,0.0,0,1.0,1.0,-0.5373263888888888,0.0,0.8480000000000001,0.0,0.0,0,0.79990234375,0.4,0.03176582604646683,0.03434174135327339,2496.2995107398706,0.2140017778445513,7,10.0,7,7,6
159,0056,6,m,BEAR GOT HIS BALL,0.75,53.81165919282511,4.46,4,4,3,0,1,0,0,0.0,0.25,0.0,0.0,0.25,0,1.0,1.0,-0.7832031100988388,0.45694003547543455,1.07,0.0,0.0,0,0.6439208984375,0.5,0.08519183844327927,0.09610634297132492,2248.621015656481,0.1984649658203125,7,10.0,7,6,7
160,0070,6,f,KATE HAS NOT THE MANGO,1.0,87.71929824561403,3.42,5,5,5,0,0,0,0,0.0,0.0,0.0,0.0,0.0,0,1.0,1.0,-0.6549479166666666,0.0,0.604,0.0,0.0,0,0.697412109375,0.4,0.053375937044620514,0.041943129152059555,2434.250573027575,0.1883705789728682,8,10.0,7,8,8
161,0070,6,f,THE CUTE ELEPHANT,1.0,84.50704225352113,2.13,3,3,3,0,0,0,0,0.0,0.0,0.0,0.0,0.0,0,1.0,1.0,-0.7689732313156128,0.0,0.6733333333333333,0.0,0.0,0,0.7273763020833334,0.0,0.04741421341896057,0.051520101726055145,2848.214775131564,0.2167626953125,7,10.0,8,8,7
162,0070,6,f,THANK YOU DEAR GOT,0.5,85.71428571428571,2.1,4,3,2,1,1,0,0,0.25,0.25,0.0,0.0,0.5,-1,0.75,1.0,-0.7547743055555556,0.47011670548670936,0.5866666666666667,0.020000000000000018,0.040000000000000036,0,0.69921875,0.3333333333333333,0.04680919274687767,0.048424944281578064,2892.227682026162,0.2595086348684211,8,10.0,8,7,7
163,0070,6,f,LILLY IS GOING TO SEE PIG,0.8333333333333334,108.76132930513594,3.31,6,6,5,0,1,0,0,0.0,0.16666666666666666,0.0,0.0,0.16666666666666666,0,1.0,1.0,-0.6667968928813934,0.5133502630179019,0.5166666666666667,0.0,0.0,0,0.8234049479166666,0.16666666666666666,0.07389640808105469,0.061212729662656784,2849.649937425711,0.22621597782258066,8,10.0,8,8,7
164,0070,6,f,DORA CAN DRAW THE ZEBRA,0.4,88.88888888888887,2.7,5,4,2,1,2,0,0,0.2,0.4,0.0,0.0,0.6,-1,0.8,1.0,-0.9227430555555556,0.39742737914405196,0.615,0.0,0.0,0,0.5028839111328125,0.75,0.07521134614944458,0.06577260047197342,2113.510264154752,0.15973455255681818,7,10.0,8,7,7
165,0070,6,f,SEVEN THREE NINE FOUR,0.0,86.02150537634408,2.79,4,4,0,0,4,0,0,0.0,1.0,0.0,0.0,1.0,0,1.0,1.0,-0.5437500178813934,0.5805670283778764,0.49000000000000005,0.15333333333333332,0.24,0,0.787841796875,0.0,0.06320325285196304,0.06282036006450653,2755.5994351486347,0.25351743344907407,9,10.0,8,8,8
166,0070,6,f,THREE EIGHT ONE SEVEN,0.0,92.3076923076923,2.6,4,4,0,0,4,0,0,0.0,1.0,0.0,0.0,1.0,0,1.0,1.0,-0.6177455357142857,0.5391585822255325,0.5750000000000001,0.0,0.0,0,0.69537353515625,0.5,0.06448529660701752,0.0653076171875,2649.267508151034,0.22272995283018868,8,10.0,8,8,7
167,0070,6,f,NINE SEVEN FIVE FOUR,0.0,84.80565371024734,2.83,4,4,0,0,4,0,0,0.0,1.0,0.0,0.0,1.0,0,1.0,1.0,-0.5253906190395355,0.5913243367033936,0.525,0.17333333333333337,0.24,0,0.784423828125,0.25,0.060693927109241486,0.06157501041889191,2817.65882553215,0.29064401272123896,8,10.0,8,8,8
168,0070,6,f,TWO TWO NINE ONE,0.0,83.91608391608392,2.86,4,4,0,0,4,0,0,0.0,1.0,0.0,0.0,1.0,0,1.0,1.0,-0.5046164989471436,0.6037370648360004,0.5049999999999999,0.16666666666666666,0.24,0,0.80914306640625,0.25,0.05983053147792816,0.06297208368778229,2389.5456817389245,0.17566458102876106,8,10.0,8,8,8
169,0070,6,f,EIGHT FIVE FIVE SEVEN,0.0,89.2193308550186,2.69,4,4,0,0,4,0,0,0.0,1.0,0.0,0.0,1.0,0,1.0,1.0,-0.5507812678813935,0.5764992340577835,0.56,0.08,0.1200000000000001,0,0.7752685546875,0.25,0.06324480473995209,0.07394332438707352,2677.153550292551,0.2578718238901869,8,10.0,9,8,8
170,0070,6,f,SHOES OLYMPIA SHOES,0.6666666666666666,99.33774834437087,3.02,3,5,2,0,1,2,0,0.0,0.3333333333333333,0.6666666666666666,0.0,1.0,2,1.6666666666666667,1.0,-0.7695312380790711,0.4632301620852168,0.40800000000000003,0.12,0.48,0,0.5974365234375,0.4,0.06503859907388687,0.06625722348690033,3032.5726813935453,0.3001648949795082,7,10.0,8,7,6
171,0070,6,f,CINEMA FRIDAY FANS,0.3333333333333333,27.863777089783284,6.46,3,3,1,0,2,0,0,0.0,0.6666666666666666,0.0,0.0,0.6666666666666666,0,1.0,1.0,-0.916015625,0.4001100578878086,1.3800000000000001,1.055,2.11,1,0.5190022786458334,0.6666666666666666,0.04446703940629959,0.061333831399679184,3033.5956234000887,0.29159691220238093,5,10.0,6,6,5
172,0070,6,f,JOHN LIKES RICE,0.6666666666666666,58.064516129032256,3.1,3,3,2,0,1,0,0,0.0,0.3333333333333333,0.0,0.0,0.3333333333333333,0,1.0,1.0,-1.1829426884651184,0.30637584212454316,0.9333333333333332,0.0,0.0,0,0.6225382486979166,0.3333333333333333,0.04164961725473404,0.06016848236322403,2979.8911203023054,0.28259083581349204,9,10.0,8,8,8
173,0070,6,f,LISA CAN SEE THE YET,0.6,105.26315789473684,2.85,5,5,3,0,2,0,0,0.0,0.4,0.0,0.0,0.4,0,1.0,1.0,-0.7949218869209289,0.45161651070103465,0.528,0.0,0.0,0,0.5049560546875,0.8,0.05600786954164505,0.06037188693881035,2604.324414681562,0.21794037126068377,8,10.0,8,8,8
174,0070,6,f,LISA CAN SEE THE CLASSROOM,1.0,81.52173913043478,3.68,5,5,5,0,0,0,0,0.0,0.0,0.0,0.0,0.0,0,1.0,1.0,-0.7039930555555556,0.0,0.6880000000000001,0.0,0.0,0,0.75953369140625,0.2,0.060600388795137405,0.052445560693740845,2727.3749744720362,0.23770356514084506,8,10.0,7,7,8
175,0070,6,f,MANDY WANTS WALKING TO BEDROOM,0.4,99.5260663507109,4.22,5,7,2,0,3,2,0,0.0,0.6,0.4,0.0,1.0,2,1.4,1.0,-0.7528409090909091,0.471026506682872,0.5599999999999999,0.0,0.0,0,0.6383754185267857,0.42857142857142855,0.09164141118526459,0.08135538548231125,2119.8421526072443,0.1686155641233766,9,10.0,8,8,8
176,0070,6,f,DAD GOES THE CARROT,0.5,62.01550387596899,3.87,4,4,2,0,2,0,0,0.0,0.5,0.0,0.0,0.5,0,1.0,1.0,-0.7783202901482582,0.4591766474398733,0.9,0.0,0.0,0,0.6324462890625,0.5,0.05375228077173233,0.06918394565582275,2452.517532706299,0.20102370689655172,8,10.0,7,7,7
177,0070,6,f,YOU ARE MOST WELCOME,1.0,94.11764705882354,2.55,4,4,4,0,0,0,0,0.0,0.0,0.0,0.0,0.0,0,1.0,1.0,-0.59814453125,0.0,0.585,0.0,0.0,0,0.73388671875,0.5,0.08281102776527405,0.0950293317437172,1894.0673295375889,0.14157831101190477,9,10.0,8,8,8
178,0070,6,f,WELL MOTHER,0.0,65.21739130434783,0.92,2,1,0,1,1,0,0,0.5,0.5,0.0,0.0,1.0,-1,0.5,1.0,-0.5525568154725161,0.5754765404207559,0.68,0.0,0.0,0,0.5126953125,1.0,0.0822199359536171,0.10911314189434052,1596.3218797980483,0.11447307627688172,6,10.0,9,8,6
179,0070,6,f,WHAT'S HER NAME,1.0,99.99999999999999,1.8,3,3,3,0,0,0,0,0.0,0.0,0.0,0.0,0.0,0,1.0,1.0,-0.2509765699505806,0.0,0.52,0.0,0.0,0,0.9440104166666666,0.0,0.05460929870605469,0.07305482029914856,2496.6748626947206,0.21533203125,9,10.0,9,9,8
180,0075,6,m,BORN LIKES GREEN,0.0,104.04624277456648,1.73,3,3,0,0,3,0,0,0.0,1.0,0.0,0.0,1.0,0,1.0,1.0,-0.7979910543986729,0.4502325488856614,0.4533333333333333,0.08000000000000002,0.16000000000000003,0,0.3446044921875,0.6666666666666666,0.06161106005311012,0.07136374711990356,2437.9425030157568,0.10123491890822785,8,10.0,8,8,8
181,0075,6,m,TOM IS GOING TO SEE COW,0.5,144.0,2.5,6,6,3,0,3,0,0,0.0,0.5,0.0,0.0,0.5,0,1.0,1.0,-0.7642045346173373,0.4657042352703798,0.37666666666666665,0.0,0.0,0,0.67333984375,0.5,0.0901394635438919,0.08377820253372192,2430.920043244512,0.13045000789141414,8,10.0,8,8,8
182,0075,6,m,SINGER IS COMING FROM AUSTRALIAN,0.6,107.14285714285715,2.8,5,5,3,0,2,0,0,0.0,0.4,0.0,0.0,0.4,0,1.0,1.0,-0.6808593928813934,0.506181796357718,0.5239999999999999,0.0,0.0,0,0.8345977783203125,0.2,0.09475072473287582,0.07810188084840775,2253.689900678349,0.181800649947479,7,10.0,8,8,7
183,0075,6,m,ANDY LOVES FRANCE,0.0,133.33333333333334,2.25,3,5,0,0,3,2,0,0.0,1.0,0.6666666666666666,0.0,1.6666666666666667,2,1.6666666666666667,1.0,-0.7664930555555556,0.4646396799701126,0.40800000000000003,0.0,0.0,0,0.583056640625,0.6,0.092270627617836,0.08771271258592606,2728.0098994854525,0.208740234375,8,10.0,8,8,7
184,0075,6,m,FIVE FIVE ZERO SIX,0.0,94.11764705882354,2.55,4,4,0,0,4,0,0,0.0,1.0,0.0,0.0,1.0,0,1.0,1.0,-0.5820312559604645,0.5587622239599251,0.37499999999999994,0.28,0.32000000000000006,0,0.7386474609375,0.25,0.055763132870197296,0.07265406847000122,2873.1322103240454,0.25183935072815533,7,10.0,8,7,7
185,0075,6,m,FIVE SEVEN SIX SIX,0.0,93.38521400778211,2.57,4,4,0,0,4,0,0,0.0,1.0,0.0,0.0,1.0,0,1.0,1.0,-0.634486619915281,0.5302076164900719,0.565,0.03333333333333336,0.06000000000000005,0,0.7732315063476562,0.25,0.05691009759902954,0.05775570869445801,3200.660203364743,0.3129628499348958,9,10.0,9,8,8
186,0075,6,m,FIVE NINE ZERO FOUR,0.0,98.9010989010989,1.82,4,3,0,1,3,0,0,0.25,0.75,0.0,0.0,1.0,-1,0.75,1.0,-0.7153320536017418,0.489029700759743,0.49333333333333335,0.0,0.0,0,0.5555521647135416,0.6666666666666666,0.04134809225797653,0.04643935337662697,2877.7892267329157,0.16747451410060976,7,10.0,8,8,7
187,0075,6,m,MARY LIKES TENNIS,1.0,85.30805687203792,2.11,3,3,3,0,0,0,0,0.0,0.0,0.0,0.0,0.0,0,1.0,1.0,-0.7137276956013271,0.0,0.6133333333333333,0.0,0.0,0,0.6768391927083334,0.3333333333333333,0.06632969528436661,0.06522329151630402,2546.9318144825697,0.21305831755050506,6,10.0,7,8,6
188,0075,6,m,DO YOU KNOW THE NOODLES,0.8,172.2488038277512,2.09,5,6,4,0,1,1,0,0.0,0.2,0.2,0.0,0.4,1,1.2,1.0,-0.3952414881099354,0.6735173731712405,0.3133333333333333,0.0,0.0,0,0.8242390950520834,0.16666666666666666,0.10366468876600266,0.09022922068834305,2216.7906898637666,0.13884836219879518,7,10.0,8,8,7
189,0075,6,m,AND LIKES HAMBURGER,0.3333333333333333,90.9090909090909,1.98,3,3,1,0,2,0,0,0.0,0.6666666666666666,0.0,0.0,0.6666666666666666,0,1.0,1.0,-0.8854166666666666,0.4125422448610912,0.58,0.0,0.0,0,0.3451334635416667,1.0,0.06544835865497589,0.057164087891578674,2650.2188412122114,0.21323859554597702,8,10.0,8,8,7
190,0075,6,m,JOHN HOT SOME MEAT,0.75,117.07317073170732,2.05,4,4,3,0,1,0,0,0.0,0.25,0.0,0.0,0.25,0,1.0,1.0,-0.8154296800494194,0.44244917492857444,0.41999999999999993,0.0,0.0,0,0.474029541015625,0.75,0.053515419363975525,0.05758585408329964,2683.3307003067116,0.15975881177325582,8,10.0,8,8,8
191,0075,6,m,MARK HAS A BEAUTIFUL SHORTS,0.6,118.57707509881423,2.53,5,5,3,0,2,0,0,0.0,0.4,0.0,0.0,0.4,0,1.0,1.0,-0.5894097222222222,0.5546545884028392,0.41999999999999993,0.0,0.0,0,0.733203125,0.2,0.03760989010334015,0.03930538892745972,3164.5461154427126,0.25711495535714285,9,10.0,9,8,8
192,0075,6,m,LOOK AT JOHN'S COAT,1.0,182.9268292682927,1.64,4,5,4,0,0,1,0,0.0,0.0,0.25,0.0,0.25,1,1.25,1.0,-0.6800781190395355,0.5065774174785298,0.292,0.0,0.0,0,0.66097412109375,0.4,0.06689978390932083,0.07208184897899628,2632.124772305731,0.17328202097039475,8,10.0,8,8,8
193,0075,6,m,LAYLA CAN SEE THE BUS,0.6,130.43478260869566,2.3,5,5,3,0,2,0,0,0.0,0.4,0.0,0.0,0.4,0,1.0,1.0,-0.6388888888888888,0.5278786301239432,0.37999999999999995,0.0,0.0,0,0.682080078125,0.4,0.05542265996336937,0.0516013503074646,2691.315775169488,0.2049984056122449,8,10.0,9,8,8
194,0075,6,m,THE PLANE IS NEAR,0.75,142.85714285714286,1.68,4,4,3,0,1,0,0,0.0,0.25,0.0,0.0,0.25,0,1.0,1.0,-0.4079589731991291,0.6650061613381,0.34500000000000003,0.0,0.0,0,0.7918701171875,0.25,0.052893366664648056,0.06860578060150146,2889.316518051606,0.15210278003246752,8,10.0,8,8,7
195,0075,6,m,BILLY WAS WALKING TO FARM,0.2,131.00436681222706,2.29,5,5,1,0,4,0,0,0.0,0.8,0.0,0.0,0.8,0,1.0,1.0,-0.46523435711860656,0.627987914504559,0.372,0.0,0.0,0,0.751025390625,0.4,0.07486239820718765,0.06802654266357422,2317.978305548115,0.13080099354619565,8,10.0,9,8,8
196,0075,6,m,LAYLA HOT THE PEAR,0.0,140.18691588785046,2.14,4,5,0,0,4,1,0,0.0,1.0,0.25,0.0,1.25,1,1.25,1.0,-0.8320312678813935,0.4351644523831448,0.31200000000000006,0.044999999999999984,0.17999999999999994,0,0.42156982421875,0.8,0.07732441276311874,0.08401581645011902,2494.8422847811203,0.11432081653225806,6,10.0,8,8,5
197,0075,6,m,TINA LIKES EYE,0.6666666666666666,90.0,2.0,3,3,2,0,1,0,0,0.0,0.3333333333333333,0.0,0.0,0.3333333333333333,0,1.0,1.0,-0.4673548936843872,0.6266576541003774,0.5333333333333333,0.0,0.0,0,0.8082682291666666,0.3333333333333333,0.023674337193369865,0.022859621793031693,2826.032881151691,0.26006737183988765,7,10.0,8,8,6
198,0075,6,m,MARY IS NOT SINGER,0.25,111.1111111111111,2.16,4,4,1,0,3,0,0,0.0,0.75,0.0,0.0,0.75,0,1.0,1.0,-0.4891493055555556,0.6131477737903932,0.455,0.0,0.0,0,0.72296142578125,0.25,0.050006501376628876,0.053850334137678146,2565.894498435194,0.1702867445054945,8,10.0,9,8,8
199,0075,6,m,TIM LIVES IN MOST ROOM NOW,0.6666666666666666,112.9032258064516,3.72,6,7,4,0,2,1,0,0.0,0.3333333333333333,0.16666666666666666,0.0,0.5,1,1.1666666666666667,1.0,-0.6489955484867096,0.5225704098716419,0.38285714285714295,0.11666666666666663,0.6999999999999997,0,0.6464494977678571,0.42857142857142855,0.05868128687143326,0.06985897570848465,2527.431985343741,0.15523805480072464,8,10.0,7,7,7
200,0103,6,m,JACK HAS GOT SOME LEMON,1.0,117.1875,2.56,5,5,5,0,0,0,0,0.0,0.0,0.0,0.0,0.0,0,1.0,1.0,-0.4368489583333333,0.0,0.484,0.0,0.0,0,0.940234375,0.0,0.04838932305574417,0.044211048632860184,2519.3824468238545,0.19819952214805825,9,10.0,9,9,9
201,0103,6,m,JOHN CAN DRAW THE HORSE,1.0,135.74660633484163,2.21,5,5,5,0,0,0,0,0.0,0.0,0.0,0.0,0.0,0,1.0,1.0,-0.5494791666666666,0.0,0.41999999999999993,0.0,0.0,0,0.86669921875,0.2,0.09394713491201401,0.08991993218660355,2460.688651377161,0.202197265625,8,10.0,8,8,8
202,0103,6,m,EIGHT ONE ZERO SIX,0.0,19.23076923076923,3.12,4,1,0,3,1,0,0,0.75,0.25,0.0,0.0,1.0,-3,0.25,1.0,-0.6539713342984518,0.5199766697396524,1.4000000000000001,0.0,0.0,0,0.8268229166666666,0.0,0.0797501876950264,0.09283381700515747,2834.912023808311,0.2596435546875,8,10.0,8,8,8
203,0103,6,m,ZERO NINE THREE,0.0,77.92207792207792,1.54,3,2,0,1,2,0,0,0.3333333333333333,0.6666666666666666,0.0,0.0,1.0,-1,0.6666666666666666,1.0,-0.6770833333333334,0.5080967822378456,0.6799999999999999,0.0,0.0,0,0.47747802734375,0.5,0.0591571182012558,0.05952552333474159,2316.290100392372,0.17518382352941175,9,10.0,9,9,8
204,0103,6,m,TWO FOUR SEVEN,0.0,31.57894736842106,1.9,3,1,0,2,1,0,0,0.6666666666666666,0.3333333333333333,0.0,0.0,1.0,-2,0.3333333333333333,1.0,-0.51015625,0.6004017587079631,1.66,0.0,0.0,0,0.628662109375,0.0,0.08808960020542145,0.0815052017569542,2466.8195642975584,0.18629632994186046,9,10.0,9,9,9
205,0103,6,m,ONE FIVE THREE,1.0,109.75609756097562,1.64,3,3,3,0,0,0,0,0.0,0.0,0.0,0.0,0.0,0,1.0,1.0,-0.4420573016007741,0.0,0.5,0.0,0.0,0,0.58544921875,0.6666666666666666,0.05088447406888008,0.05582575500011444,2373.147068758116,0.213372802734375,9,10.0,9,9,9
206,0103,6,m,RELATIVES N U S A,0.8,92.59259259259258,3.24,5,5,4,0,1,0,0,0.0,0.2,0.0,0.0,0.2,0,1.0,1.0,-0.6381391937082465,0.5282745265711979,0.612,0.0,0.0,0,0.6639892578125,0.4,0.08172629773616791,0.08278007060289383,2543.2177337012995,0.19427849264705882,8,10.0,9,8,8
207,0103,6,m,DRESSING HOCKEY P,0.3333333333333333,82.56880733944953,2.18,3,3,1,0,2,0,0,0.0,0.6666666666666666,0.0,0.0,0.6666666666666666,0,1.0,1.0,-0.962239553531011,0.38203633636269113,0.66,0.030000000000000027,0.040000000000000036,0,0.5278591579861112,1.0,0.07166822254657745,0.07356201112270355,2591.835907586397,0.2049025632022472,8,10.0,9,8,8
208,0103,6,m,GIRL DINNER FAIRY,1.0,80.0,2.25,3,3,3,0,0,0,0,0.0,0.0,0.0,0.0,0.0,0,1.0,1.0,-0.380859375,0.0,0.68,0.0,0.0,0,0.521484375,0.6666666666666666,0.09946941584348679,0.09244158118963242,2177.324653797637,0.13913524394132654,9,10.0,8,8,9
209,0103,6,m,JIM ATE A LITTLE TOLL FULL,0.5,123.8938053097345,3.39,6,7,3,0,3,1,0,0.0,0.5,0.16666666666666666,0.0,0.6666666666666666,1,1.1666666666666667,1.0,-0.8082386580380526,0.44564230385466813,0.4685714285714285,0.0,0.0,0,0.5872715541294643,0.42857142857142855,0.09314790368080139,0.08211638778448105,2219.9392180065897,0.15379648760330578,8,10.0,8,7,8
210,0103,6,m,DOES TOM LIKE THE CHICKEN,1.0,94.63722397476342,3.17,5,5,5,0,0,0,0,0.0,0.0,0.0,0.0,0.0,0,1.0,1.0,-0.4346788194444444,0.0,0.5599999999999999,0.0,0.0,0,0.8939453125,0.0,0.0682101920247078,0.07461776584386826,2545.3247091334097,0.20037520559210525,9,10.0,8,8,8
211,0103,6,m,BY TOM'S SHOULDER,1.0,93.75,1.92,3,3,3,0,0,0,0,0.0,0.0,0.0,0.0,0.0,0,1.0,1.0,-0.5341797098517418,0.0,0.5933333333333333,0.0,0.0,0,0.783447265625,0.3333333333333333,0.07049452513456345,0.06824696063995361,2583.0264604361573,0.21380168635670732,9,10.0,9,8,8
212,0103,6,m,PETER HAS A BEAUTIFUL HAT,1.0,113.63636363636363,2.64,5,5,5,0,0,0,0,0.0,0.0,0.0,0.0,0.0,0,1.0,1.0,-0.4001736111111111,0.0,0.5,0.0,0.0,0,0.9796875,0.0,0.037403758615255356,0.030922695994377136,2346.6865642066086,0.1883248634708738,8,10.0,8,8,8
213,0103,6,m,DORA NEEDS NEW T SHIRT,1.0,122.44897959183672,2.45,5,5,5,0,0,0,0,0.0,0.0,0.0,0.0,0.0,0,1.0,1.0,-0.4506392099640586,0.0,0.4680000000000001,0.0,0.0,0,0.857080078125,0.0,0.08947417885065079,0.08403045684099197,2455.588233629247,0.17275492350260416,8,10.0,8,8,8
214,0103,6,m,JOHN LOVES THE NEW GLOVES,0.4,120.0,2.5,5,5,2,0,3,0,0,0.0,0.6,0.0,0.0,0.6,0,1.0,1.0,-0.6775173611111112,0.5078763019712961,0.4720000000000001,0.0,0.0,0,0.7222412109375,0.2,0.08393704146146774,0.07908683270215988,2565.201036578545,0.19696105352722773,8,10.0,8,8,8
215,0103,6,m,THEN KATE WALKS TO BANK,0.8,120.0,2.5,5,5,4,0,1,0,0,0.0,0.2,0.0,0.0,0.2,0,1.0,1.0,-0.4246961805555556,0.6539684432793361,0.484,0.0,0.0,0,0.84658203125,0.2,0.04989420995116234,0.05245335027575493,2548.1693515949687,0.20772741336633663,8,10.0,9,8,8
216,0103,6,m,HE WANTS TO BE A FARMER,1.0,156.52173913043478,2.3,6,6,6,0,0,0,0,0.0,0.0,0.0,0.0,0.0,0,1.0,1.0,-0.4210937529802322,0.0,0.3833333333333333,0.0,0.0,0,0.919677734375,0.0,0.06198612600564957,0.05924491956830025,2327.771483983488,0.17373981881648937,8,10.0,9,8,8
217,0103,6,m,BILL LIKES THE P E CLASS,0.5,114.9425287356322,2.61,6,5,3,1,2,0,0,0.16666666666666666,0.3333333333333333,0.0,0.0,0.5,-1,0.8333333333333334,1.0,-0.6688368055555556,0.5123041406719674,0.5,0.0,0.0,0,0.712353515625,0.2,0.06629297882318497,0.058522745966911316,2729.2081665139162,0.22133738724226804,9,10.0,9,8,8
218,0103,6,m,MANDY WENT TO THE ART CLASS,1.0,122.86689419795222,2.93,6,6,6,0,0,0,0,0.0,0.0,0.0,0.0,0.0,0,1.0,1.0,-0.5007812440395355,0.0,0.48000000000000004,0.0,0.0,0,0.8673095703125,0.16666666666666666,0.06864273548126221,0.0617469884455204,2498.606615928315,0.2066107855902778,8,10.0,9,8,8
219,0103,6,m,SHALL WE GO HOME,1.0,134.8314606741573,1.78,4,4,4,0,0,0,0,0.0,0.0,0.0,0.0,0.0,0,1.0,1.0,-0.2480468675494194,0.0,0.385,0.0,0.0,0,0.9539794921875,0.0,0.06109081953763962,0.06174129620194435,2061.4441312699482,0.16221859580592105,9,10.0,9,9,9
220,0104,6,f,MANDY LIVES IN LAOS,1.0,79.47019867549669,3.02,4,4,4,0,0,0,0,0.0,0.0,0.0,0.0,0.0,0,1.0,1.0,-0.6223958333333334,0.0,0.72,0.0,0.0,0,0.77667236328125,0.25,0.033573754131793976,0.025092918425798416,1371.8632452022084,0.08498938106796117,9,10.0,8,8,8
221,0104,6,f,FIVE SIX FIVE SIX,1.0,89.55223880597015,2.68,4,4,4,0,0,0,0,0.0,0.0,0.0,0.0,0.0,0,1.0,1.0,-0.48214285714285715,0.0,0.6175,0.0,0.0,0,0.79022216796875,0.25,0.023333610966801643,0.025249546393752098,2087.626418712904,0.1740435431985294,9,10.0,9,8,8
222,0104,6,f,TWO FIVE ZERO FIVE,1.0,67.22689075630252,3.57,4,4,4,0,0,0,0,0.0,0.0,0.0,0.0,0.0,0,1.0,1.0,-0.6548295237801292,0.0,0.61,0.34,0.48,0,0.8101806640625,0.25,0.01812412589788437,0.0271065104752779,1470.574180572787,0.09168960108901515,8,10.0,7,7,7
223,0104,6,f,FOUR FOUR SEVEN TWO,1.0,64.0,3.75,4,4,4,0,0,0,0,0.0,0.0,0.0,0.0,0.0,0,1.0,1.0,-0.5525568398562345,0.0,0.685,0.3,0.45999999999999996,0,0.86090087890625,0.25,0.02633487619459629,0.03267843648791313,1380.7779593266587,0.09067774863138686,9,10.0,8,8,8
224,0104,6,f,CARDS BIRD LISTEN,0.3333333333333333,66.42066420664206,2.71,3,3,1,0,2,0,0,0.0,0.6666666666666666,0.0,0.0,0.6666666666666666,0,1.0,1.0,-0.9979654947916666,0.3686286556925373,0.6733333333333335,0.23999999999999988,0.47999999999999976,0,0.3958791097005208,1.0,0.020599612966179848,0.02261892706155777,1587.3094111946257,0.10474357982673267,9,10.0,9,9,8
225,0104,6,f,LAYLA IS GOOD AT SURFING,0.8,69.76744186046511,4.3,5,5,4,0,1,0,0,0.0,0.2,0.0,0.0,0.2,0,1.0,1.0,-0.5468750059604645,0.578755595162832,0.844,0.0,0.0,0,0.8716796875,0.2,0.025085946545004845,0.026455936953425407,1508.261219081676,0.09834668590764331,9,10.0,8,8,8
226,0104,6,f,LILLY GIVES UP HOCKEY,0.5,88.49557522123894,3.39,4,5,2,0,2,1,0,0.0,0.5,0.25,0.0,0.75,1,1.25,1.0,-0.50927734375,0.6009296875321897,0.656,0.0,0.0,0,0.84384765625,0.0,0.023722385987639427,0.021253187209367752,1361.1957549228828,0.07193458686440678,9,10.0,7,7,8
227,0104,6,f,MARY LIKES RUNNING,0.0,75.31380753138075,2.39,3,3,0,0,3,0,0,0.0,1.0,0.0,0.0,1.0,0,1.0,1.0,-0.861328125,0.42260044322318874,0.7600000000000001,0.0,0.0,0,0.3978135850694445,0.6666666666666666,0.02874874137341976,0.024711284786462784,1288.6247331011243,0.0637478298611111,8,10.0,9,8,8
228,0104,6,f,MARK GIVES UP HANDBALL,0.5,86.45533141210375,3.47,4,5,2,0,2,1,0,0.0,0.5,0.25,0.0,0.75,1,1.25,1.0,-0.6282552033662796,0.5335218765488249,0.46800000000000014,0.2549999999999999,0.47999999999999976,0,0.6626953125,0.4,0.026928361505270004,0.0257312823086977,1365.6001581070152,0.08515167236328125,8,10.0,8,7,8
229,0104,6,f,JOHN LIKES YOUR BLUE JACKET,1.0,92.3076923076923,3.25,5,5,5,0,0,0,0,0.0,0.0,0.0,0.0,0.0,0,1.0,1.0,-0.5060763888888888,0.0,0.6279999999999999,0.0,0.0,0,0.87275390625,0.0,0.03148496150970459,0.028734857216477394,1422.9253545931365,0.10001360783811475,9,10.0,8,8,8
230,0104,6,f,JOHN GOT THE SOCKS,0.0,81.81818181818181,2.2,4,3,0,1,3,0,0,0.25,0.75,0.0,0.0,1.0,-1,0.75,1.0,-0.7142856972558158,0.48954166789379794,0.6866666666666669,0.0,0.0,0,0.4148763020833333,0.6666666666666666,0.02078821137547493,0.019436931237578392,1615.9601425485446,0.11818070845170454,8,10.0,8,8,8
231,0104,6,f,BILLY CAN SEE THE VAN,0.6,91.18541033434651,3.29,5,5,3,0,2,0,0,0.0,0.4,0.0,0.0,0.4,0,1.0,1.0,-0.5885416666666666,0.555136268431983,0.604,0.0,0.0,0,0.785791015625,0.4,0.024873198941349983,0.02620338834822178,1696.0849644624548,0.1154764979338843,8,10.0,7,8,7
232,0104,6,f,I CAN PAINT MY SUBWAY,0.4,70.38123167155425,3.41,5,4,2,1,2,0,0,0.2,0.4,0.0,0.0,0.6,-1,0.8,1.0,-0.8453124940395356,0.4294231450681554,0.8250000000000001,0.0,0.0,0,0.6067352294921875,0.25,0.022974010556936264,0.01908438839018345,1478.4909909086446,0.09138436153017242,7,10.0,8,8,6
233,0104,6,f,THEN MANDY WHAT TO TOILET,0.4,91.74311926605505,3.27,5,5,2,0,3,0,0,0.0,0.6,0.0,0.0,0.6,0,1.0,1.0,-0.6514756944444444,0.521275964851783,0.612,0.0,0.0,0,0.7778076171875,0.2,0.030677419155836105,0.02429557964205742,1364.121664644153,0.08081805889423077,8,10.0,8,8,7
234,0104,6,f,MARY CAN SEE THE BOOKSTORE,0.8,105.26315789473684,2.85,5,5,4,0,1,0,0,0.0,0.2,0.0,0.0,0.2,0,1.0,1.0,-0.49179686307907106,0.6115265768419464,0.548,0.0,0.0,0,0.88720703125,0.0,0.03596442565321922,0.03153739124536514,1557.6576263256677,0.1063172387295082,8,10.0,8,8,8
235,0104,6,f,SO BILLY WENT ON TO HOME,1.0,101.12359550561797,3.56,6,6,6,0,0,0,0,0.0,0.0,0.0,0.0,0.0,0,1.0,1.0,-0.5360243055555556,0.0,0.5800000000000001,0.0,0.0,0,0.797454833984375,0.16666666666666666,0.027717841789126396,0.021757956594228745,1450.5757428470154,0.09989206414473684,8,10.0,8,7,7
236,0104,6,f,SANDY LIKE THE TOMATO,0.75,126.58227848101265,2.37,4,5,3,0,1,1,0,0.0,0.25,0.25,0.0,0.5,1,1.25,1.0,-0.6503906473517418,0.5218418807891401,0.45200000000000007,0.0,0.0,0,0.632275390625,0.6,0.025271430611610413,0.023023640736937523,1358.5410823091481,0.07849725402227722,9,10.0,9,8,8
237,0104,6,f,HE WANT TO BE A SINGER,1.0,112.14953271028038,3.21,6,6,6,0,0,0,0,0.0,0.0,0.0,0.0,0.0,0,1.0,1.0,-0.5208333333333334,0.0,0.5166666666666667,0.0,0.0,0,0.8203125,0.3333333333333333,0.026252545416355133,0.022610845044255257,1338.317899363108,0.0870085685483871,9,10.0,7,7,8
238,0104,6,f,MIKE LIKE THE BIG GEN GEN CITY NEW YORK,0.3333333333333333,92.59259259259258,6.48,9,10,3,0,6,1,0,0.0,0.6666666666666666,0.1111111111111111,0.0,0.7777777777777778,1,1.1111111111111112,1.0,-0.80598955684238,0.4466457264696308,0.466,0.19333333333333338,0.9199999999999999,0,0.54208984375,0.6,0.020973047241568565,0.02161283977329731,1425.213265985445,0.08307538713727679,8,10.0,7,7,7
239,0104,6,f,NO I AM NOT,1.0,79.734219269103,3.01,4,4,4,0,0,0,0,0.0,0.0,0.0,0.0,0.0,0,1.0,1.0,-0.5316840277777778,0.0,0.48999999999999994,0.31333333333333335,0.9400000000000001,0,0.898193359375,0.0,0.025679299607872963,0.026387574151158333,1261.0976671790377,0.0708584872159091,8,10.0,8,7,8
240,0131,7,m,LYNDA LOVES AUSTRALIA,0.6666666666666666,64.74820143884892,2.78,3,3,2,0,1,0,0,0.0,0.3333333333333333,0.0,0.0,0.3333333333333333,0,1.0,1.0,-0.5320870706013271,0.5873777906004845,0.8133333333333331,0.0,0.0,0,0.94677734375,0.0,0.03430073708295822,0.040941547602415085,2430.9639358145114,0.18094250387396693,8,10.0,8,8,8
241,0131,7,m,ANDY LOVES CANADA,0.6666666666666666,88.56088560885608,2.71,3,4,2,0,1,1,0,0.0,0.3333333333333333,0.3333333333333333,0.0,0.6666666666666666,1,1.3333333333333333,1.0,-0.7216796725988388,0.4859353577860117,0.5700000000000001,0.0,0.0,0,0.71966552734375,0.25,0.03774156793951988,0.04385381191968918,2424.2972492240738,0.18255418346774194,8,10.0,8,8,8
242,0131,7,m,BETTER LIVED IN CHINA,1.0,96.0,2.5,4,4,4,0,0,0,0,0.0,0.0,0.0,0.0,0.0,0,1.0,1.0,-0.7138672024011612,0.0,0.55,0.0,0.0,0,0.72760009765625,0.25,0.03498386964201927,0.03793006390333176,2299.63931793392,0.12405450994318182,9,10.0,8,8,8
243,0131,7,m,DOES MIKE LIKE THE BEEF,1.0,95.54140127388534,3.14,5,5,5,0,0,0,0,0.0,0.0,0.0,0.0,0.0,0,1.0,1.0,-0.4505208333333333,0.0,0.56,0.0,0.0,0,0.91015625,0.0,0.047778114676475525,0.05769823491573334,2283.7341698428227,0.1635857529527559,9,10.0,8,8,8
244,0131,7,m,ANDY LIKES MEAT,1.0,82.19178082191782,2.19,3,3,3,0,0,0,0,0.0,0.0,0.0,0.0,0.0,0,1.0,1.0,-0.5580357313156128,0.0,0.64,0.0,0.0,0,0.90576171875,0.0,0.05748848617076874,0.06339157372713089,2309.365956779207,0.16228515625,9,10.0,8,9,8
245,0131,7,m,PLEASE CLOSE YOUR NEW T SHIRT,1.0,84.30913348946137,4.27,6,6,6,0,0,0,0,0.0,0.0,0.0,0.0,0.0,0,1.0,1.0,-0.4730113527991555,0.0,0.6233333333333333,0.0,0.0,0,0.8582763671875,0.0,0.032561901956796646,0.03625471144914627,2454.3274819075605,0.2138792438271605,9,10.0,8,8,8
246,0131,7,m,MIKE LIKES YOUR BLUE JEANS,0.6,78.125,3.84,5,5,3,0,2,0,0,0.0,0.4,0.0,0.0,0.4,0,1.0,1.0,-0.6028645833333334,0.5472417690091815,0.708,0.0,0.0,0,0.7797119140625,0.2,0.030350252985954285,0.03472651541233063,2162.2312219643254,0.15719357052364866,9,10.0,8,8,8
247,0131,7,m,BILLY GOT THE SKIRT,0.5,104.34782608695653,2.3,4,4,2,0,2,0,0,0.0,0.5,0.0,0.0,0.5,0,1.0,1.0,-0.8761160373687744,0.41639704559941026,0.5149999999999999,0.0,0.0,0,0.69769287109375,0.25,0.051368843764066696,0.05204510688781738,2170.167375292042,0.16673787434895834,8,10.0,8,8,8
248,0131,7,m,JIM CAN SEE THE T V ROOM,0.42857142857142855,125.43554006968641,2.87,7,6,3,1,3,0,0,0.14285714285714285,0.42857142857142855,0.0,0.0,0.5714285714285714,-1,0.8571428571428571,1.0,-0.7695312380790711,0.4632301620852168,0.4166666666666667,0.0,0.0,0,0.69476318359375,0.3333333333333333,0.04730312153697014,0.04436920955777168,2367.075422886123,0.16764613560267858,9,10.0,8,8,8
249,0131,7,m,MARY WENT TO THE MATCH CLASS,0.3333333333333333,72.11538461538461,4.16,6,5,2,1,3,0,0,0.16666666666666666,0.5,0.0,0.0,0.6666666666666666,-1,0.8333333333333334,1.0,-0.702734363079071,0.4952293140001887,0.772,0.0,0.0,0,0.6973876953125,0.4,0.05865427106618881,0.059704143553972244,2172.066493921402,0.1782351762820513,8,10.0,8,8,7
250,0131,7,m,DADDY LIKES THE SCIENCE CLASS AT SCHOOL,0.8571428571428571,107.14285714285715,3.92,7,7,6,0,1,0,0,0.0,0.14285714285714285,0.0,0.0,0.14285714285714285,0,1.0,1.0,-0.477272705598311,0.6204732996771297,0.5342857142857144,0.0,0.0,0,0.7825404575892857,0.2857142857142857,0.048322685062885284,0.045333899557590485,2477.5439664354376,0.2275892283818493,8,10.0,8,8,7
251,0131,7,m,HOW DID YOU COME HERE,1.0,109.8901098901099,2.73,5,5,5,0,0,0,0,0.0,0.0,0.0,0.0,0.0,0,1.0,1.0,-0.4281684027777778,0.0,0.42800000000000005,0.0,0.0,0,0.94833984375,0.0,0.048871345818042755,0.05723223462700844,2102.99043222666,0.15563628870412843,8,10.0,9,8,8
252,0131,7,m,HADI FRIEND,0.0,175.43859649122805,1.71,2,5,0,0,2,3,0,0.0,1.0,1.5,0.0,2.5,3,2.5,1.0,-0.9001736111111112,0.406499080857044,0.288,0.0,0.0,0,0.38875732421875,0.8,0.04892551898956299,0.06715607643127441,2447.1650917054462,0.1596473371478873,8,10.0,9,9,7
253,0131,7,m,CAR,0.0,52.631578947368425,1.14,1,1,0,0,1,0,0,0.0,1.0,0.0,0.0,1.0,0,1.0,1.0,-0.4392089992761612,0.6445460558925759,0.6399999999999999,0.0,0.0,0,0.25439453125,1.0,0.027378546074032784,0.05254266411066055,2425.3472957097633,0.1290264423076923,9,10.0,10,10,9
254,0131,7,m,IT IS A LONG JOURNEY,0.8,118.57707509881423,2.53,5,5,4,0,1,0,0,0.0,0.2,0.0,0.0,0.2,0,1.0,1.0,-0.5876736111111112,0.5556183667676825,0.46399999999999997,0.0,0.0,0,0.76708984375,0.2,0.05467035248875618,0.054016467183828354,2209.1678475037033,0.14078471816588786,8,10.0,8,8,7
255,0131,7,m,THEN WHY ARE YOU HERE,1.0,114.9425287356322,2.61,5,5,5,0,0,0,0,0.0,0.0,0.0,0.0,0.0,0,1.0,1.0,-0.44921875,0.0,0.43599999999999994,0.0,0.0,0,0.88984375,0.0,0.04970729351043701,0.05466238409280777,1803.6561772872665,0.13929126880787038,9,10.0,9,8,8
256,0131,7,m,HE ASKED,1.0,89.55223880597015,1.34,2,2,2,0,0,0,0,0.0,0.0,0.0,0.0,0.0,0,1.0,1.0,-0.43203125,0.0,0.52,0.0,0.0,0,0.810302734375,0.0,0.03218397870659828,0.046671148389577866,2859.0280392852073,0.21623461174242425,9,10.0,10,9,9
257,0131,7,m,STEP UP,0.5,95.23809523809523,1.26,2,2,1,0,1,0,0,0.0,0.5,0.0,0.0,0.5,0,1.0,1.0,-0.3188476463158925,0.7269862999105798,0.43,0.0,0.0,0,0.783355712890625,0.0,0.04599804803729057,0.06650322675704956,2232.0183174200542,0.14266164679276316,3,10.0,7,7,4
258,0131,7,m,I GOAT UP THIS MORNING,0.6,128.2051282051282,2.34,5,5,3,0,2,0,0,0.0,0.4,0.0,0.0,0.4,0,1.0,1.0,-0.6665482846173373,0.513477902001039,0.388,0.0,0.0,0,0.6908365885416667,0.4,0.04977921396493912,0.054747141897678375,2036.499988215108,0.1446956712372449,8,10.0,8,8,8
259,0131,7,m,COME OVER HERE,1.0,102.27272727272728,1.76,3,3,3,0,0,0,0,0.0,0.0,0.0,0.0,0.0,0,1.0,1.0,-0.3286132713158925,0.0,0.47333333333333333,0.0,0.0,0,0.9002278645833334,0.0,0.060215309262275696,0.07615015655755997,1749.7692128282079,0.11115330825617284,8,10.0,8,7,7
260,0145,7,f,FOUR THREE THREE EIGHT,0.0,62.5,3.84,4,4,0,0,4,0,0,0.0,1.0,0.0,0.0,1.0,0,1.0,1.0,-0.6046875,0.5462451015646024,0.6449999999999999,0.2533333333333334,0.3200000000000003,0,0.76361083984375,0.25,0.04290216416120529,0.05997695028781891,2494.5410448845455,0.20599860114020271,9,10.0,7,7,8
261,0145,7,f,FIVE FOUR FIVE ONE,0.0,85.40925266903915,2.81,4,4,0,0,4,0,0,0.0,1.0,0.0,0.0,1.0,0,1.0,1.0,-0.576953136920929,0.561606901741148,0.5700000000000001,0.08666666666666667,0.1200000000000001,0,0.778564453125,0.5,0.04743656516075134,0.04871989041566849,1851.0284215302615,0.14512803819444445,8,10.0,8,8,7
262,0145,7,f,DIVER IS NOT GOOD AT FOOTBALL,0.5,130.43478260869566,3.22,6,7,3,0,3,1,0,0.0,0.5,0.16666666666666666,0.0,0.6666666666666666,1,1.1666666666666667,1.0,-0.6065341017462991,0.5452373351641118,0.4171428571428572,0.0,0.0,0,0.7647879464285714,0.14285714285714285,0.03217243403196335,0.02942439541220665,2122.035514856896,0.18204079534774437,8,10.0,8,7,7
263,0145,7,f,MIDDLE LIKES RETURNS BOWING,0.25,33.057851239669425,7.26,4,4,1,0,3,0,0,0.0,0.75,0.0,0.0,0.75,0,1.0,1.0,-0.9609375397364298,0.38253407690487684,1.4749999999999999,0.4166666666666667,1.25,1,0.5833193461100261,0.75,0.021663952618837357,0.03232577443122864,2300.4610677676096,0.17931640625,6,10.0,6,6,6
264,0145,7,f,TINA LIKES PORK,0.3333333333333333,114.9425287356322,2.61,3,5,1,0,2,2,0,0.0,0.6666666666666666,0.6666666666666666,0.0,1.3333333333333333,2,1.6666666666666667,1.0,-0.9474431384693492,0.3877311319454462,0.364,0.09000000000000002,0.3600000000000001,0,0.441162109375,0.6,0.02651788294315338,0.02806982584297657,2601.024325742548,0.21908431869369369,5,10.0,7,7,5
265,0145,7,f,LISTEN LIKES THE OLD,0.5,62.01550387596899,3.87,4,4,2,0,2,0,0,0.0,0.5,0.0,0.0,0.5,0,1.0,1.0,-0.8867187052965164,0.4120054484624969,0.835,0.0,0.0,0,0.58453369140625,0.5,0.055214300751686096,0.07907631993293762,2025.863880308663,0.1512950922818792,7,10.0,7,7,7
266,0145,7,f,BILLY LIKES YOUR RED SWEATER,0.4,103.44827586206897,4.06,5,7,2,0,3,2,0,0.0,0.6,0.4,0.0,1.0,2,1.4,1.0,-0.6220703373352686,0.5368318632407357,0.5371428571428571,0.0,0.0,0,0.7020786830357143,0.2857142857142857,0.02644042856991291,0.024480300024151802,2369.492290592303,0.1882825434602649,7,10.0,8,7,7
267,0145,7,f,SO JAM WANTS IT TO THE HOUSE,1.0,92.71523178807948,4.53,7,7,7,0,0,0,0,0.0,0.0,0.0,0.0,0.0,0,1.0,1.0,-0.6143465909090909,0.0,0.6085714285714285,0.0,0.0,0,0.7155936104910714,0.42857142857142855,0.04677864909172058,0.04514971375465393,2640.872305079,0.23418495041167664,8,10.0,7,7,7
268,0145,7,f,DAVID CAN SEE THE ME PARK,0.8333333333333334,76.08695652173913,5.52,6,7,5,0,1,1,0,0.0,0.16666666666666666,0.16666666666666666,0.0,0.3333333333333333,1,1.1666666666666667,1.0,-0.6386718600988388,0.5279932074171682,0.5714285714285714,0.20333333333333328,1.2199999999999998,1,0.6635219029017857,0.42857142857142855,0.02764766290783882,0.03158458322286606,2032.7988105158206,0.12988040717364532,8,10.0,7,7,7
269,0145,7,f,JACK WAS WALK TO THE THEM PARK,0.7142857142857143,87.5,4.8,7,7,5,0,2,0,0,0.0,0.2857142857142857,0.0,0.0,0.2857142857142857,0,1.0,1.0,-0.5987216125835072,0.5495136786291944,0.6428571428571429,0.0,0.0,0,0.68701171875,0.42857142857142855,0.03927142918109894,0.043323419988155365,2031.3723203132186,0.15252518784153005,8,10.0,7,7,7
270,0145,7,f,TINA WASHED CLEAN,0.3333333333333333,44.6096654275093,5.38,3,4,1,0,2,1,0,0.0,0.6666666666666666,0.3333333333333333,0.0,1.0,1,1.3333333333333333,1.0,-0.9463542143503825,0.38815357168736525,0.7149999999999999,0.7066666666666667,1.6800000000000002,1,0.7200215657552084,0.25,0.03798535093665123,0.04608152434229851,2226.956994873524,0.16513773073186527,5,10.0,7,7,5
271,0145,7,f,BUTTER WANTS TO BE A GOOD ART,1.0,45.45454545454545,9.24,7,7,7,0,0,0,0,0.0,0.0,0.0,0.0,0.0,0,1.0,1.0,-0.5298295346173373,0.0,1.0885714285714285,0.2250000000000001,1.3500000000000005,1,0.8441162109375,0.14285714285714285,0.020702069625258446,0.0291270948946476,2163.3964782125245,0.16861928144592475,7,10.0,6,6,6
272,0145,7,f,OFFER IS BEST,0.6666666666666666,68.70229007633588,2.62,3,3,2,0,1,0,0,0.0,0.3333333333333333,0.0,0.0,0.3333333333333333,0,1.0,1.0,-0.6499023288488388,0.5220967680631402,0.7733333333333334,0.0,0.0,0,0.6628011067708334,0.3333333333333333,0.021598966792225838,0.02732612006366253,2546.0396511060612,0.2183038119612069,7,10.0,6,6,6
273,0145,7,f,PITS,0.0,44.776119402985074,1.34,1,1,0,0,1,0,0,0.0,1.0,0.0,0.0,1.0,0,1.0,1.0,-1.0833332935969036,0.3384654385561501,0.9400000000000001,0.0,0.0,0,0.32746124267578125,1.0,0.016525913029909134,0.027032112702727318,2807.249704923699,0.2455617420708955,9,10.0,9,8,8
274,0145,7,f,AND I'M A CAT,1.0,130.43478260869566,1.84,4,4,4,0,0,0,0,0.0,0.0,0.0,0.0,0.0,0,1.0,1.0,-0.3923611111111111,0.0,0.385,0.0,0.0,0,0.80303955078125,0.25,0.016973089426755905,0.016324900090694427,2753.2933396476633,0.2139919704861111,9,10.0,9,9,9
275,0145,7,f,AND TO A LIGHTER HOUSE,0.8,68.4931506849315,4.38,5,5,4,0,1,0,0,0.0,0.2,0.0,0.0,0.2,0,1.0,1.0,-0.8046875,0.4472276633691456,0.8079999999999998,0.0,0.0,0,0.684423828125,0.4,0.02124973200261593,0.019005781039595604,2671.378145830603,0.216204833984375,8,10.0,7,7,7
276,0145,7,f,HOW BEAUTIFUL THEY FIT,1.0,71.00591715976331,3.38,4,4,4,0,0,0,0,0.0,0.0,0.0,0.0,0.0,0,1.0,1.0,-0.8828124701976776,0.0,0.745,0.0,0.0,0,0.62188720703125,0.5,0.037370484322309494,0.03979894518852234,2588.493153433113,0.22057407924107142,8,10.0,8,7,7
277,0145,7,f,THIS IS TODAY PIG'S OFFICER,0.8,75.75757575757575,3.96,5,5,4,0,1,0,0,0.0,0.2,0.0,0.0,0.2,0,1.0,1.0,-0.8867187738418579,0.4120054202214437,0.724,0.0,0.0,0,0.713983154296875,0.4,0.030672840774059296,0.032672490924596786,2670.2971581607926,0.23767685308689024,7,10.0,7,7,7
278,0145,7,f,YES IT'S VERY PRETTY,1.0,76.19047619047619,3.15,4,4,4,0,0,0,0,0.0,0.0,0.0,0.0,0.0,0,1.0,1.0,-0.46210936903953553,0.0,0.58,0.18666666666666668,0.56,0,0.87664794921875,0.0,0.04067447781562805,0.05471528694033623,2545.1964615468023,0.22510528564453125,8,10.0,8,7,7
279,0145,7,f,VERY,1.0,55.55555555555555,1.08,1,1,1,0,0,0,0,0.0,0.0,0.0,0.0,0.0,0,1.0,1.0,-0.5327148288488388,0.0,0.78,0.0,0.0,0,0.263427734375,1.0,0.031162280589342117,0.04767752066254616,2135.4499107648303,0.15335787259615385,9,10.0,9,9,8
280,1042,7,f,BITTER LIVED IN FANS,0.5,87.27272727272728,2.75,4,4,2,0,2,0,0,0.0,0.5,0.0,0.0,0.5,0,1.0,1.0,-0.9453125,0.3885581275123641,0.6599999999999999,0.0,0.0,0,0.7100162506103516,0.25,0.02155323512852192,0.015307825990021229,2777.8340082763357,0.22616829128440366,8,10.0,8,7,7
281,1042,7,f,JACK IS FROM AUSTRALIA,0.75,108.5972850678733,2.21,4,4,3,0,1,0,0,0.0,0.25,0.0,0.0,0.25,0,1.0,1.0,-0.6259765475988388,0.534738975397909,0.525,0.0,0.0,0,0.80462646484375,0.25,0.021773409098386765,0.017337322235107422,2463.588726743063,0.17320896423969073,8,10.0,8,7,8
282,1042,7,f,ALISA IS FROM CHINA,0.75,123.07692307692307,1.95,4,4,3,0,1,0,0,0.0,0.25,0.0,0.0,0.25,0,1.0,1.0,-0.5654296949505806,0.5681159777352224,0.46,0.0,0.0,0,0.7874755859375,0.25,0.026073338463902473,0.022511398419737816,2653.3268500823074,0.20317095588235295,8,10.0,8,8,8
283,1042,7,f,ONE SEVEN FIVE FIVE,1.0,84.50704225352113,2.84,4,4,4,0,0,0,0,0.0,0.0,0.0,0.0,0.0,0,1.0,1.0,-0.5276988853107799,0.0,0.45499999999999996,0.22666666666666666,0.2999999999999998,0,0.77264404296875,0.25,0.018872858956456184,0.015710540115833282,2680.7556505743196,0.2424915241745283,8,10.0,8,8,8
284,1042,7,f,NINE SIX FOUR ONE,0.0,85.40925266903915,2.81,4,4,0,0,4,0,0,0.0,1.0,0.0,0.0,1.0,0,1.0,1.0,-0.5948153409090909,0.5516644263142617,0.59,0.1133333333333334,0.16000000000000003,0,0.78961181640625,0.25,0.017625579610466957,0.017473861575126648,2623.107029398724,0.2461398142688679,7,10.0,8,7,7
285,1042,7,f,TWO TWO NINE,0.0,93.26424870466322,1.93,3,3,0,0,3,0,0,0.0,1.0,0.0,0.0,1.0,0,1.0,1.0,-0.5991211161017418,0.5492941898274576,0.5133333333333333,0.08999999999999997,0.11999999999999988,0,0.7393391927083334,0.3333333333333333,0.017780791968107224,0.015869146212935448,2189.171063519264,0.1603759765625,10,10.0,9,7,9
286,1042,7,f,LOVES SMELL FRESH BUFF,0.5,86.02150537634408,2.79,4,4,2,0,2,0,0,0.0,0.5,0.0,0.0,0.5,0,1.0,1.0,-0.8852247758345171,0.41262141553157444,0.43000000000000005,0.3399999999999999,0.3799999999999999,0,0.5753173828125,0.5,0.014355168677866459,0.01148764044046402,3226.0993873590323,0.33108819699754904,7,10.0,8,8,7
287,1042,7,f,TINA GOT SOME TURKEY,0.75,98.76543209876543,2.43,4,4,3,0,1,0,0,0.0,0.25,0.0,0.0,0.25,0,1.0,1.0,-0.8185763888888888,0.4410591044194039,0.4750000000000001,0.10666666666666665,0.31999999999999995,0,0.64794921875,0.5,0.01745796389877796,0.01185727957636118,2737.701474982101,0.21927983710106383,8,10.0,8,7,8
288,1042,7,f,DAVID GOT SOME LAMB,0.0,163.04347826086956,1.84,4,5,0,0,4,1,0,0.0,1.0,0.25,0.0,1.25,1,1.25,1.0,-0.9097222222222222,0.4026360518490117,0.34,0.0,0.0,0,0.474072265625,0.6,0.02673300914466381,0.02299647219479084,2530.881239240434,0.20158406047077923,7,10.0,9,7,7
289,1042,7,f,LYNDA GOT ON MATTER CARES,0.2,130.9090909090909,2.75,5,6,1,0,4,1,0,0.0,0.8,0.2,0.0,1.0,1,1.2,1.0,-0.9824219147364298,0.37440322720797464,0.44,0.0,0.0,0,0.4713999430338542,0.6666666666666666,0.03446677699685097,0.022220447659492493,2703.036466196479,0.23179955575980393,7,10.0,7,7,7
290,1042,7,f,JACK WAS WALKING TO FAT,0.6,97.4025974025974,3.08,5,5,3,0,2,0,0,0.0,0.4,0.0,0.0,0.4,0,1.0,1.0,-0.5256076388888888,0.5911960215088989,0.588,0.0,0.0,0,0.86640625,0.0,0.023856110870838165,0.020498396828770638,2768.4714113816995,0.22491504700203252,9,10.0,8,7,8
291,1042,7,f,SO LYNDA WHEN ON TO COMPANY,0.5,203.70370370370367,3.24,6,11,3,0,3,5,0,0.0,0.5,0.8333333333333334,0.0,1.3333333333333333,5,1.8333333333333333,1.0,-0.9749999523162842,0.37719237154909024,0.27272727272727276,0.0,0.0,0,0.4251487038352273,0.7272727272727273,0.0235134307295084,0.017783042043447495,2139.4211049994296,0.1382635708512931,8,10.0,7,7,7
292,1042,7,f,HE LOVES BACK MUSHROOM,0.75,81.63265306122449,2.94,4,4,3,0,1,0,0,0.0,0.25,0.0,0.0,0.25,0,1.0,1.0,-0.8671875178813935,0.4201315015079864,0.5750000000000001,0.13333333333333322,0.3999999999999997,0,0.582427978515625,0.25,0.02380717173218727,0.02351961098611355,2890.1489120533356,0.2305463273948598,8,10.0,8,7,7
293,1042,7,f,DAVID THIS IS CLEAR,0.75,150.0,2.4,4,6,3,0,1,2,0,0.0,0.25,0.5,0.0,0.75,2,1.5,1.0,-0.46555399894714355,0.6277872153768945,0.3333333333333333,0.0,0.0,0,0.85693359375,0.16666666666666666,0.018802255392074585,0.016570167616009712,2855.3013602983397,0.21174112955729166,9,10.0,8,7,8
294,1042,7,f,HENNY GOT THE EGGPLANT,0.5,108.69565217391305,2.76,4,5,2,0,2,1,0,0.0,0.5,0.25,0.0,0.75,1,1.25,1.0,-0.6497395833333334,0.5221817438853318,0.5159999999999999,0.0,0.0,0,0.640185546875,0.6,0.025955909863114357,0.023516038432717323,2819.467077452982,0.20369944852941177,8,10.0,7,7,7
295,1042,7,f,ALICE WILL ARRIVE IN JANUARY SIXTH,0.8333333333333334,74.3801652892562,4.84,6,6,5,0,1,0,0,0.0,0.16666666666666666,0.0,0.0,0.16666666666666666,0,1.0,1.0,-0.4339488527991555,0.647945395231107,0.7833333333333332,0.0,0.0,0,0.8798014322916666,0.0,0.032955583184957504,0.026494013145565987,2576.477722503584,0.2083221435546875,7,10.0,7,7,7
296,1042,7,f,THAT IS YOUR NAME,1.0,137.9310344827586,1.74,4,4,4,0,0,0,0,0.0,0.0,0.0,0.0,0.0,0,1.0,1.0,-0.377685546875,0.0,0.4,0.0,0.0,0,0.9024658203125,0.0,0.023502850905060768,0.021700439974665642,2554.783822449319,0.16321847098214284,7,10.0,7,7,7
297,1042,7,f,BEAUTIFUL THE NAME IS,1.0,112.14953271028038,2.14,4,4,4,0,0,0,0,0.0,0.0,0.0,0.0,0.0,0,1.0,1.0,-0.5915178741727557,0.0,0.49000000000000005,0.0,0.0,0,0.52374267578125,0.75,0.017289359122514725,0.017892302945256233,2792.844976982785,0.25695082720588236,8,10.0,8,7,7
298,1042,7,f,I HAVE NO ONE BUT YOU,1.0,118.03278688524591,3.05,6,6,6,0,0,0,0,0.0,0.0,0.0,0.0,0.0,0,1.0,1.0,-0.4347656160593033,0.0,0.49,0.0,0.0,0,0.916015625,0.0,0.025751056149601936,0.021257037296891212,1898.6099262882913,0.11372958096590909,8,10.0,7,7,7
299,1042,7,f,DO YOU LIKE IT TOO,1.0,153.06122448979593,1.96,5,5,5,0,0,0,0,0.0,0.0,0.0,0.0,0.0,0,1.0,1.0,-0.3550347222222222,0.0,0.364,0.0,0.0,0,0.868359375,0.0,0.024298954755067825,0.023132437840104103,2718.126869171357,0.20356505594135801,8,10.0,8,8,8
300,1044,7,f,MANDY IS GOING TO SEE SHARK,0.6666666666666666,124.13793103448276,2.9,6,6,4,0,2,0,0,0.0,0.3333333333333333,0.0,0.0,0.3333333333333333,0,1.0,1.0,-0.5678266828710382,0.5667558413656238,0.47,0.0,0.0,0,0.8028767903645834,0.3333333333333333,0.06823357939720154,0.06019342690706253,2862.781122870202,0.2314110471491228,8,10.0,8,8,8
301,1044,7,f,DAVID CAN PAINT THE DONKEY,1.0,101.35135135135135,2.96,5,5,5,0,0,0,0,0.0,0.0,0.0,0.0,0.0,0,1.0,1.0,-0.4437934027777778,0.0,0.592,0.0,0.0,0,0.95673828125,0.0,0.051078278571367264,0.055237166583538055,2414.5577792731683,0.1620762711864407,8,10.0,7,7,7
302,1044,7,f,ANDY RAN AWAY FROM THE SQUID,0.8333333333333334,151.0791366906475,2.78,6,7,5,0,1,1,0,0.0,0.16666666666666666,0.16666666666666666,0.0,0.3333333333333333,1,1.1666666666666667,1.0,-0.47833805734461005,0.6198126293494175,0.3771428571428571,0.0,0.0,0,0.8130231584821429,0.2857142857142857,0.04697628319263458,0.04281698539853096,2218.5095094813473,0.17831478478773585,8,10.0,7,7,7
303,1044,7,f,TIM WENT TO SEE KILLER,0.8,133.92857142857142,2.24,5,5,4,0,1,0,0,0.0,0.2,0.0,0.0,0.2,0,1.0,1.0,-0.7552083333333334,0.4699127060516439,0.42000000000000004,0.0,0.0,0,0.6728515625,0.4,0.05830700695514679,0.05342773348093033,2848.6195766979567,0.25088433159722223,9,10.0,8,8,8
304,1044,7,f,SEVEN FOUR ONE TWO,0.0,81.63265306122449,2.94,4,4,0,0,4,0,0,0.0,1.0,0.0,0.0,1.0,0,1.0,1.0,-0.47869319265538995,0.6195925510797635,0.49499999999999994,0.27333333333333343,0.30000000000000004,0,0.8544921875,0.25,0.05766231566667557,0.07039947807788849,2272.9904417032703,0.1921188766891892,10,10.0,9,10,9
305,1044,7,f,THREE SIX FOUR SEVEN,0.0,80.8080808080808,2.97,4,4,0,0,4,0,0,0.0,1.0,0.0,0.0,1.0,0,1.0,1.0,-0.4449573972008445,0.6408515775218003,0.5550000000000002,0.1799999999999999,0.22000000000000008,0,0.83624267578125,0.25,0.05176636576652527,0.06749095022678375,2994.793244316587,0.2905878387721239,8,10.0,9,9,8
306,1044,7,f,DAVID IS AN EXPERT AT AMERICAN FOOTBALL,1.0,91.30434782608697,4.6,7,7,7,0,0,0,0,0.0,0.0,0.0,0.0,0.0,0,1.0,1.0,-0.2981178868900646,0.0,0.6371428571428571,0.0,0.0,0,0.9478934151785714,0.0,0.05402210354804993,0.05552396550774574,2503.4037080709018,0.19493175688244047,9,10.0,9,8,8
307,1044,7,f,DOES NEIL LIKE THE NOODLES,1.0,145.63106796116506,2.06,5,5,5,0,0,0,0,0.0,0.0,0.0,0.0,0.0,0,1.0,1.0,-0.5021701388888888,0.0,0.384,0.0,0.0,0,0.810205078125,0.2,0.06795866042375565,0.05711149424314499,2421.6867146414156,0.19852941176470587,8,10.0,9,8,8
308,1044,7,f,LET'S DRAW JACK'S ARM,1.0,81.63265306122449,2.94,4,4,4,0,0,0,0,0.0,0.0,0.0,0.0,0.0,0,1.0,1.0,-0.42929688692092893,0.0,0.715,0.0,0.0,0,0.9132080078125,0.0,0.049211449921131134,0.06645841896533966,2515.4432980984725,0.21186386536214954,8,10.0,8,7,7
309,1044,7,f,HERE IS LAYLA'S CLOTH,0.5,114.28571428571428,2.1,4,4,2,0,2,0,0,0.0,0.5,0.0,0.0,0.5,0,1.0,1.0,-0.4078125,0.6651035740519935,0.49000000000000005,0.0,0.0,0,0.8462320963541666,0.0,0.05616878345608711,0.056023918092250824,2462.132801367915,0.23142149390243902,7,10.0,9,8,7
310,1044,7,f,WHAT OUT THE CAR,0.75,165.51724137931035,1.45,4,4,3,0,1,0,0,0.0,0.25,0.0,0.0,0.25,0,1.0,1.0,-0.2475586012005806,0.7807044692511939,0.33499999999999996,0.0,0.0,0,0.9405517578125,0.0,0.04703202843666077,0.052097927778959274,1999.4985452777605,0.15814302884615383,9,10.0,9,8,9
311,1044,7,f,SO NEIL WENT ON TO STUDY,0.8333333333333334,116.88311688311688,3.08,6,6,5,0,1,0,0,0.0,0.16666666666666666,0.0,0.0,0.16666666666666666,0,1.0,1.0,-0.5894531428813934,0.554630505457851,0.5000000000000001,0.0,0.0,0,0.7842203776041666,0.3333333333333333,0.041420333087444305,0.040231455117464066,2392.145205913066,0.1875463025323276,8,10.0,7,7,8
312,1044,7,f,THEN PETER WALKED TO THEM PARK,0.8333333333333334,90.22556390977444,3.99,6,6,5,0,1,0,0,0.0,0.16666666666666666,0.0,0.0,0.16666666666666666,0,1.0,1.0,-0.40234374403953554,0.668750827065294,0.6566666666666666,0.0,0.0,0,0.9049479166666666,0.0,0.031440429389476776,0.03481387719511986,2325.250830512671,0.1766441031678082,8,10.0,7,8,7
313,1044,7,f,THEN DAVID WALKED TO PARK,1.0,111.1111111111111,2.7,5,5,5,0,0,0,0,0.0,0.0,0.0,0.0,0.0,0,1.0,1.0,-0.5538194444444444,0.0,0.524,0.0,0.0,0,0.7982421875,0.4,0.04621262848377228,0.04846090450882912,2234.540493390344,0.177919921875,9,10.0,8,8,8
314,1044,7,f,TINA IS DRAWING THE MUSHROOM,1.0,108.30324909747291,2.77,5,5,5,0,0,0,0,0.0,0.0,0.0,0.0,0.0,0,1.0,1.0,-0.3967013888888889,0.0,0.532,0.0,0.0,0,0.95693359375,0.0,0.05977533385157585,0.04861495643854141,2089.987381656673,0.1631772050233645,8,10.0,7,7,8
315,1044,7,f,JAYME LOVES POTATO,0.6666666666666666,87.37864077669903,2.06,3,3,2,0,1,0,0,0.0,0.3333333333333333,0.0,0.0,0.3333333333333333,0,1.0,1.0,-0.7449776785714286,0.47474489680594706,0.6266666666666667,0.0,0.0,0,0.7840169270833334,0.0,0.05372299626469612,0.059656381607055664,2339.4199447838632,0.178662109375,9,10.0,8,8,8
316,1044,7,f,LOWEN THIS IS CARROT,0.75,99.58506224066389,2.41,4,4,3,0,1,0,0,0.0,0.25,0.0,0.0,0.25,0,1.0,1.0,-0.672585205598311,0.5103874143818695,0.49500000000000005,0.10666666666666665,0.31999999999999995,0,0.8312428792317709,0.25,0.043707896023988724,0.05416809394955635,2274.0844388017663,0.19208984375,8,10.0,8,8,8
317,1044,7,f,CAN I SEE YOUR BOY,1.0,150.75376884422113,1.99,5,5,5,0,0,0,0,0.0,0.0,0.0,0.0,0.0,0,1.0,1.0,-0.19075520833333334,0.0,0.376,0.0,0.0,0,0.94921875,0.0,0.04227222874760628,0.037009693682193756,2036.9960528822362,0.15735756478658536,9,10.0,9,9,9
318,1044,7,f,LOOK AT THE OLD HOUSE,1.0,153.84615384615384,1.95,5,5,5,0,0,0,0,0.0,0.0,0.0,0.0,0.0,0,1.0,1.0,-0.287109375,0.0,0.368,0.0,0.0,0,0.94912109375,0.0,0.052683182060718536,0.04509372264146805,2372.580094032613,0.20108423477564102,9,10.0,10,9,9
319,1044,7,f,YOU ARE NOT GOING,1.0,184.6153846153846,1.3,4,4,4,0,0,0,0,0.0,0.0,0.0,0.0,0.0,0,1.0,1.0,-0.32617186648505075,0.0,0.305,0.0,0.0,0,0.8829345703125,0.0,0.05079197138547897,0.054427970200777054,1932.5915310928187,0.13741393008474576,9,10.0,9,8,9
320,1092,8,m,LILLY CAN SEE THE PANDA,0.8,98.0392156862745,3.06,5,5,4,0,1,0,0,0.0,0.2,0.0,0.0,0.2,0,1.0,1.0,-0.9409179389476776,0.3902694273778874,0.596,0.0,0.0,0,0.55052490234375,0.4,0.05746078118681908,0.06301752477884293,2161.626707179184,0.13144696769067796,8,10.0,6,7,7
321,1092,8,m,MANDY LIVE IN BRITAIN,0.0,67.87330316742081,4.42,4,5,0,0,4,1,0,0.0,1.0,0.25,0.0,1.25,1,1.25,1.0,-0.9445312142372131,0.38886182106568135,0.868,0.0,0.0,0,0.5347930908203125,0.6,0.04488912597298622,0.04176131635904312,1915.3182217076876,0.10839540469720498,7,10.0,7,6,6
322,1092,8,m,TIM IS A FRIEND FROM GERMAN,0.5,75.47169811320757,4.77,6,6,3,0,3,0,0,0.0,0.5,0.0,0.0,0.5,0,1.0,1.0,-0.8413461355062631,0.43112977353678666,0.71,0.07999999999999999,0.3799999999999999,0,0.5950673421223959,0.6666666666666666,0.0498475581407547,0.04387439414858818,1735.1344346413107,0.10263842205668605,6,10.0,6,6,5
323,1092,8,m,EIGHT FIVE THREE TWO,0.0,230.76923076923077,2.08,4,8,0,0,4,4,0,0.0,1.0,1.0,0.0,2.0,4,2.0,1.0,-0.9837740751413199,0.37389731610224514,0.24250000000000002,0.0,0.0,0,0.4808464050292969,0.5,0.056721530854701996,0.054024264216423035,1992.6014248119127,0.12335056211890244,8,10.0,8,6,7
324,1092,8,m,FIVE NINE SEVEN SEVEN,0.0,68.9655172413793,1.74,4,2,0,2,2,0,0,0.5,0.5,0.0,0.0,1.0,-2,0.5,1.0,-0.9017857483455113,0.4058442765120967,0.8,0.0,0.0,0,0.3002115885416667,1.0,0.04939243942499161,0.04413647577166557,2140.2490000558164,0.1332590987042683,8,10.0,8,7,7
325,1092,8,m,ONE FIVE FOUR EIGHT,1.0,121.8274111675127,1.97,4,4,4,0,0,0,0,0.0,0.0,0.0,0.0,0.0,0,1.0,1.0,-0.44708807360042224,0.0,0.34500000000000003,0.15999999999999995,0.26,0,0.7938232421875,0.25,0.04475639387965202,0.043896500021219254,1853.3739904371178,0.107391357421875,7,10.0,9,6,6
326,1092,8,m,FOUR THREE SEVEN ZERO,0.0,158.59030837004403,2.27,4,6,0,0,4,2,0,0.0,1.0,0.5,0.0,1.5,2,1.5,1.0,-0.45733173993917614,0.6329703236925949,0.28,0.076,0.17999999999999994,0,0.7201334635416666,0.3333333333333333,0.042638909071683884,0.043664492666721344,1964.1856238542257,0.14071584302325582,8,10.0,8,7,7
327,1092,8,m,FOUR NINE ONE THREE,0.0,123.07692307692307,1.95,4,4,0,0,4,0,0,0.0,1.0,0.0,0.0,1.0,0,1.0,1.0,-0.40078125,0.6697965630118559,0.365,0.09333333333333334,0.1399999999999999,0,0.73974609375,0.25,0.035973794758319855,0.03856589272618294,1900.8209600505727,0.11319788490853659,8,10.0,8,7,8
328,1092,8,m,JAYME SMELLS FRESH FISH,0.5,81.74386920980926,3.67,4,5,2,0,2,1,0,0.0,0.5,0.25,0.0,0.75,1,1.25,1.0,-0.8234375238418579,0.43892025940955715,0.712,0.0,0.0,0,0.54990234375,0.8,0.051045361906290054,0.0486130565404892,2261.201933946475,0.16410199333639705,6,10.0,7,7,6
329,1092,8,m,JACK SMELLS FRESH CHICKEN,0.25,119.20529801324503,3.02,4,6,1,0,3,2,0,0.0,0.75,0.5,0.0,1.25,2,1.5,1.0,-0.9195312023162842,0.3987059096862527,0.48,0.0,0.0,0,0.5079447428385416,0.5,0.05000811070203781,0.03964202105998993,2070.7270696757287,0.12409078663793104,6,10.0,7,7,6
330,1092,8,m,TINA HAS A BIG TEA,0.8,113.20754716981132,2.65,5,5,4,0,1,0,0,0.0,0.2,0.0,0.0,0.2,0,1.0,1.0,-1.177343738079071,0.30809603641156197,0.508,0.0,0.0,0,0.356451416015625,0.8,0.04636586084961891,0.04362313449382782,2170.0803373110716,0.1319384765625,8,10.0,8,8,8
331,1092,8,m,LAYLA CAN SEE THE VAN,0.0,116.50485436893204,2.06,5,4,0,1,4,0,0,0.2,0.8,0.0,0.0,1.0,-1,0.8,1.0,-0.6889648362994194,0.5020955512339861,0.495,0.0,0.0,0,0.52667236328125,0.75,0.051793914288282394,0.04822183772921562,2303.8401193008276,0.15359680911144577,8,10.0,8,8,8
332,1092,8,m,THEN JACK WALKED TO HOSPITAL,0.2,204.7244094488189,3.81,5,13,1,0,4,8,0,0.0,0.8,1.6,0.0,2.4,8,2.6,1.0,-1.086805522441864,0.3372922470707341,0.27384615384615385,0.011666666666666659,0.1399999999999999,0,0.3601825420673077,0.8461538461538461,0.0515584759414196,0.04516754671931267,1941.7449209376293,0.13554338727678572,7,10.0,6,6,7
333,1092,8,m,HENNY WOULD YOU LIKE TO GROW CARROT,0.7142857142857143,104.57516339869281,4.59,7,8,5,0,2,1,0,0.0,0.2857142857142857,0.14285714285714285,0.0,0.42857142857142855,1,1.1428571428571428,1.0,-0.7566105585831863,0.469254244353692,0.5225,0.02857142857142858,0.20000000000000007,0,0.6334075927734375,0.5,0.05934010446071625,0.05109595134854317,1768.934115441094,0.11350835755813954,4,10.0,6,6,4
334,1092,8,m,MARY WOULD YOU LIKE TO GREY LEEK,0.7142857142857143,143.83561643835617,2.92,7,7,5,0,2,0,0,0.0,0.2857142857142857,0.0,0.0,0.2857142857142857,0,1.0,1.0,-0.6885653192346747,0.5022961870508841,0.40571428571428575,0.0,0.0,0,0.7158551897321429,0.14285714285714285,0.07506516575813293,0.059261370450258255,1686.3721178847295,0.09949252136752136,7,10.0,7,6,7
335,1092,8,m,LYNDA WASHED THE CHINESE CABBAGE,0.6,118.42105263157895,3.04,5,6,3,0,2,1,0,0.0,0.4,0.2,0.0,0.6,1,1.2,1.0,-0.6796874821186065,0.506775343977288,0.4933333333333334,0.0,0.0,0,0.6635538736979166,0.3333333333333333,0.07253745198249817,0.05509612709283829,2264.8186188809323,0.14135335286458334,6,10.0,6,6,5
336,1092,8,m,MARY IS NOT A REALLY ACTOR,0.8333333333333334,90.0,4.0,6,6,5,0,1,0,0,0.0,0.16666666666666666,0.0,0.0,0.16666666666666666,0,1.0,1.0,-0.6406250238418579,0.5269629566795949,0.6366666666666667,0.0,0.0,0,0.7297159830729166,0.16666666666666666,0.057428035885095596,0.050833072513341904,2007.8291915852444,0.13998372395833333,8,10.0,7,6,7
337,1092,8,m,AM I YOUR BIRD,0.25,144.23076923076923,2.08,4,5,1,0,3,1,0,0.0,0.75,0.25,0.0,1.0,1,1.25,1.0,-0.871875,0.4181667510710116,0.388,0.0,0.0,0,0.57027587890625,0.6,0.07735497504472733,0.06673123687505722,1970.9842407376195,0.11587419181034483,7,10.0,7,7,7
338,1092,8,m,MY MOTHER IS IN A RED DRESS,1.0,121.03746397694525,3.47,7,7,7,0,0,0,0,0.0,0.0,0.0,0.0,0.0,0,1.0,1.0,-0.3771306709809737,0.0,0.48000000000000004,0.0,0.0,0,0.9011579241071429,0.0,0.0932156890630722,0.06352075934410095,2217.920769728094,0.147296875,8,10.0,8,7,7
339,1092,8,m,I CAN DO IT,1.0,79.47019867549669,3.02,4,4,4,0,0,0,0,0.0,0.0,0.0,0.0,0.0,0,1.0,1.0,-0.6328124850988388,0.0,0.72,0.0,0.0,0,0.8624267578125,0.0,0.05199550464749336,0.05190344899892807,1853.3803431589301,0.11299328926282051,8,10.0,7,6,8
340,1197,7,m,JACK CAN PAIN THE DEER,0.8,72.46376811594203,4.14,5,5,4,0,1,0,0,0.0,0.2,0.0,0.0,0.2,0,1.0,1.0,-0.6542968824505806,0.5198074198466583,0.792,0.0,0.0,0,0.644775390625,0.4,0.0206053014844656,0.028259310871362686,2316.710637457962,0.1833807414010067,7,10.0,7,7,7
341,1197,7,m,SO BETTY WENT TO FIND THE SHEEP,0.5714285714285714,71.8562874251497,6.68,7,8,4,0,3,1,0,0.0,0.42857142857142855,0.14285714285714285,0.0,0.5714285714285714,1,1.1428571428571428,1.0,-0.785807286699613,0.45575163100626825,0.7975,0.0,0.0,0,0.61358642578125,0.625,0.03973788022994995,0.039050277322530746,2416.8724497158823,0.21409574468085107,8,10.0,6,6,7
342,1197,7,m,LISA CAN PEN THE BEAR,0.8,83.79888268156425,3.58,5,5,4,0,1,0,0,0.0,0.2,0.0,0.0,0.2,0,1.0,1.0,-0.5520833333333334,0.5757490828010469,0.7,0.0,0.0,0,0.75869140625,0.2,0.015932047739624977,0.017638927325606346,2086.32916356509,0.17710352988138686,8,10.0,7,7,7
343,1197,7,m,LYNDA IS A FRIEND FROM BRITAIN,0.8333333333333334,59.11330049261084,6.09,6,6,5,0,1,0,0,0.0,0.16666666666666666,0.0,0.0,0.16666666666666666,0,1.0,1.0,-0.4875710335644809,0.6141162518079857,0.9966666666666667,0.0,0.0,0,0.9148966471354166,0.0,0.019879397004842758,0.022767620161175728,1992.5325011349528,0.1651653421336207,8,10.0,6,6,7
344,1197,7,m,SIX NINE THREE,0.0,71.42857142857143,2.52,3,3,0,0,3,0,0,0.0,1.0,0.0,0.0,1.0,0,1.0,1.0,-0.63671875,0.5290254439903966,0.6466666666666666,0.21999999999999997,0.28,0,0.78759765625,0.3333333333333333,0.017590319737792015,0.020897338166832924,2840.356927492875,0.2804378587372449,9,10.0,9,9,9
345,1197,7,m,NINE SIX SIX ONE,0.0,76.43312101910827,3.14,4,4,0,0,4,0,0,0.0,1.0,0.0,0.0,1.0,0,1.0,1.0,-0.510156261920929,0.6004017515506164,0.6499999999999999,0.04666666666666671,0.10000000000000009,0,0.80718994140625,0.25,0.026345495134592056,0.028187230229377747,2983.9715823867514,0.3181317862817797,9,10.0,9,9,9
346,1197,7,m,LOOK AT MANDY'S NECK,1.0,62.337662337662344,3.85,4,4,4,0,0,0,0,0.0,0.0,0.0,0.0,0.0,0,1.0,1.0,-0.5807291666666666,0.0,0.935,0.0,0.0,0,0.834228515625,0.0,0.022951316088438034,0.029200047254562378,2209.105419840042,0.2051018608940972,9,10.0,8,8,8
347,1197,7,m,LET'S DRAW JIM'S EYE,0.75,57.83132530120482,4.15,4,4,3,0,1,0,0,0.0,0.25,0.0,0.0,0.25,0,1.0,1.0,-0.5531249821186066,0.5751496667130437,1.0100000000000002,0.0,0.0,0,0.85272216796875,0.0,0.020034397020936012,0.02131841704249382,2109.691026831414,0.18332469706632654,8,10.0,7,7,7
348,1197,7,m,JAYME NEEDS NEW BOOTS,0.25,50.63291139240506,4.74,4,4,1,0,3,0,0,0.0,0.75,0.0,0.0,0.75,0,1.0,1.0,-0.8975694444444444,0.4075590517848892,1.15,0.0,0.0,0,0.6075019836425781,0.5,0.016997171565890312,0.02419588714838028,2090.9302764151234,0.17525690252130682,7,10.0,7,7,7
349,1197,7,m,LYNDA NEEDS NEW SHOES,0.0,42.704626334519574,2.81,4,2,0,2,2,0,0,0.5,0.5,0.0,0.0,1.0,-2,0.5,1.0,-1.51932373046875,0.2188598451616583,1.35,0.0,0.0,0,0.1541900634765625,1.0,0.019616372883319855,0.021642649546265602,2256.7000720636897,0.21204794606854838,8,10.0,7,7,7
350,1197,7,m,LOOK AT MARY'S COAT,1.0,62.66318537859007,3.83,4,4,4,0,0,0,0,0.0,0.0,0.0,0.0,0.0,0,1.0,1.0,-0.6241319444444444,0.0,0.93,0.0,0.0,0,0.74700927734375,0.25,0.020512666553258896,0.028043584898114204,2244.8437527801375,0.21198866102430555,8,10.0,7,7,7
351,1197,7,m,JACK LIKES YOUR RED JACKET,1.0,81.52173913043478,3.68,5,5,5,0,0,0,0,0.0,0.0,0.0,0.0,0.0,0,1.0,1.0,-0.6653645833333334,0.0,0.708,0.0,0.0,0,0.7705078125,0.2,0.02477997913956642,0.032461605966091156,2143.9304826650546,0.19511320153061223,9,10.0,7,7,8
352,1197,7,m,SO LISA WENT ON TO PLAYGROUND,1.0,52.02312138728324,6.92,6,6,6,0,0,0,0,0.0,0.0,0.0,0.0,0.0,0,1.0,1.0,-0.5496093571186066,0.0,1.0866666666666667,0.0,0.0,0,0.835205078125,0.0,0.012878592126071453,0.01441108901053667,2112.455277583474,0.18147343142023345,8,10.0,7,7,7
353,1197,7,m,LOWEN IS DRAWING THE PUMPKIN,0.6,82.75862068965517,4.35,5,6,3,0,2,1,0,0.0,0.4,0.2,0.0,0.6,1,1.2,1.0,-0.8600852164355192,0.42312602348987105,0.7066666666666667,0.0,0.0,0,0.6334686279296875,0.5,0.02530919574201107,0.025221969932317734,1686.746990576172,0.13882928145559212,7,10.0,6,7,6
354,1197,7,m,I'M NOT A REAL SALESPERSON,0.8,72.72727272727272,4.95,5,6,4,0,1,1,0,0.0,0.2,0.2,0.0,0.4,1,1.2,1.0,-0.6573153625835072,0.5182407571365536,0.8066666666666666,0.0,0.0,0,0.7565460205078125,0.16666666666666666,0.023186126723885536,0.02661754935979843,2219.366233212377,0.2037851344273743,8,10.0,7,7,7
355,1197,7,m,MARY IS NOT A REAL ACTOR,1.0,68.70229007633588,5.24,6,6,6,0,0,0,0,0.0,0.0,0.0,0.0,0.0,0,1.0,1.0,-0.3960937410593033,0.0,0.86,0.0,0.0,0,0.968505859375,0.0,0.018947040662169456,0.021537484601140022,1819.2624474210415,0.14051794368315507,9,10.0,7,7,8
356,1197,7,m,JACK LIKES THE SCIENCE CLASS AT SCHOOL,1.0,62.1301775147929,6.76,7,7,7,0,0,0,0,0.0,0.0,0.0,0.0,0.0,0,1.0,1.0,-0.3714488582177596,0.0,0.9400000000000001,0.0,0.0,0,0.8998325892857143,0.0,0.01973625272512436,0.023848609998822212,2521.0144625763824,0.2569611922554348,8,10.0,7,7,7
357,1197,7,m,ARE YOU GOING IN NOW,1.0,92.87925696594428,3.23,5,5,5,0,0,0,0,0.0,0.0,0.0,0.0,0.0,0,1.0,1.0,-0.6015625,0.0,0.624,0.0,0.0,0,0.7724609375,0.2,0.016956545412540436,0.01735525019466877,1736.5311415828778,0.11866028328252033,8,10.0,8,8,8
358,1197,7,m,THAT WE'RE HAPPY,0.6666666666666666,111.62790697674419,2.15,3,4,2,0,1,1,0,0.0,0.3333333333333333,0.3333333333333333,0.0,0.6666666666666666,1,1.3333333333333333,1.0,-0.6450893027441842,0.5246156903938365,0.485,0.0,0.0,0,0.711639404296875,0.25,0.016921114176511765,0.0221296064555645,2259.7732037434653,0.20118309985632185,8,10.0,9,8,8
359,1197,7,m,AND HERE AM I AND HERE ARE YOU,0.75,75.94936708860759,6.32,8,8,6,0,2,0,0,0.0,0.25,0.0,0.0,0.25,0,1.0,1.0,-0.7073317491091214,0.49295777923235756,0.77,0.0028571428571428597,0.020000000000000018,0,0.688140869140625,0.375,0.014937791973352432,0.016150832176208496,1885.3334852406924,0.1567290683962264,8,10.0,7,7,7
360,1203,7,m,LILLY WENT TO SEE FISH,0.2,157.2052401746725,2.29,5,6,1,0,4,1,0,0.0,0.8,0.2,0.0,1.0,1,1.2,1.0,-0.981250011920929,0.37484224859903,0.36333333333333334,0.0,0.0,0,0.4587605794270833,0.6666666666666666,0.07929856330156326,0.06428727507591248,2405.2545129279374,0.17974403782894738,9,10.0,7,8,8
361,1203,7,m,LUCY RAN AWAY FROM THE FISH,0.6666666666666666,125.43554006968641,2.87,6,6,4,0,2,0,0,0.0,0.3333333333333333,0.0,0.0,0.3333333333333333,0,1.0,1.0,-0.587890644868215,0.5554977919109074,0.46,0.0,0.0,0,0.826327853732639,0.3333333333333333,0.06867973506450653,0.0548158623278141,2475.918286115969,0.18880496404867256,8,10.0,8,8,8
362,1203,7,m,SANDY CAN PAINT THE CAT,0.4,111.62790697674419,2.15,5,4,2,1,2,0,0,0.2,0.4,0.0,0.0,0.6,-1,0.8,1.0,-1.1445312023162841,0.3183731353996842,0.51,0.0,0.0,0,0.32632191975911456,1.0,0.07112228870391846,0.06395972520112991,2785.822228657192,0.20924729567307693,7,10.0,7,8,7
363,1203,7,m,PETER LOVES CANADA,1.0,105.26315789473684,1.71,3,3,3,0,0,0,0,0.0,0.0,0.0,0.0,0.0,0,1.0,1.0,-0.40039063351494925,0.0,0.5333333333333333,0.0,0.0,0,0.9140625,0.0,0.05136929452419281,0.0492667518556118,2611.3589971268557,0.21561104910714285,8,10.0,9,8,8
364,1203,7,m,CASEY IS A FRIEND FROM CANADA,1.0,130.9090909090909,2.75,6,6,6,0,0,0,0,0.0,0.0,0.0,0.0,0.0,0,1.0,1.0,-0.46210936903953553,0.0,0.41333333333333333,0.0,0.0,0,0.8582763671875,0.16666666666666666,0.06806911528110504,0.052004411816596985,2387.3657853412906,0.17634568520642202,8,10.0,8,8,7
365,1203,7,m,FOUR TWO ONE THREE,0.0,36.144578313253014,1.66,4,1,0,3,1,0,0,0.75,0.25,0.0,0.0,1.0,-3,0.25,1.0,-0.4049479216337204,0.6670115468256187,1.5799999999999998,0.0,0.0,0,0.6324869791666666,0.0,0.05129145085811615,0.04955929517745972,2212.2879932272676,0.16906222491197184,9,10.0,9,9,9
366,1203,7,m,NINE NINE TWO SIX,0.0,127.65957446808511,1.88,4,4,0,0,4,0,0,0.0,1.0,0.0,0.0,1.0,0,1.0,1.0,-0.516406238079071,0.5966609570333556,0.45,0.0,0.0,0,0.683349609375,0.5,0.051816780120134354,0.045665014535188675,2823.2172358256566,0.24458184299698796,8,10.0,9,8,8
367,1203,7,m,FIVE NINE FIVE THREE,0.0,129.72972972972974,1.85,4,4,0,0,4,0,0,0.0,1.0,0.0,0.0,1.0,0,1.0,1.0,-0.38164063096046447,0.6827403648732174,0.3600000000000001,0.09999999999999991,0.11999999999999988,0,0.7762451171875,0.25,0.03138761222362518,0.027226310223340988,2742.768116287295,0.22454378498134328,8,10.0,9,8,8
368,1203,7,m,SIX ONE SEVEN SIX,0.0,110.09174311926604,2.18,4,4,0,0,4,0,0,0.0,1.0,0.0,0.0,1.0,0,1.0,1.0,-0.5539772727272727,0.5746596808883456,0.405,0.16,0.19999999999999996,0,0.826171875,0.0,0.049778033047914505,0.04617716372013092,3083.877347451949,0.27894810267857145,10,10.0,10,9,9
369,1203,7,m,SIX THREE SEVEN NINE,0.0,26.785714285714285,2.24,4,1,0,3,1,0,0,0.75,0.25,0.0,0.0,1.0,-3,0.25,1.0,-0.6380208333333334,0.5283370570427119,2.24,0.0,0.0,0,0.8024088541666666,0.0,0.05265454575419426,0.04156289994716644,2941.2737529030373,0.2690934806034483,9,10.0,9,9,9
370,1203,7,m,LILLY IS AN EXPERT AT GOLF,0.6666666666666666,124.13793103448276,2.9,6,6,4,0,2,0,0,0.0,0.3333333333333333,0.0,0.0,0.3333333333333333,0,1.0,1.0,-0.4596354017655055,0.6315138523735014,0.47000000000000003,0.0,0.0,0,0.8722737630208334,0.0,0.06045899912714958,0.052126966416835785,2705.409890284574,0.2231640625,7,10.0,9,8,6
371,1203,7,m,HE IS GOOD AT AMERICAN FOOTBALL,1.0,104.04624277456648,3.46,6,6,6,0,0,0,0,0.0,0.0,0.0,0.0,0.0,0,1.0,1.0,-0.30976563692092896,0.0,0.5466666666666667,0.0,0.0,0,0.9095052083333334,0.0,0.07383172959089279,0.06080854684114456,2483.9095086642483,0.18325083492366412,8,10.0,8,7,7
372,1203,7,m,MARY AT A LITTLE EGG,0.6,123.96694214876034,2.42,5,5,3,0,2,0,0,0.0,0.4,0.0,0.0,0.4,0,1.0,1.0,-0.609375,0.5436905695130004,0.41600000000000004,0.0,0.0,0,0.73701171875,0.4,0.07814829796552658,0.07032816112041473,2378.247347429361,0.17576549899193547,8,10.0,8,7,7
373,1203,7,m,LOOK AT MY MOUTH,1.0,126.31578947368423,1.9,4,4,4,0,0,0,0,0.0,0.0,0.0,0.0,0.0,0,1.0,1.0,-0.38950893708637785,0.0,0.4,0.0,0.0,0,0.8634033203125,0.0,0.05139559879899025,0.04985659569501877,2449.8758558100253,0.19993058170180722,8,10.0,8,8,8
374,1203,7,m,BY CASEY MOUTH,0.3333333333333333,117.6470588235294,1.53,3,3,1,0,2,0,0,0.0,0.6666666666666666,0.0,0.0,0.6666666666666666,0,1.0,1.0,-0.8549106972558158,0.4253211717341562,0.4733333333333334,0.0,0.0,0,0.3625895182291667,1.0,0.056616540998220444,0.049254871904850006,2634.3883075550684,0.22649274553571427,8,10.0,9,8,7
375,1203,7,m,BET LIKES YOUR BLUE JAZZ,0.4,106.38297872340425,2.82,5,5,2,0,3,0,0,0.0,0.6,0.0,0.0,0.6,0,1.0,1.0,-0.7044270833333334,0.4943917384004594,0.536,0.0,0.0,0,0.63515625,0.4,0.060098979622125626,0.05596577376127243,2502.555388298632,0.21132179542824073,8,10.0,8,8,8
376,1203,7,m,HERE IS BETTY'S SCARE,0.75,120.0,2.0,4,4,3,0,1,0,0,0.0,0.25,0.0,0.0,0.25,0,1.0,1.0,-0.6085069444444444,0.544162728032634,0.48000000000000004,0.0,0.0,0,0.678131103515625,0.25,0.044687747955322266,0.04805848374962807,2323.435856966846,0.1698555652006173,8,10.0,8,9,8
377,1203,7,m,MISS GOT ON THE SHIP,0.4,132.74336283185843,2.26,5,5,2,0,3,0,0,0.0,0.6,0.0,0.0,0.6,0,1.0,1.0,-0.8246527777777778,0.43838718381346853,0.43599999999999994,0.0,0.0,0,0.5995849609375,0.6,0.06091534346342087,0.057836901396512985,2194.4236567109815,0.16021592881944444,9,10.0,8,8,8
378,1203,7,m,SO PETER WAIT INTO THE HOSPITAL,0.8333333333333334,117.26384364820846,3.07,6,6,5,0,1,0,0,0.0,0.16666666666666666,0.0,0.0,0.16666666666666666,0,1.0,1.0,-0.4562499761581421,0.6336554185518286,0.44999999999999996,0.0,0.0,0,0.8380533854166666,0.0,0.04588108882308006,0.03957929462194443,1812.6163695050145,0.1284699987192623,8,10.0,8,8,8
379,1203,7,m,LUCY LOVE POT TOWEL,0.25,113.92405063291139,1.58,4,3,1,1,2,0,0,0.25,0.5,0.0,0.0,0.75,-1,0.75,1.0,-0.6925223043986729,0.5003125357185265,0.5,0.0,0.0,0,0.476806640625,0.6666666666666666,0.045261312276124954,0.04879113659262657,1662.642040375223,0.11711682771381579,8,10.0,7,8,7
380,1418,7,m,SOME MANDY WANTS TO FIND THE AUNT,0.42857142857142855,112.0,3.75,7,7,3,0,4,0,0,0.0,0.5714285714285714,0.0,0.0,0.5714285714285714,0,1.0,1.0,-0.7063801834980646,0.4934270841545785,0.49714285714285716,0.0,0.0,0,0.6447012765066964,0.5714285714285714,0.02672056294977665,0.02131429873406887,2987.7785195907923,0.274925754494863,8,10.0,8,8,8
381,1418,7,m,LILLY CAN PLANT THE FISH,0.8,98.36065573770493,3.05,5,5,4,0,1,0,0,0.0,0.2,0.0,0.0,0.2,0,1.0,1.0,-0.62890625,0.5331746419722976,0.568,0.0,0.0,0,0.738623046875,0.4,0.020900893956422806,0.02116154506802559,3083.5545630521697,0.28212890625,7,10.0,8,7,7
382,1418,7,m,DO CAN DRAW THE COW,0.6,107.14285714285715,2.8,5,5,3,0,2,0,0,0.0,0.4,0.0,0.0,0.4,0,1.0,1.0,-0.5894097222222222,0.5546545884028392,0.5,0.0,0.0,0,0.7505859375,0.4,0.02496383711695671,0.02359713241457939,2689.985933082208,0.2412109375,8,10.0,8,8,8
383,1418,7,m,MARY CAN SEE THE SAY,0.8,113.63636363636363,2.64,5,5,4,0,1,0,0,0.0,0.2,0.0,0.0,0.2,0,1.0,1.0,-0.5789930555555556,0.5604624370612336,0.4800000000000001,0.0,0.0,0,0.8117431640625,0.2,0.03367232158780098,0.03107977658510208,3171.8146552392786,0.31094441371681414,8,10.0,9,8,8
384,1418,7,m,SEVEN FOUR NINE FIVE,0.0,80.8080808080808,2.97,4,4,0,0,4,0,0,0.0,1.0,0.0,0.0,1.0,0,1.0,1.0,-0.5828124761581421,0.5583258780881645,0.4800000000000001,0.2599999999999999,0.5,0,0.73345947265625,0.25,0.039236098527908325,0.04593497887253761,2924.912014384429,0.31036528279958675,8,10.0,7,7,7
385,1418,7,m,PETER LIKES ICE SKATING,1.0,82.19178082191782,2.92,4,4,4,0,0,0,0,0.0,0.0,0.0,0.0,0.0,0,1.0,1.0,-0.4714355543255806,0.0,0.6449999999999999,0.0,0.0,0,0.81494140625,0.25,0.04859001934528351,0.05191376805305481,3123.0001684972117,0.2765090811965812,9,10.0,8,8,8
386,1418,7,m,HONEY LIKES CAKE,0.6666666666666666,72.0,2.5,3,3,2,0,1,0,0,0.0,0.3333333333333333,0.0,0.0,0.3333333333333333,0,1.0,1.0,-0.9497070461511612,0.3868543373228826,0.7200000000000001,0.0,0.0,0,0.4571533203125,1.0,0.03885997086763382,0.04147934168577194,3214.2593279848097,0.315540880259901,9,10.0,8,8,8
387,1418,7,m,LET'S DRAW NACY'S EYE,0.75,99.17355371900827,2.42,4,4,3,0,1,0,0,0.0,0.25,0.0,0.0,0.25,0,1.0,1.0,-0.49335935711860657,0.6105718163086795,0.505,0.0,0.0,0,0.76470947265625,0.25,0.05000411346554756,0.04886404052376747,3193.5150807622754,0.3147547104779412,8,10.0,8,8,8
388,1418,7,m,BITTY LIKES YOUR RIGHT SWEATER,0.6,94.9367088607595,3.16,5,5,3,0,2,0,0,0.0,0.4,0.0,0.0,0.4,0,1.0,1.0,-0.7256944444444444,0.48398834920562406,0.572,0.0,0.0,0,0.62705078125,0.4,0.04694035276770592,0.04143110290169716,2945.192049058409,0.27781734609962405,8,10.0,8,8,8
389,1418,7,m,LOOK AT ALICE CHOOSE,0.5,94.48818897637796,2.54,4,4,2,0,2,0,0,0.0,0.5,0.0,0.0,0.5,0,1.0,1.0,-0.6063368055555556,0.5453449190259849,0.575,0.0,0.0,0,0.745819091796875,0.0,0.026007497683167458,0.022310275584459305,3397.31141525654,0.34980378327546297,8,10.0,8,8,8
390,1418,7,m,JACK ME GOT ON THE BUS,0.6666666666666666,176.47058823529414,2.38,6,7,4,0,2,1,0,0.0,0.3333333333333333,0.16666666666666666,0.0,0.5,1,1.1666666666666667,1.0,-0.6626420671289618,0.5154875809278191,0.2914285714285714,0.0,0.0,0,0.6419852120535714,0.5714285714285714,0.03707891330122948,0.03534357622265816,2898.0294235525143,0.2641701211734694,8,10.0,9,8,8
391,1418,7,m,MIKE WASHED THE EGYPT PLANT,0.6,74.6268656716418,4.02,5,5,3,0,2,0,0,0.0,0.4,0.0,0.0,0.4,0,1.0,1.0,-0.7933593928813935,0.4523227103798797,0.688,0.07,0.28,0,0.5504638671875,0.6,0.03603052347898483,0.0356636568903923,2544.0014151261307,0.21467159955929488,8,10.0,7,8,7
392,1418,7,m,TIM WHAT'S TO BE A GOOD A STUDENT,0.625,116.99164345403901,3.59,8,7,5,1,2,0,0,0.125,0.25,0.0,0.0,0.375,-1,0.875,1.0,-0.4524147781458768,0.6360902786543554,0.45999999999999996,0.0,0.0,0,0.8684430803571429,0.14285714285714285,0.03338511288166046,0.03349096700549126,2522.8504124725623,0.23225911458333334,8,10.0,8,8,8
393,1418,7,m,LUCY WILL A READ IN JUNE SIXTH SEE,0.25,80.67226890756302,5.95,8,8,2,0,6,0,0,0.0,0.75,0.0,0.0,0.75,0,1.0,1.0,-0.9801683059105506,0.37524793709056553,0.6649999999999999,0.05142857142857144,0.3600000000000001,0,0.48488616943359375,0.5,0.04706813022494316,0.047782737761735916,2601.5750154473726,0.23606865187198067,7,10.0,6,7,6
394,1418,7,m,WHAT ARE YOU DOING THIS FOR,1.0,144.0,2.5,6,6,6,0,0,0,0,0.0,0.0,0.0,0.0,0.0,0,1.0,1.0,-0.3820312410593033,0.0,0.3666666666666667,0.0,0.0,0,0.9495442708333334,0.0,0.04565031826496124,0.046546563506126404,2332.5466777321008,0.1877723106971154,9,10.0,9,9,9
395,1418,7,m,HOW CAN YOU HERE,0.75,147.23926380368098,1.63,4,4,3,0,1,0,0,0.0,0.25,0.0,0.0,0.25,0,1.0,1.0,-0.3085937462747097,0.7344790942926923,0.31499999999999995,0.0,0.0,0,0.9649658203125,0.0,0.022140150889754295,0.030343778431415558,2490.407658352365,0.23234477796052633,9,10.0,10,9,9
396,1418,7,m,YOU TO BUY SURE,0.5,137.9310344827586,1.74,4,4,2,0,2,0,0,0.0,0.5,0.0,0.0,0.5,0,1.0,1.0,-0.859375,0.4234266412852628,0.32500000000000007,0.046666666666666634,0.1399999999999999,0,0.3738606770833333,1.0,0.03837219253182411,0.04854629933834076,2366.3075567600204,0.2264759691455696,9,10.0,9,9,9
397,1418,7,m,OH NOT THAT NO,1.0,90.9090909090909,2.64,4,4,4,0,0,0,0,0.0,0.0,0.0,0.0,0.0,0,1.0,1.0,-0.558984375,0.0,0.4550000000000001,0.17333333333333323,0.31999999999999995,0,0.8392333984375,0.25,0.0338335745036602,0.04659502953290939,2385.4012046972816,0.20461748231132076,9,10.0,7,7,8
398,1418,7,m,BE TO BUG TO BACK,0.4,150.0,2.0,5,5,2,0,3,0,0,0.0,0.6,0.0,0.0,0.6,0,1.0,1.0,-0.436328136920929,0.6464055815939321,0.2919999999999999,0.06000000000000005,0.2400000000000002,0,0.759765625,0.4,0.03335336223244667,0.04234880208969116,2495.7235337562884,0.21752374822443182,8,10.0,9,8,8
399,1418,7,m,YES I SEE THE HOUSE,1.0,155.44041450777203,1.93,5,5,5,0,0,0,0,0.0,0.0,0.0,0.0,0.0,0,1.0,1.0,-0.33671875298023224,0.0,0.268,0.05499999999999999,0.21999999999999997,0,0.9365234375,0.0,0.0422799177467823,0.04566929489374161,3151.540735455706,0.31086282169117646,8,10.0,9,9,8
400,1419,7,m,LAYLA CAN DRAW THE MONKEY,0.8,116.73151750972764,2.57,5,5,4,0,1,0,0,0.0,0.2,0.0,0.0,0.2,0,1.0,1.0,-0.551953125,0.5758240550104339,0.45999999999999996,0.0,0.0,0,0.8506591796875,0.0,0.051285192370414734,0.04867033287882805,2316.26418393243,0.19071138822115385,8,10.0,8,8,8
401,1419,7,m,LUCY IS A FRIEND FROM CANADA,0.8333333333333334,76.75906183368869,4.69,6,6,5,0,1,0,0,0.0,0.16666666666666666,0.0,0.0,0.16666666666666666,0,1.0,1.0,-0.4762369791666667,0.6211162731885872,0.6466666666666667,0.088,0.28,0,0.8763834635416666,0.16666666666666666,0.032232481986284256,0.03172767907381058,2781.240062451339,0.27198660714285716,7,10.0,7,7,6
402,1419,7,m,MANDY LIVES IN JAPAN,0.75,80.53691275167786,2.98,4,4,3,0,1,0,0,0.0,0.25,0.0,0.0,0.25,0,1.0,1.0,-0.72265625,0.485461035940867,0.67,0.0,0.0,0,0.7884407043457031,0.25,0.03639307990670204,0.032004501670598984,2971.3009825413233,0.26986083984375,7,10.0,7,7,7
403,1419,7,m,SIX TWO THREE THREE,0.0,109.58904109589042,2.19,4,4,0,0,4,0,0,0.0,1.0,0.0,0.0,1.0,0,1.0,1.0,-0.40011160714285715,0.6702452377051511,0.48,0.0,0.0,0,0.6962890625,0.5,0.044260598719120026,0.05095592886209488,3117.4482694420753,0.3083367598684211,7,10.0,8,8,7
404,1419,7,m,NEIL IS GOOD AT BASKETBALL,0.8,107.9136690647482,2.78,5,5,4,0,1,0,0,0.0,0.2,0.0,0.0,0.2,0,1.0,1.0,-0.562109363079071,0.5700054464184684,0.508,0.0,0.0,0,0.760791015625,0.4,0.0481482669711113,0.048235826194286346,2564.2609118709497,0.22279331140350878,7,10.0,8,8,7
405,1419,7,m,MIKE ATE A LITTLE RICE,0.6,106.76156583629894,2.81,5,5,3,0,2,0,0,0.0,0.4,0.0,0.0,0.4,0,1.0,1.0,-0.48828125,0.6136802511983586,0.508,0.0,0.0,0,0.83994140625,0.2,0.04203445836901665,0.04267185926437378,2810.227110191341,0.28339227899774777,9,10.0,9,9,9
406,1419,7,m,NEIL LIKES CAKE,0.3333333333333333,80.71748878923766,2.23,3,3,1,0,2,0,0,0.0,0.6666666666666666,0.0,0.0,0.6666666666666666,0,1.0,1.0,-0.9326172024011612,0.3935224335721529,0.6533333333333333,0.0,0.0,0,0.5518290201822916,0.6666666666666666,0.03272219002246857,0.0383736789226532,2629.5593036954565,0.2504781087239583,5,10.0,8,7,5
407,1419,7,m,NEIL LIKES SAUSAGE,0.3333333333333333,90.9090909090909,1.98,3,3,1,0,2,0,0,0.0,0.6666666666666666,0.0,0.0,0.6666666666666666,0,1.0,1.0,-0.6428571428571429,0.5257880244257798,0.58,0.0,0.0,0,0.5662638346354166,0.6666666666666666,0.04891124367713928,0.047543108463287354,3099.562045069064,0.2935987903225806,3,10.0,8,7,4
408,1419,7,m,HENNY SMELLS FRESH BREAD,0.25,125.0,3.36,4,7,1,0,3,3,0,0.0,0.75,0.75,0.0,1.5,3,1.75,1.0,-0.7848011363636364,0.45621041642777627,0.4457142857142857,0.0,0.0,0,0.6194981166294643,0.2857142857142857,0.03371713310480118,0.02897569164633751,3152.4109700859863,0.2905850147637795,7,10.0,7,7,7
409,1419,7,m,BY MY MOUTH,0.6666666666666666,119.20529801324503,1.51,3,3,2,0,1,0,0,0.0,0.3333333333333333,0.0,0.0,0.3333333333333333,0,1.0,1.0,-0.7896205186843872,0.45401705358469,0.38000000000000006,0.0,0.0,0,0.6070963541666666,0.6666666666666666,0.031570855528116226,0.03151978552341461,2882.218786439039,0.2743063534007353,9,10.0,9,8,9
410,1419,7,m,LET'S DRAW JAYME'S TOE,0.25,132.91139240506328,3.16,4,7,1,0,3,3,0,0.0,0.75,0.75,0.0,1.5,3,1.75,1.0,-0.746875015894572,0.47384499956853393,0.40857142857142864,0.0,0.0,0,0.5505545479910714,0.5714285714285714,0.02802499197423458,0.029532786458730698,2879.3466532884745,0.2608874612603306,7,10.0,7,7,7
411,1419,7,m,LET'S DRAW NEIL'S ARM,0.5,122.44897959183672,2.45,4,5,2,0,2,1,0,0.0,0.5,0.25,0.0,0.75,1,1.25,1.0,-0.7105034722222222,0.491396730565908,0.43600000000000005,0.0,0.0,0,0.563818359375,0.6,0.027907975018024445,0.029746947810053825,2982.7175444372365,0.29872847576530615,7,10.0,8,8,7
412,1419,7,m,SANDY HAS A BEAUTIFUL SHORTS,1.0,105.63380281690141,2.84,5,5,5,0,0,0,0,0.0,0.0,0.0,0.0,0.0,0,1.0,1.0,-0.6944444444444444,0.0,0.43599999999999994,0.0,0.0,0,0.684814453125,0.4,0.030434181913733482,0.027476530522108078,3302.0343737419153,0.3218579773509174,8,10.0,10,9,8
413,1419,7,m,BETTY NEEDS NEW SKIRT,0.75,108.30324909747291,2.77,4,5,3,0,1,1,0,0.0,0.25,0.25,0.0,0.5,1,1.25,1.0,-0.5260416666666666,0.5909394816901834,0.5439999999999999,0.0,0.0,0,0.77763671875,0.2,0.030743252485990524,0.0226050466299057,3010.9358973461926,0.2706869982798165,7,10.0,8,8,7
414,1419,7,m,JAYME GOT ON THE UNDERGROUND,0.6,116.73151750972764,2.57,5,5,3,0,2,0,0,0.0,0.4,0.0,0.0,0.4,0,1.0,1.0,-0.5015625178813934,0.6055836847365528,0.45999999999999996,0.0,0.0,0,0.79208984375,0.2,0.03654082864522934,0.030375739559531212,2614.7433679648166,0.21579728036556603,7,10.0,9,8,6
415,1419,7,m,SO HE WENT ON TO TEACHER'S OFFICE,1.0,120.0,3.5,7,7,7,0,0,0,0,0.0,0.0,0.0,0.0,0.0,0,1.0,1.0,-0.538736974199613,0.0,0.4657142857142857,0.0,0.0,0,0.7361188616071429,0.2857142857142857,0.044937726110219955,0.04143620282411575,3026.122919822682,0.2929867015165441,8,10.0,8,8,8
416,1419,7,m,THE LAYLA WALKED TO BUS STOP,0.8333333333333334,109.0909090909091,3.85,6,7,5,0,1,1,0,0.0,0.16666666666666666,0.16666666666666666,0.0,0.3333333333333333,1,1.1666666666666667,1.0,-0.8001302033662796,0.4492704637820795,0.48857142857142855,0.0,0.0,0,0.5613054547991071,0.5714285714285714,0.0429018959403038,0.04514925181865692,2567.2663724169715,0.23911301185344827,8,10.0,7,7,7
417,1419,7,m,HENNY CAN SEE THE KITCHEN,0.8,185.8407079646018,2.26,5,7,4,0,1,2,0,0.0,0.2,0.4,0.0,0.6,2,1.4,1.0,-0.7450284199281172,0.4747208082169512,0.27999999999999997,0.0,0.0,0,0.7003391810825893,0.42857142857142855,0.037791043519973755,0.03473975509405136,2928.9939661880394,0.2554728190104167,8,10.0,9,8,8
418,1419,7,m,LAYLA LOVES COOL,0.6666666666666666,101.26582278481013,2.37,3,4,2,0,1,1,0,0.0,0.3333333333333333,0.3333333333333333,0.0,0.6666666666666666,1,1.3333333333333333,1.0,-0.8467881944444444,0.4287899125047916,0.525,0.0,0.0,0,0.4965362548828125,0.75,0.04084481671452522,0.04251941293478012,2683.137010801424,0.22628199800531915,7,10.0,7,7,7
419,1419,7,m,AND MY NAME TOO,0.75,123.07692307692307,1.95,4,4,3,0,1,0,0,0.0,0.25,0.0,0.0,0.25,0,1.0,1.0,-0.5400390625,0.5827254892149771,0.38,0.0,0.0,0,0.80340576171875,0.25,0.022723771631717682,0.024557815864682198,2543.02547767841,0.21979631696428573,8,10.0,8,7,7
420,1435,7,m,BILLY RAN AWAY FROM THE GOAT,1.0,101.12359550561797,3.56,6,6,6,0,0,0,0,0.0,0.0,0.0,0.0,0.0,0,1.0,1.0,-0.5175781488418579,0.0,0.5633333333333334,0.0,0.0,0,0.8082682291666666,0.16666666666666666,0.022625382989645004,0.01942705549299717,2797.580348365797,0.2329538829291045,9,10.0,7,8,8
421,1435,7,m,TIM RAN AWAY FROM THE BIRD,0.6666666666666666,105.63380281690141,2.84,6,5,4,1,1,0,0,0.16666666666666666,0.16666666666666666,0.0,0.0,0.3333333333333333,-1,0.8333333333333334,1.0,-0.6253255357344946,0.5350872101554007,0.508,0.0,0.0,0,0.8618560791015625,0.2,0.021862804889678955,0.01931510865688324,2431.937323191172,0.21250791807432431,8,10.0,8,8,7
422,1435,7,m,CASEY IS GOING TO SEE SQUID,0.5,110.42944785276075,3.26,6,6,3,0,3,0,0,0.0,0.5,0.0,0.0,0.5,0,1.0,1.0,-0.7261718809604645,0.4837573306471212,0.5133333333333333,0.0,0.0,0,0.6589762369791666,0.5,0.01670266129076481,0.01693069376051426,3403.1499924523696,0.3285935924899194,8,10.0,7,8,7
423,1435,7,m,STEEVEN IS GOING TO SEE WHALE,0.6666666666666666,91.37055837563452,3.94,6,6,4,0,2,0,0,0.0,0.3333333333333333,0.0,0.0,0.3333333333333333,0,1.0,1.0,-0.5330255898562345,0.5868267838397729,0.6,0.0,0.0,0,0.77587890625,0.3333333333333333,0.019731666892766953,0.016841884702444077,2516.8948762155756,0.19040890957446807,7,10.0,7,7,6
424,1435,7,m,ALISA IS GOING TO SEE ANT,0.6666666666666666,129.03225806451613,2.79,6,6,4,0,2,0,0,0.0,0.3333333333333333,0.0,0.0,0.3333333333333333,0,1.0,1.0,-0.574928955598311,0.5627448472577933,0.4466666666666667,0.0,0.0,0,0.7571207682291666,0.3333333333333333,0.020214136689901352,0.020239321514964104,2908.010706894796,0.24998191550925927,6,10.0,8,8,6
425,1435,7,m,MIKE IS GOING TO SEE SHARK,0.8333333333333334,136.88212927756655,2.63,6,6,5,0,1,0,0,0.0,0.16666666666666666,0.0,0.0,0.16666666666666666,0,1.0,1.0,-0.594140625,0.5520367686777081,0.42,0.0,0.0,0,0.7044881184895834,0.3333333333333333,0.034253645688295364,0.032687243074178696,3327.64192186811,0.31873755361519607,9,10.0,8,8,8
426,1435,7,m,HENNY LIVED IN AUSTRALIA,0.75,113.20754716981132,2.12,4,4,3,0,1,0,0,0.0,0.25,0.0,0.0,0.25,0,1.0,1.0,-0.6195312738418579,0.5381966453277655,0.48500000000000004,0.0,0.0,0,0.8726603190104166,0.25,0.02571079693734646,0.02333138696849346,3020.177014453696,0.23586040296052632,8,10.0,9,8,8
427,1435,7,m,ONE FOUR EIGHT SEVEN,0.0,112.14953271028038,2.14,4,4,0,0,4,0,0,0.0,1.0,0.0,0.0,1.0,0,1.0,1.0,-0.49960938692092893,0.6067676247989928,0.385,0.12,0.14000000000000012,0,0.6754150390625,0.25,0.037351857870817184,0.03378048166632652,2530.0003778236724,0.20447838824728262,8,10.0,8,7,7
428,1435,7,m,ALISA HAS A BEAUTIFUL SNEAKERS,0.6,97.67441860465115,4.3,5,7,3,0,2,2,0,0.0,0.4,0.4,0.0,0.8,2,1.4,1.0,-0.625,0.5352614285189903,0.58,0.0,0.0,0,0.7055838448660714,0.42857142857142855,0.027752704918384552,0.0174971055239439,3186.0665824746416,0.29907386131535946,7,10.0,8,7,7
429,1435,7,m,DAVID LOVES THE NEW T SHIRT,1.0,126.3157894736842,2.85,6,6,6,0,0,0,0,0.0,0.0,0.0,0.0,0.0,0,1.0,1.0,-0.3478337959809737,0.0,0.44,0.0,0.0,0,0.859619140625,0.0,0.027715884149074554,0.025780029594898224,3087.2364933293816,0.26426133164414417,8,10.0,8,8,8
430,1435,7,m,HENNY GOT ON THE YACHT,0.4,118.57707509881423,2.53,5,5,2,0,3,0,0,0.0,0.6,0.0,0.0,0.6,0,1.0,1.0,-0.8034855585831863,0.4477655279966272,0.47999999999999987,0.0050000000000000044,0.020000000000000018,0,0.6580485026041667,0.4,0.02794153429567814,0.02595491334795952,3143.7557492863075,0.2864583333333333,3,10.0,7,7,4
431,1435,7,m,SO DAVID WENT ON TO CITY,1.0,165.35433070866142,2.54,6,7,6,0,0,1,0,0.0,0.0,0.16666666666666666,0.0,0.16666666666666666,1,1.1666666666666667,1.0,-0.5543324080380526,0.5744556351780435,0.3514285714285715,0.0,0.0,0,0.7506277901785714,0.42857142857142855,0.02852855809032917,0.021954212337732315,3032.6807655215844,0.25706774779040403,8,10.0,8,8,8
432,1435,7,m,STEEVEN GOT THE CUCUMBER,0.25,122.44897959183672,2.45,4,5,1,0,3,1,0,0.0,0.75,0.25,0.0,1.0,1,1.25,1.0,-0.777994766831398,0.45932614447623815,0.4120000000000001,0.04500000000000001,0.18000000000000005,0,0.775225830078125,0.4,0.024063320830464363,0.02076963149011135,2596.9109215320373,0.20688883463541666,5,10.0,6,6,5
433,1435,7,m,BETTY GOT THE CELERY,0.25,160.0,2.25,4,6,1,0,3,2,0,0.0,0.75,0.5,0.0,1.25,2,1.5,1.0,-0.69140625,0.5008712234296745,0.34,0.0,0.0,0,0.7147318522135416,0.3333333333333333,0.025956081226468086,0.029176706448197365,3292.9764331388005,0.34187455610795453,3,10.0,6,7,3
434,1435,7,m,BETTY LIKES THE EDUCATION CLASS AT SCHOOL,0.5714285714285714,80.30592734225621,5.23,7,7,4,0,3,0,0,0.0,0.42857142857142855,0.0,0.0,0.42857142857142855,0,1.0,1.0,-0.9460698474537242,0.38826396540938896,0.7314285714285714,0.0,0.0,0,0.6781986781529018,0.2857142857142857,0.03829926252365112,0.03711200878024101,3080.8270694964845,0.2993649646063536,4,8.6,6,6,4
435,1435,7,m,IS IT THIS ONE,1.0,115.38461538461539,2.08,4,4,4,0,0,0,0,0.0,0.0,0.0,0.0,0.0,0,1.0,1.0,-0.5673828125,0.0,0.48500000000000004,0.0,0.0,0,0.6622314453125,0.25,0.0380607508122921,0.03286610543727875,2948.701658364793,0.21917945218373494,8,10.0,7,6,8
436,1435,7,m,HOW ARE WE GOING,1.0,190.47619047619045,1.26,4,4,4,0,0,0,0,0.0,0.0,0.0,0.0,0.0,0,1.0,1.0,-0.3012695424258709,0.0,0.29500000000000004,0.0,0.0,0,0.9515380859375,0.0,0.0361519418656826,0.0389421209692955,2688.759017241873,0.2302667025862069,9,10.0,10,9,9
437,1435,7,m,SO I HAVE COME HERE,0.8,172.41379310344826,1.74,5,5,4,0,1,0,0,0.0,0.2,0.0,0.0,0.2,0,1.0,1.0,-0.51953125,0.5947992948032403,0.3,0.0,0.0,0,0.659716796875,0.4,0.03326306492090225,0.034398287534713745,2768.3078525519677,0.24361165364583334,8,10.0,9,8,8
438,1435,7,m,AND THE DOG TOO,1.0,171.42857142857144,1.4,4,4,4,0,0,0,0,0.0,0.0,0.0,0.0,0.0,0,1.0,1.0,-0.5371093600988388,0.0,0.30499999999999994,0.0,0.0,0,0.7109375,0.25,0.023656727746129036,0.025417592376470566,2793.434921887054,0.22296842981557377,9,10.0,10,9,9
439,1435,7,m,I CAN DO NO GOOD HERE,0.6666666666666666,126.3157894736842,2.85,6,6,4,0,2,0,0,0.0,0.3333333333333333,0.0,0.0,0.3333333333333333,0,1.0,1.0,-0.3892045400359414,0.6775956603981149,0.44,0.0,0.0,0,0.8348795572916666,0.0,0.024868633598089218,0.02438945882022381,2455.599704431352,0.1783301677178899,9,10.0,7,7,8
440,1439,6,m,TIM IS GOING TO SEE BIRD,0.8333333333333334,89.77556109725687,4.01,6,6,5,0,1,0,0,0.0,0.16666666666666666,0.0,0.0,0.16666666666666666,0,1.0,1.0,-0.4640625,0.6287242579729725,0.6233333333333333,0.0,0.0,0,0.8466389973958334,0.16666666666666666,0.04293554276227951,0.03683095425367355,2287.1898227672586,0.2069460465604027,8,10.0,8,8,8
441,1439,6,m,DAVID RAN AWAY FROM THE CAT,0.6666666666666666,95.67198177676539,4.39,6,7,4,0,2,1,0,0.0,0.3333333333333333,0.16666666666666666,0.0,0.5,1,1.1666666666666667,1.0,-0.7357954437082465,0.4791241910331787,0.5971428571428571,0.0,0.0,0,0.6458042689732143,0.42857142857142855,0.053082458674907684,0.043146099895238876,2069.7519060523887,0.16484087775735295,8,10.0,8,8,8
442,1439,6,m,FIVE FIVE SEVEN ONE,0.0,81.91126279863481,2.93,4,4,0,0,4,0,0,0.0,1.0,0.0,0.0,1.0,0,1.0,1.0,-0.973333740234375,0.3778213779192523,0.635,0.05999999999999998,0.1200000000000001,0,0.4150238037109375,0.75,0.05331174284219742,0.05741409212350845,1849.1458232629307,0.14100748697916668,8,10.0,8,8,8
443,1439,6,m,ALISA IS NOT VERY GOOD AT VOLLEYBALL,0.8571428571428571,92.71523178807948,4.53,7,7,6,0,1,0,0,0.0,0.14285714285714285,0.0,0.0,0.14285714285714285,0,1.0,1.0,-0.5035807440678278,0.6043627123995541,0.6085714285714285,0.0,0.0,0,0.8208792550223214,0.14285714285714285,0.04075847566127777,0.032731328159570694,1802.6935890772684,0.1229023001047486,7,10.0,7,7,7
444,1439,6,m,LUCY IS NOT VERY GOOD AT SWIMMING,1.0,87.43169398907104,5.49,7,8,7,0,0,1,0,0.0,0.0,0.14285714285714285,0.0,0.14285714285714285,1,1.1428571428571428,1.0,-0.5022786209980646,0.6051501796082196,0.66,0.0,0.0,0,0.8072509765625,0.25,0.05272101238369942,0.04958228021860123,1862.645527515793,0.15168531013257575,8,10.0,7,7,8
445,1439,6,m,PETER LIKES FRENCH FRIES,0.5,66.66666666666666,3.6,4,4,2,0,2,0,0,0.0,0.5,0.0,0.0,0.5,0,1.0,1.0,-0.6821288987994194,0.5055396032918427,0.8,0.0,0.0,0,0.68994140625,0.5,0.03793748840689659,0.04146508872509003,2297.560044915294,0.2111328125,7,10.0,7,7,7
446,1439,6,m,DOES JIM LIKE THE CAKE,0.6,82.64462809917356,3.63,5,5,3,0,2,0,0,0.0,0.4,0.0,0.0,0.4,0,1.0,1.0,-0.7177734375,0.487837247732635,0.6839999999999999,0.0,0.0,0,0.6015625,0.6,0.026366621255874634,0.027369042858481407,1952.308047036618,0.12351392663043478,9,10.0,8,7,8
447,1439,6,m,DOES BETTY LIKE THE HAMBURGER,0.8,80.53691275167786,4.47,5,6,4,0,1,1,0,0.0,0.2,0.2,0.0,0.4,1,1.2,1.0,-0.5042968690395355,0.6039300681014182,0.71,0.0,0.0,0,0.755859375,0.16666666666666666,0.02963346056640148,0.03500520810484886,1999.2261840286099,0.14653235639450868,8,10.0,7,7,8
448,1439,6,m,LILLY HAS A BIG TOE,0.6,82.94930875576037,4.34,5,6,3,0,2,0,1,0.0,0.4,0.0,0.2,0.6,1,1.2,1.0,-0.7480468511581421,0.47329005650300376,0.5933333333333334,0.0,0.0,0,0.6798807779947916,0.3333333333333333,0.034332383424043655,0.036114465445280075,1979.2935212405112,0.13978585797155688,8,10.0,8,8,8
449,1439,6,m,JIM HAS A BEAUTIFUL SWEATER,0.8,66.07929515418502,4.54,5,5,4,0,1,0,0,0.0,0.2,0.0,0.0,0.2,0,1.0,1.0,-0.47500001192092894,0.6218850490515726,0.8399999999999999,0.0,0.0,0,0.8970947265625,0.0,0.03610194846987724,0.03769495710730553,2385.7206381832907,0.1970730251736111,8,10.0,8,8,7
450,1439,6,m,JIM LIKE THE OLD SOCKS,0.8,103.09278350515464,2.91,5,5,4,0,1,0,0,0.0,0.2,0.0,0.0,0.2,0,1.0,1.0,-0.6381835713982582,0.5282510834881954,0.528,0.0,0.0,0,0.7287353515625,0.4,0.04301710054278374,0.04183756932616234,2500.7859701239345,0.20712806438577586,8,10.0,8,7,7
451,1439,6,m,SO SANDY WENT ON TO LIVING ROOM,0.5714285714285714,115.60693641618496,5.19,7,10,4,0,3,3,0,0.0,0.42857142857142855,0.42857142857142855,0.0,0.8571428571428571,3,1.4285714285714286,1.0,-0.6199776913438525,0.5379564385460213,0.49800000000000005,0.0,0.0,0,0.6308837890625,0.5,0.03900131583213806,0.030467387288808823,1995.7621966088175,0.14702515961021506,8,10.0,7,7,7
452,1439,6,m,JAYME THIS IS MUSHROOM,0.75,67.87330316742081,4.42,4,5,3,0,1,1,0,0.0,0.25,0.25,0.0,0.5,1,1.25,1.0,-0.647265636920929,0.5234751928392364,0.784,0.07999999999999996,0.31999999999999984,0,0.7058349609375,0.4,0.04058026149868965,0.04124022647738457,2174.497203339744,0.16421316964285715,8,10.0,6,6,7
453,1439,6,m,TEDDY IS DRAWING THE SWEET POTATO,1.0,80.35714285714285,4.48,6,6,6,0,0,0,0,0.0,0.0,0.0,0.0,0.0,0,1.0,1.0,-0.6832031071186065,0.0,0.6900000000000001,0.0,0.0,0,0.7841339111328125,0.16666666666666666,0.03314054384827614,0.02711533196270466,2076.1635615721734,0.13967340642755682,8,10.0,7,6,8
454,1439,6,m,MARY IS DRAWING THE CHINESE CABBAGE,1.0,73.31975560081466,4.91,6,6,6,0,0,0,0,0.0,0.0,0.0,0.0,0.0,0,1.0,1.0,-0.671093738079071,0.0,0.7833333333333333,0.0,0.0,0,0.6864827473958334,0.3333333333333333,0.04199323058128357,0.03185196965932846,2315.639546919167,0.1647073496942935,7,10.0,7,7,7
455,1439,6,m,DAVID WORD YOU LIKE TO GROW LEEK,0.5714285714285714,78.02340702210662,7.69,7,10,4,1,2,4,0,0.14285714285714285,0.2857142857142857,0.5714285714285714,0.0,1.0,3,1.4285714285714286,1.0,-0.8286830144269126,0.43662393525989845,0.748,0.0,0.0,0,0.60899658203125,0.5,0.03202834352850914,0.02802322432398796,1934.2174296191922,0.12075861969557196,8,10.0,6,6,7
456,1439,6,m,PETER WILL ARRIVE IN MARCH SIXTH,0.6666666666666666,75.78947368421053,4.75,6,6,4,0,2,0,0,0.0,0.3333333333333333,0.0,0.0,0.3333333333333333,0,1.0,1.0,-0.8096590909090909,0.4450097482353002,0.73,0.0,0.0,0,0.519073486328125,0.6666666666666666,0.04453294724225998,0.03278718516230583,2304.112034701369,0.2017806813686709,8,10.0,7,7,7
457,1439,6,m,HOW CAN I DO THAT,1.0,71.77033492822966,4.18,5,5,5,0,0,0,0,0.0,0.0,0.0,0.0,0.0,0,1.0,1.0,-0.4696180555555556,0.0,0.736,0.0,0.0,0,0.89384765625,0.0,0.0338764414191246,0.03320341929793358,2048.0012986240536,0.14105838572485208,9,10.0,7,7,8
458,1439,6,m,IT IS NOT HERE YOU SEE,1.0,75.47169811320757,4.77,6,6,6,0,0,0,0,0.0,0.0,0.0,0.0,0.0,0,1.0,1.0,-0.4943181709809737,0.0,0.7233333333333333,0.04399999999999995,0.21999999999999975,0,0.8426106770833334,0.0,0.033294033259153366,0.02899625524878502,2239.7912689391487,0.1627897669057377,8,10.0,7,5,7
459,1439,6,m,BUT WHAT CAN ONE DO,1.0,76.72634271099744,3.91,5,5,5,0,0,0,0,0.0,0.0,0.0,0.0,0.0,0,1.0,1.0,-0.4092881944444444,0.0,0.74,0.0,0.0,0,0.90283203125,0.0,0.025837039574980736,0.026079494506120682,2025.3627371163254,0.13616300884046054,9,10.0,7,7,8
460,1447,7,m,IT IS A VERY BOSSY TURKEY,0.6666666666666666,99.72299168975069,3.61,6,6,4,0,2,0,0,0.0,0.3333333333333333,0.0,0.0,0.3333333333333333,0,1.0,1.0,-0.6804687559604645,0.5063795682820703,0.5566666666666666,0.0,0.0,0,0.6689860026041666,0.3333333333333333,0.06910236179828644,0.05503048002719879,1699.6644069905396,0.09629991319444445,8,10.0,7,6,7
461,1447,7,m,CASEY WENT TO SEE SQUIRREL,0.0,150.0,2.4,5,6,0,0,5,1,0,0.0,1.0,0.2,0.0,1.2,1,1.2,1.0,-0.7374999761581421,0.4783082039378402,0.36000000000000004,0.0,0.0,0,0.6584014892578125,0.5,0.06208621338009834,0.06774859130382538,1693.813024360684,0.10812665831367925,9,10.0,8,8,8
462,1447,7,m,MARY LOVES FRANCE,0.6666666666666666,68.96551724137932,2.61,3,3,2,0,1,0,0,0.0,0.3333333333333333,0.0,0.0,0.3333333333333333,0,1.0,1.0,-0.6595982142857143,0.5170590396980057,0.7999999999999999,0.0,0.0,0,0.8160807291666666,0.0,0.06291566789150238,0.07212742418050766,1977.083698542234,0.12721987123842593,8,10.0,8,8,8
463,1447,7,m,NINE NINE FIVE ZERO,0.0,94.11764705882354,2.55,4,4,0,0,4,0,0,0.0,1.0,0.0,0.0,1.0,0,1.0,1.0,-0.5019531011581421,0.6053472000631085,0.485,0.07999999999999992,0.11999999999999988,0,0.85693359375,0.0,0.05934261158108711,0.06741910427808762,1875.3068660981717,0.09900232263513513,8,10.0,8,8,8
464,1447,7,m,EIGHT EIGHT FIVE,0.0,37.73584905660377,1.59,3,1,0,2,1,0,0,0.6666666666666666,0.3333333333333333,0.0,0.0,1.0,-2,0.3333333333333333,1.0,-0.485546875,0.6153605794120013,1.3800000000000001,0.0,0.0,0,0.6298828125,0.0,0.04938242584466934,0.06876926124095917,2216.148846405932,0.14441769622093023,8,10.0,9,9,7
465,1447,7,m,THREE EIGHT EIGHT FOUR,0.0,68.57142857142857,3.5,4,4,0,0,4,0,0,0.0,1.0,0.0,0.0,1.0,0,1.0,1.0,-0.5475852164355192,0.5783447028039508,0.6849999999999999,0.06666666666666672,0.1200000000000001,0,0.8011474609375,0.25,0.07876307517290115,0.10039874166250229,1941.1283377322554,0.12649692062043796,9,10.0,9,9,9
466,1447,7,m,ONE NINE THREE FOUR,0.0,98.36065573770493,2.44,4,4,0,0,4,0,0,0.0,1.0,0.0,0.0,1.0,0,1.0,1.0,-0.47968749403953553,0.6189767955226498,0.4599999999999999,0.1400000000000001,0.18000000000000016,0,0.774169921875,0.25,0.08494209498167038,0.08362478017807007,1925.9765331294923,0.1259120725235849,9,10.0,9,8,8
467,1447,7,m,ANDY LIKES SURFING,0.6666666666666666,121.8274111675127,1.97,3,4,2,0,1,1,0,0.0,0.3333333333333333,0.3333333333333333,0.0,0.6666666666666666,1,1.3333333333333333,1.0,-0.6210937276482582,0.5373563945281506,0.44,0.0,0.0,0,0.6199951171875,0.5,0.0700857937335968,0.08046165853738785,2102.471146265263,0.13661143543956045,8,10.0,9,8,8
468,1447,7,m,LUCY LIKES RUNNING,1.0,88.66995073891626,2.03,3,3,3,0,0,0,0,0.0,0.0,0.0,0.0,0.0,0,1.0,1.0,-0.23242187996705374,0.0,0.5866666666666666,0.0,0.0,0,0.845703125,0.0,0.0748772844672203,0.0810556709766388,1802.3959073259443,0.10515898017473119,9,10.0,9,9,9
469,1447,7,m,HE LIKES CAKE,0.6666666666666666,115.38461538461537,1.56,3,3,2,0,1,0,0,0.0,0.3333333333333333,0.0,0.0,0.3333333333333333,0,1.0,1.0,-0.5125557865415301,0.5989627998559514,0.4000000000000001,0.06,0.12,0,0.4814453125,0.6666666666666666,0.05627130717039108,0.07355120033025742,2008.0039732117325,0.09844805743243243,9,10.0,10,9,9
470,1447,7,m,I CAN SMELL THE TOFU,1.0,109.48905109489051,2.74,5,5,5,0,0,0,0,0.0,0.0,0.0,0.0,0.0,0,1.0,1.0,-0.4826388888888889,0.0,0.5,0.0,0.0,0,0.8517578125,0.0,0.06429766863584518,0.07561468333005905,1917.6979696138246,0.12653996394230768,8,10.0,8,8,7
471,1447,7,m,LOOK AT NEIL'S SINGER,0.5,125.52301255230124,2.39,4,5,2,0,2,1,0,0.0,0.5,0.25,0.0,0.75,1,1.25,1.0,-0.5590820237994194,0.5717336609219591,0.43600000000000005,0.0,0.0,0,0.728076171875,0.4,0.0717075914144516,0.07317257672548294,1720.2471153046342,0.11556454613095238,7,10.0,7,7,7
472,1447,7,m,PETER HAS A BEAUTIFUL BOOT,0.8,83.79888268156425,3.58,5,5,4,0,1,0,0,0.0,0.2,0.0,0.0,0.2,0,1.0,1.0,-0.6506076388888888,0.5217286578019392,0.616,0.0,0.0,0,0.769970703125,0.4,0.07660885900259018,0.09035651385784149,1990.0007012003875,0.14171503631161972,8,10.0,7,7,7
473,1447,7,m,TINA IS CLEANING THE CAR,1.0,118.57707509881423,2.53,5,5,5,0,0,0,0,0.0,0.0,0.0,0.0,0.0,0,1.0,1.0,-0.6019965277777778,0.0,0.45199999999999996,0.0,0.0,0,0.821875,0.2,0.08513396233320236,0.08496297150850296,1779.6262811278145,0.11463200934579439,8,10.0,9,8,8
474,1447,7,m,THEN LYNDA WALKED TO NATURE PARK,0.5,116.02209944751381,3.62,6,7,3,0,3,1,0,0.0,0.5,0.16666666666666666,0.0,0.6666666666666666,1,1.1666666666666667,1.0,-0.8061079545454546,0.44659284777194863,0.45142857142857146,0.0,0.0,0,0.5905936104910714,0.2857142857142857,0.10050997883081436,0.09937915951013565,1662.643745855777,0.09734748391544118,8,10.0,8,8,8
475,1447,7,m,NEIL THIS IS GREEN BEAN,0.6,128.2051282051282,2.34,5,5,3,0,2,0,0,0.0,0.4,0.0,0.0,0.4,0,1.0,1.0,-0.6882812261581421,0.502438906191794,0.364,0.05500000000000002,0.22000000000000008,0,0.669970703125,0.2,0.08094003051519394,0.08827473968267441,1893.80138830028,0.11586863724226804,8,10.0,8,8,8
476,1447,7,m,REPORTER TINA IS NOT A REAL T V REPORTER,0.7777777777777778,73.61963190184049,6.52,9,8,7,1,1,0,0,0.1111111111111111,0.1111111111111111,0.0,0.0,0.2222222222222222,-1,0.8888888888888888,1.0,-0.5042067124293401,0.6039845188436637,0.6924999999999999,0.13999999999999999,0.98,0,0.8698272705078125,0.125,0.07760456204414368,0.07980990409851074,1895.5722585316191,0.11540202521459228,8,10.0,7,7,7
477,1447,7,m,JACK IS NOT A REAL BASEBALL PLAYER,1.0,86.77685950413223,4.84,7,7,7,0,0,0,0,0.0,0.0,0.0,0.0,0.0,0,1.0,1.0,-0.361328125,0.0,0.6657142857142857,0.0,0.0,0,0.8881138392857143,0.0,0.09183657914400101,0.09551956504583359,1808.2692057394322,0.10876802054558012,8,10.0,7,7,7
478,1447,7,m,BUT WHERE ARE WE,0.5,137.61467889908255,2.18,4,5,2,0,2,1,0,0.0,0.5,0.25,0.0,0.75,1,1.25,1.0,-0.5883788913488388,0.5552266382693047,0.388,0.0,0.0,0,0.590625,0.6,0.09064573049545288,0.08904316276311874,1591.8156578016847,0.07073910361842105,7,10.0,8,7,7
479,1447,7,m,IS IT SO FATHER,0.25,96.0,2.5,4,4,1,0,3,0,0,0.0,0.75,0.0,0.0,0.75,0,1.0,1.0,-0.6779513888888888,0.5076559173785428,0.565,0.0,0.0,0,0.720733642578125,0.25,0.08489546924829483,0.09712021797895432,2017.9916609976942,0.1449560546875,4,10.0,8,7,4
480,2034,8,m,MINDER IS GOING TO SEE SPARE,0.5,125.0,2.88,6,6,3,0,3,0,0,0.0,0.5,0.0,0.0,0.5,0,1.0,1.0,-0.6388494101437655,0.5278994705212116,0.4666666666666666,0.0,0.0,0,0.67315673828125,0.5,0.09455431252717972,0.07920482009649277,2286.8317825962713,0.18854044976635514,8,10.0,8,8,7
481,2034,8,m,AND IS GOING TO SEE DUCK,0.6666666666666666,151.26050420168067,2.38,6,6,4,0,2,0,0,0.0,0.3333333333333333,0.0,0.0,0.3333333333333333,0,1.0,1.0,-0.5809659307653253,0.5593578046224165,0.3833333333333333,0.0,0.0,0,0.7318115234375,0.5,0.09915643185377121,0.0811542198061943,2116.36898837185,0.15118815104166666,8,10.0,8,8,8
482,2034,8,m,EIGHT ONE SIX NINE,0.0,32.432432432432435,1.85,4,1,0,3,1,0,0,0.75,0.25,0.0,0.0,1.0,-3,0.25,1.0,-0.3151041766007741,0.7297128513048284,1.74,0.0,0.0,0,0.8849283854166666,0.0,0.06989165395498276,0.06653774529695511,2418.9414975997734,0.193359375,8,10.0,9,9,8
483,2034,8,m,TWO ONE THEY EIGHT,0.0,123.07692307692307,1.95,4,4,0,0,4,0,0,0.0,1.0,0.0,0.0,1.0,0,1.0,1.0,-0.7450284199281172,0.4747208082169512,0.31999999999999995,0.15333333333333343,0.20000000000000018,0,0.490753173828125,0.75,0.086971215903759,0.07260213047266006,1928.9417204781182,0.1368359375,8,10.0,8,8,8
484,2034,8,m,LOOK AT STEVEN'S SWEATER,1.0,100.84033613445379,2.38,4,4,4,0,0,0,0,0.0,0.0,0.0,0.0,0.0,0,1.0,1.0,-0.7222222222222222,0.0,0.575,0.0,0.0,0,0.701141357421875,0.25,0.07971861213445663,0.06914449483156204,2344.2881466777376,0.19843650350765307,9,10.0,9,9,8
485,2034,8,m,DATE LIKES YOUR BLUE SUNS GLASSES,0.5,116.50485436893204,3.09,6,6,3,0,3,0,0,0.0,0.5,0.0,0.0,0.5,0,1.0,1.0,-0.7617187748352686,0.46686330411528965,0.42999999999999994,0.08,0.4,0,0.50372314453125,0.6666666666666666,0.0799710750579834,0.06391147524118423,2520.217552731555,0.21243990384615385,8,10.0,8,8,8
486,2034,8,m,LOOK AT JOY'S JEANS,0.75,176.47058823529412,1.7,4,5,3,0,1,1,0,0.0,0.25,0.25,0.0,0.5,1,1.25,1.0,-0.43671874701976776,0.6461531383524652,0.268,0.07,0.28,0,0.7716796875,0.2,0.08461327850818634,0.07784686237573624,2422.92558658913,0.2052267323369565,8,10.0,8,8,8
487,2034,8,m,SAND NEEDS NEW COAT,0.25,90.9090909090909,2.64,4,4,1,0,3,0,0,0.0,0.75,0.0,0.0,0.75,0,1.0,1.0,-0.8022836538461539,0.44830402305085976,0.505,0.18000000000000008,0.24,0,0.4956207275390625,0.75,0.07445384562015533,0.0783618614077568,2639.1564708554306,0.2345068359375,8,10.0,8,8,8
488,2034,8,m,PETER NEEDS NEW SHOES,1.0,102.12765957446808,2.35,4,4,4,0,0,0,0,0.0,0.0,0.0,0.0,0.0,0,1.0,1.0,-0.5991211161017418,0.0,0.56,0.0,0.0,0,0.8126220703125,0.25,0.08683362603187561,0.06838709861040115,2541.3364807302696,0.2188747829861111,7,10.0,8,7,7
489,2034,8,m,SO MIKE WIT INTO THE WASHROOM,0.6666666666666666,139.53488372093022,2.58,6,6,4,0,2,0,0,0.0,0.3333333333333333,0.0,0.0,0.3333333333333333,0,1.0,1.0,-0.5758463342984518,0.5622288338473499,0.4000000000000001,0.03599999999999999,0.17999999999999994,0,0.6921793619791666,0.3333333333333333,0.09897253662347794,0.06847608834505081,1928.710329886878,0.14234415690104166,8,10.0,8,8,8
490,2034,8,m,SO JACK WIT INTO THE HOSPITAL,0.8333333333333334,124.13793103448276,2.9,6,6,5,0,1,0,0,0.0,0.16666666666666666,0.0,0.0,0.16666666666666666,0,1.0,1.0,-0.6658380681818182,0.5138427119780024,0.46,0.023999999999999976,0.11999999999999988,0,0.7561442057291666,0.3333333333333333,0.08995681256055832,0.07768262922763824,2270.630972383393,0.1808544094279661,8,10.0,8,8,8
491,2034,8,m,THEN THE KANGAROO JUMPED REALLY REALLY HIGH,0.5714285714285714,111.8881118881119,4.29,7,8,4,0,3,1,0,0.0,0.42857142857142855,0.14285714285714285,0.0,0.5714285714285714,1,1.1428571428571428,1.0,-0.38229165474573773,0.682296029308723,0.415,0.12285714285714289,0.5199999999999999,0,0.847320556640625,0.125,0.08625836670398712,0.06581328809261322,1825.4749684725361,0.12313741721854304,7,10.0,8,8,6
492,2034,8,m,THEN YOU HAVE TO BITTER IT FROM THE TOOLED,0.7777777777777778,131.06796116504853,4.12,9,9,7,0,2,0,0,0.0,0.2222222222222222,0.0,0.0,0.2222222222222222,0,1.0,1.0,-0.5968749761581421,0.5505293681203625,0.4488888888888889,0.0,0.0,0,0.7807685004340278,0.2222222222222222,0.0718691498041153,0.055627673864364624,2171.2734219445165,0.16793294270833334,8,10.0,8,8,7
493,2034,8,m,I LIKE PANDAS TOY PANDAS,0.6,86.02150537634408,2.79,5,4,3,1,1,0,0,0.2,0.2,0.0,0.0,0.4,-1,0.8,1.0,-0.5316051027991555,0.5876609560160897,0.62,0.06666666666666665,0.19999999999999996,0,0.65234375,0.25,0.08980663120746613,0.07320091873407364,2204.1669727556637,0.19015625,9,10.0,9,8,8
494,2034,8,m,MY TIME IS YOURS,0.75,145.45454545454547,1.65,4,4,3,0,1,0,0,0.0,0.25,0.0,0.0,0.25,0,1.0,1.0,-0.6176757588982582,0.5391962043072933,0.38499999999999995,0.0,0.0,0,0.648193359375,0.5,0.061375778168439865,0.04786508157849312,2279.159586633433,0.18555405560661764,9,10.0,9,9,8
495,2034,8,m,HOW CAN MY BE SO HAPPY DAY AFTER DAY,0.8888888888888888,168.53932584269663,3.56,9,10,8,0,1,1,0,0.0,0.1111111111111111,0.1111111111111111,0.0,0.2222222222222222,1,1.1111111111111112,1.0,-0.37081472149917055,0.6901718037104756,0.332,0.0,0.0,0,0.85830078125,0.1,0.06644046306610107,0.05012290179729462,1934.0380633751952,0.14656640625,9,10.0,8,8,8
496,2034,8,m,ONE TWO THREE AND THERE YOU ARE,1.0,124.2603550295858,3.38,7,7,7,0,0,0,0,0.0,0.0,0.0,0.0,0.0,0,1.0,1.0,-0.4268973171710968,0.0,0.3771428571428571,0.11000000000000004,0.3600000000000003,0,0.8876255580357143,0.14285714285714285,0.10265922546386719,0.07238458096981049,1665.2972859779918,0.1226015625,8,10.0,8,8,8
497,2034,8,m,THESE ARE YOUR BAN PETS,0.6,140.84507042253523,2.13,5,5,3,0,2,0,0,0.0,0.4,0.0,0.0,0.4,0,1.0,1.0,-0.5785590277777778,0.5607057461249457,0.41600000000000004,0.0,0.0,0,0.739990234375,0.4,0.07311151921749115,0.06612484157085419,2283.433233588034,0.18796416859567902,8,10.0,8,8,7
498,2034,8,m,GIVE ME YOUR HANDS,1.0,156.8627450980392,1.53,4,4,4,0,0,0,0,0.0,0.0,0.0,0.0,0.0,0,1.0,1.0,-0.35546874148505075,0.0,0.35500000000000004,0.0,0.0,0,0.886474609375,0.0,0.07973829656839371,0.07948773354291916,2106.966433408769,0.14750031502016128,8,10.0,9,9,8
499,2034,8,m,COME TO ME IN THE MORNING,1.0,199.99999999999997,1.8,6,6,6,0,0,0,0,0.0,0.0,0.0,0.0,0.0,0,1.0,1.0,-0.2794921875,0.0,0.27,0.0,0.0,0,0.928955078125,0.0,0.0861625149846077,0.0746813639998436,1616.2980885859397,0.09133498733108109,9,10.0,9,9,9
500,2179,9,f,JIM WENT TO SEE KANGAROO,1.0,127.6595744680851,2.35,5,5,5,0,0,0,0,0.0,0.0,0.0,0.0,0.0,0,1.0,1.0,-0.5531249821186066,0.0,0.44800000000000006,0.0,0.0,0,0.839013671875,0.2,0.07148685306310654,0.07351401448249817,2170.606114086269,0.12980930779569894,9,10.0,9,9,9
501,2179,9,f,LANA CAN PAINT THE BIRD,1.0,131.57894736842107,2.28,5,5,5,0,0,0,0,0.0,0.0,0.0,0.0,0.0,0,1.0,1.0,-0.5151909722222222,0.0,0.41999999999999993,0.0,0.0,0,0.9015625,0.0,0.06524764746427536,0.06888499855995178,1877.802290744183,0.10416141633064516,9,10.0,10,9,9
502,2179,9,f,THREE FOUR TWO EIGHT,0.0,108.1081081081081,2.22,4,4,0,0,4,0,0,0.0,1.0,0.0,0.0,1.0,0,1.0,1.0,-0.45898438096046446,0.6319251148857687,0.4200000000000001,0.13333333333333322,0.17999999999999994,0,0.8299560546875,0.25,0.04477238282561302,0.05057956278324127,2415.0516738417227,0.15876116071428573,9,10.0,9,9,9
503,2179,9,f,TWO ONE ONE SEVEN,0.0,103.8961038961039,2.31,4,4,0,0,4,0,0,0.0,1.0,0.0,0.0,1.0,0,1.0,1.0,-0.3619140565395355,0.696342211329465,0.47000000000000003,0.0,0.0,0,0.730072021484375,0.25,0.06138767674565315,0.0701688602566719,2006.872963903102,0.12004743303571429,10,10.0,9,9,9
504,2179,9,f,NINE SIX THREE SEVEN,0.0,98.76543209876543,2.43,4,4,0,0,4,0,0,0.0,1.0,0.0,0.0,1.0,0,1.0,1.0,-0.5912642045454546,0.5536269444414416,0.43500000000000005,0.15999999999999995,0.17999999999999994,0,0.8475341796875,0.25,0.045043572783470154,0.045013636350631714,2448.753244261109,0.20613360164141414,10,10.0,10,10,9
505,2179,9,f,FIVE SIX ONE ONE,1.0,96.38554216867469,2.49,4,4,4,0,0,0,0,0.0,0.0,0.0,0.0,0.0,0,1.0,1.0,-0.4673548936843872,0.0,0.5950000000000001,0.0,0.0,0,0.68963623046875,0.25,0.037259507924318314,0.04547053948044777,2271.691261543569,0.1732958984375,10,10.0,9,10,9
506,2179,9,f,SEVEN NINE ZERO,0.0,90.0,2.0,3,3,0,0,3,0,0,0.0,1.0,0.0,0.0,1.0,0,1.0,1.0,-0.5810546875,0.5593081600533409,0.5133333333333333,0.0,0.0,0,0.6174723307291666,0.3333333333333333,0.06704462319612503,0.0777667984366417,1965.585121147855,0.11060680042613637,10,10.0,9,9,9
507,2179,9,f,LYNDA LOVES THE NEW SANDALS,0.8,79.36507936507937,3.78,5,5,4,0,1,0,0,0.0,0.2,0.0,0.0,0.2,0,1.0,1.0,-0.538671898841858,0.5835227151715054,0.612,0.0,0.0,0,0.818798828125,0.2,0.05035429447889328,0.06409088522195816,2275.6664232459325,0.16700962611607142,9,10.0,10,10,9
508,2179,9,f,LOOK AT TINA'S SHIRT,0.75,128.3422459893048,1.87,4,4,3,0,1,0,0,0.0,0.25,0.0,0.0,0.25,0,1.0,1.0,-0.4839409722222222,0.6163495825847382,0.36000000000000004,0.0,0.0,0,0.76080322265625,0.25,0.04307110980153084,0.05172024294734001,2352.8895756071233,0.170953369140625,10,10.0,10,10,9
509,2179,9,f,SO LAYLA WENT INTO THE BANK,1.0,109.75609756097562,3.28,6,6,6,0,0,0,0,0.0,0.0,0.0,0.0,0.0,0,1.0,1.0,-0.4357244209809737,0.0,0.47,0.0,0.0,0,0.88873291015625,0.0,0.04088186100125313,0.04544912278652191,2026.5765786990637,0.12440146169354839,9,10.0,9,9,9
510,2179,9,f,ELSA WAS WALKING TO SCHOOL,1.0,147.05882352941177,2.04,5,5,5,0,0,0,0,0.0,0.0,0.0,0.0,0.0,0,1.0,1.0,-0.3166232638888889,0.0,0.36,0.0,0.0,0,0.976171875,0.0,0.037469059228897095,0.044688403606414795,2347.24074608819,0.18120465959821427,9,10.0,9,9,9
511,2179,9,f,THEN JIM WALK TO ART ROOM,0.5,101.9830028328612,3.53,6,6,3,0,3,0,0,0.0,0.5,0.0,0.0,0.5,0,1.0,1.0,-0.6782670454545454,0.507495697743648,0.4766666666666666,0.016000000000000014,0.08000000000000007,0,0.7044474283854166,0.3333333333333333,0.042032938450574875,0.04873313009738922,1766.6358531184844,0.10124782986111111,9,10.0,9,9,8
512,2179,9,f,THAT'S MY BRAVE LITTLE MOUNTAIN CLIMBER,1.0,112.49999999999999,3.2,6,6,6,0,0,0,0,0.0,0.0,0.0,0.0,0.0,0,1.0,1.0,-0.3535156225164731,0.0,0.4566666666666667,0.0,0.0,0,0.9679768880208334,0.0,0.02745995484292507,0.029029780998826027,2032.5720546991677,0.12495964617768596,9,10.0,9,10,9
513,2179,9,f,CAN I KEEP THEM,0.25,86.33093525179856,1.39,4,2,1,2,1,0,0,0.5,0.25,0.0,0.0,0.75,-2,0.5,1.0,-0.9436384269169399,0.38920914698988746,0.26999999999999996,0.0,0.0,0,0.4263916015625,1.0,0.02399708330631256,0.025191787630319595,2189.9979979466584,0.11616368447580645,9,10.0,10,9,9
514,2179,9,f,I HAVE A GOOD IDEA FOR YOU,1.0,187.49999999999997,2.24,7,7,7,0,0,0,0,0.0,0.0,0.0,0.0,0.0,0,1.0,1.0,-0.2679332277991555,0.0,0.27142857142857146,0.0,0.0,0,0.9778878348214286,0.0,0.034568820148706436,0.03469611331820488,1844.5013676515568,0.11114236582880435,9,10.0,9,10,9
515,2179,9,f,I HAD TWO SISTERS,1.0,151.89873417721518,1.58,4,4,4,0,0,0,0,0.0,0.0,0.0,0.0,0.0,0,1.0,1.0,-0.4140625111758709,0.0,0.31000000000000005,0.0,0.0,0,0.9171142578125,0.0,0.03716712445020676,0.051103826612234116,2364.662193237314,0.2134227263621795,9,10.0,10,9,9
516,2179,9,f,I WISH WE HAVE A LIGHT,0.8333333333333334,181.8181818181818,1.98,6,6,5,0,1,0,0,0.0,0.16666666666666666,0.0,0.0,0.16666666666666666,0,1.0,1.0,-0.35605469048023225,0.7004343120988169,0.3066666666666667,0.0,0.0,0,0.9182942708333334,0.0,0.019359704107046127,0.018601402640342712,1923.64719905778,0.1638941271551724,9,10.0,10,9,8
517,2179,9,f,BUT NOT USE GOING OVER THAT,0.8333333333333334,107.6923076923077,3.9,6,7,5,0,1,1,0,0.0,0.16666666666666666,0.16666666666666666,0.0,0.3333333333333333,1,1.1666666666666667,1.0,-0.5052083432674408,0.6033798522007859,0.5371428571428571,0.0,0.0,0,0.8318917410714286,0.14285714285714285,0.027239756658673286,0.03251521289348602,1879.8791505970821,0.14204998405612246,9,10.0,9,9,9
518,2179,9,f,HE WOULD GO OUT BUT WHEN,0.6666666666666666,138.88888888888889,2.16,6,5,4,1,1,0,0,0.16666666666666666,0.16666666666666666,0.0,0.0,0.3333333333333333,-1,0.8333333333333334,1.0,-0.26660157144069674,0.7659781982657144,0.31200000000000006,0.10499999999999998,0.41999999999999993,0,0.93818359375,0.0,0.05131440609693527,0.06126134470105171,1540.0063105727697,0.09918548248626374,7,10.0,9,9,7
519,2179,9,f,YOU HAVE NO IDEAS HAVE YOU,1.0,124.13793103448276,2.9,6,6,6,0,0,0,0,0.0,0.0,0.0,0.0,0.0,0,1.0,1.0,-0.43359374458139593,0.0,0.35666666666666663,0.092,0.45999999999999996,0,0.872802734375,0.16666666666666666,0.04626423865556717,0.04291661083698273,1729.1499158881752,0.12521114864864866,9,10.0,9,9,9
520,3002,9,m,DO I TAKE YOU WITH ME,1.0,174.75728155339806,2.06,6,6,6,0,0,0,0,0.0,0.0,0.0,0.0,0.0,0,1.0,1.0,-0.25781250894069674,0.0,0.32,0.0,0.0,0,0.9708658854166666,0.0,0.03145845606923103,0.03153134137392044,2253.5945004185655,0.15020461309523808,9,10.0,9,8,9
521,3002,9,m,WHY NOT DO AS SHE WISHED,0.8333333333333334,120.0,3.5,6,7,5,0,1,1,0,0.0,0.16666666666666666,0.16666666666666666,0.0,0.3333333333333333,1,1.1666666666666667,1.0,-0.37393466992811725,0.6880218588782638,0.48857142857142855,0.0,0.0,0,0.8441685267857143,0.14285714285714285,0.03724924474954605,0.03199462592601776,2341.5509674445707,0.16326707409274194,8,10.0,8,8,7
522,3002,9,m,SHE WAS NOT HERE,1.0,127.65957446808511,1.88,4,4,4,0,0,0,0,0.0,0.0,0.0,0.0,0.0,0,1.0,1.0,-0.3330078199505806,0.0,0.41,0.0,0.0,0,0.91796875,0.0,0.03630407527089119,0.034269507974386215,2320.3320596671356,0.1719130478896104,10,10.0,9,8,9
523,3002,9,m,HAVE YOU SOMETHING TO SAY,1.0,151.5151515151515,1.98,5,5,5,0,0,0,0,0.0,0.0,0.0,0.0,0.0,0,1.0,1.0,-0.2156032986111111,0.0,0.368,0.0,0.0,0,0.93330078125,0.0,0.020858606323599815,0.016326379030942917,2623.4338995076064,0.1877712673611111,9,10.0,8,8,8
524,3002,9,m,DO YOU NOT NOW YEAH KNOW IT,0.5714285714285714,80.64516129032258,3.72,7,5,4,2,1,0,0,0.2857142857142857,0.14285714285714285,0.0,0.0,0.42857142857142855,-2,0.7142857142857143,1.0,-0.6154513888888888,0.5403969110863214,0.6759999999999999,0.0,0.0,0,0.723974609375,0.2,0.0321044884622097,0.03354069963097572,2387.994905673238,0.1841069799270073,8,10.0,7,8,7
525,3002,9,m,SHE IS HIS MOTHER,1.0,122.44897959183675,1.96,4,4,4,0,0,0,0,0.0,0.0,0.0,0.0,0.0,0,1.0,1.0,-0.3288574256002903,0.0,0.43,0.0,0.0,0,0.898193359375,0.0,0.018921293318271637,0.01899607479572296,2702.098308164046,0.2211031626506024,8,10.0,8,8,8
526,3002,9,m,AND THEY WERE RIGHT,1.0,121.8274111675127,1.97,4,4,4,0,0,0,0,0.0,0.0,0.0,0.0,0.0,0,1.0,1.0,-0.5009765550494194,0.0,0.465,0.0,0.0,0,0.8406982421875,0.25,0.0336785651743412,0.032714277505874634,2393.113979276594,0.16864885602678573,9,10.0,9,8,8
527,3002,9,m,DO NOT GO THERE MY LOVE,0.8333333333333334,166.00790513833994,2.53,6,7,5,0,1,1,0,0.0,0.16666666666666666,0.16666666666666666,0.0,0.3333333333333333,1,1.1666666666666667,1.0,-0.39921875596046447,0.6708439341917896,0.3457142857142857,0.0,0.0,0,0.7864118303571429,0.14285714285714285,0.03491421788930893,0.032088398933410645,2024.367611799073,0.1319140625,8,10.0,8,8,8
528,3002,9,m,I KNOW THAT HE IS SURE OF IT,1.0,131.14754098360655,3.66,8,8,8,0,0,0,0,0.0,0.0,0.0,0.0,0.0,0,1.0,1.0,-0.330729179084301,0.0,0.42000000000000004,0.0,0.0,0,0.9444580078125,0.0,0.040301352739334106,0.0358203649520874,2616.39678023343,0.19585822610294118,9,10.0,8,7,8
529,3002,9,m,TAKE ME WITH YOU,1.0,167.83216783216784,1.43,4,4,4,0,0,0,0,0.0,0.0,0.0,0.0,0.0,0,1.0,1.0,-0.3869628943502903,0.0,0.33,0.0,0.0,0,0.942138671875,0.0,0.01960495114326477,0.018588349223136902,2615.2205269606384,0.1686651511270492,9,10.0,9,9,9
530,3002,9,m,EVERY ONE LOVES HER,0.5,87.8048780487805,2.05,4,3,2,1,1,0,0,0.25,0.25,0.0,0.0,0.5,-1,0.75,1.0,-0.5106026785714286,0.6001337820292134,0.6466666666666666,0.0,0.0,0,0.8689778645833334,0.0,0.032938480377197266,0.032973822206258774,2045.0266965720493,0.14333113704819278,8,10.0,8,8,8
531,3002,9,m,IT'S WAS A WARM MORNING AFTER RAIN,0.7142857142857143,114.44141689373296,3.67,7,7,5,0,2,0,0,0.0,0.2857142857142857,0.0,0.0,0.2857142857142857,0,1.0,1.0,-0.49857952378012915,0.6073928342956528,0.4857142857142857,0.0,0.0,0,0.8340192522321429,0.14285714285714285,0.036207299679517746,0.03082301653921604,2182.75017794357,0.14250578703703703,6,10.0,8,7,6
532,3002,9,m,I WANT TO JOINING ON,0.6,130.43478260869566,2.3,5,5,3,0,2,0,0,0.0,0.4,0.0,0.0,0.4,0,1.0,1.0,-0.6940104166666666,0.49956856818718964,0.43200000000000005,0.0,0.0,0,0.69287109375,0.4,0.02171230874955654,0.018610680475831032,2126.763737377973,0.12849392361111112,8,10.0,8,7,7
533,3002,9,m,THIS WAS HER WORK,1.0,149.06832298136646,1.61,4,4,4,0,0,0,0,0.0,0.0,0.0,0.0,0.0,0,1.0,1.0,-0.251953125,0.0,0.37500000000000006,0.0,0.0,0,0.9364013671875,0.0,0.023195605725049973,0.020304923877120018,2283.874181998023,0.1728515625,8,10.0,8,8,8
534,3002,9,m,SHE WOULD HAVE LOVED YOU,1.0,130.43478260869566,2.3,5,5,5,0,0,0,0,0.0,0.0,0.0,0.0,0.0,0,1.0,1.0,-0.3049316443502903,0.0,0.4119999999999999,0.0,0.0,0,0.941796875,0.0,0.04476650059223175,0.04152553528547287,2448.1921038834034,0.17372942985372342,8,10.0,8,7,7
535,3002,9,m,I KNOW THE NAME TOO,1.0,163.93442622950818,1.83,5,5,5,0,0,0,0,0.0,0.0,0.0,0.0,0.0,0,1.0,1.0,-0.3624131944444444,0.0,0.344,0.0,0.0,0,0.90888671875,0.0,0.02568305842578411,0.023866159841418266,1968.5812399407948,0.12375425681089744,9,10.0,8,8,8
536,3002,9,m,I DO KNOW OF ONE NOW,1.0,142.85714285714286,2.52,6,6,6,0,0,0,0,0.0,0.0,0.0,0.0,0.0,0,1.0,1.0,-0.46445313692092893,0.0,0.39666666666666667,0.0,0.0,0,0.873046875,0.0,0.02475319243967533,0.021252278238534927,2247.061341279428,0.148956298828125,8,10.0,8,8,8
537,3002,9,m,CAN YOU GUESS HIS NAME,1.0,117.1875,2.56,5,5,5,0,0,0,0,0.0,0.0,0.0,0.0,0.0,0,1.0,1.0,-0.3550347222222222,0.0,0.476,0.0,0.0,0,0.97177734375,0.0,0.020789967849850655,0.021386243402957916,2682.6405624880304,0.1845105229591837,9,10.0,8,8,8
538,3002,9,m,THEY LOVED HER AND SHE LOVED THEM,0.8571428571428571,140.46822742474916,2.99,7,7,6,0,1,0,0,0.0,0.14285714285714285,0.0,0.0,0.14285714285714285,0,1.0,1.0,-0.39843750894069674,0.6713682337931897,0.4114285714285715,0.0,0.0,0,0.80615234375,0.14285714285714285,0.03156287595629692,0.029287924990057945,2557.191119718709,0.20674971846846846,8,10.0,8,8,7
539,3002,9,m,TOO MUCH TO BE HAPPY,1.0,149.2537313432836,2.01,5,5,5,0,0,0,0,0.0,0.0,0.0,0.0,0.0,0,1.0,1.0,-0.2797851450741291,0.0,0.37999999999999995,0.0,0.0,0,0.92060546875,0.0,0.023959865793585777,0.022749418392777443,2668.553443998448,0.19090073529411763,9,10.0,9,9,9
540,3020,9,m,WELL IN THAT CARS TO BE SURE LET THEM GO,0.9,140.18691588785046,4.28,10,10,9,0,1,0,0,0.0,0.1,0.0,0.0,0.1,0,1.0,1.0,-0.3860294117647059,0.6797505327235812,0.3420000000000001,0.07999999999999995,0.2799999999999998,0,0.81455078125,0.2,0.015561393462121487,0.010689321905374527,2124.133123782987,0.16861653645833333,8,10.0,8,7,7
541,3020,9,m,THE BABY WAS HUNGRY,1.0,114.83253588516746,2.09,4,4,4,0,0,0,0,0.0,0.0,0.0,0.0,0.0,0,1.0,1.0,-0.21219308035714285,0.0,0.51,0.0,0.0,0,0.900146484375,0.0,0.011436388827860355,0.011187495663762093,1893.5904866126866,0.14227560292119565,8,10.0,7,8,7
542,3020,9,m,THIS WAS THE ROOM,1.0,150.0,1.6,4,4,4,0,0,0,0,0.0,0.0,0.0,0.0,0.0,0,1.0,1.0,-0.21330914752823965,0.0,0.395,0.0,0.0,0,0.76611328125,0.0,0.02246290072798729,0.019526757299900055,1872.7141671472468,0.13607271634615384,9,10.0,9,9,9
543,3020,9,m,COME WITH ME TOMORROW,1.0,146.34146341463415,1.64,4,4,4,0,0,0,0,0.0,0.0,0.0,0.0,0.0,0,1.0,1.0,-0.25655691964285715,0.0,0.39,0.0,0.0,0,0.9339599609375,0.0,0.013411653228104115,0.011058741249144077,2045.3998563608304,0.14324031464041095,9,10.0,9,8,8
544,3020,9,m,THE WITH YOU TAKE A DRINK,0.6666666666666666,150.75376884422113,1.99,6,5,4,1,1,0,0,0.16666666666666666,0.16666666666666666,0.0,0.0,0.3333333333333333,-1,0.8333333333333334,1.0,-0.340087890625,0.7117077675731333,0.376,0.0,0.0,0,0.763134765625,0.4,0.011601455509662628,0.009883590042591095,2073.0573461252,0.1460592830882353,9,10.0,9,8,8
545,3020,9,m,OH I HAD LOVED YOU FAR SO LONG A TIME,0.9,133.33333333333334,4.5,10,10,9,0,1,0,0,0.0,0.1,0.0,0.0,0.1,0,1.0,1.0,-0.35208332538604736,0.7032215233300891,0.41400000000000003,0.024444444444444442,0.21999999999999997,0,0.884521484375,0.0,0.015666047111153603,0.0128180468454957,2000.549423162018,0.1622555483678344,8,10.0,7,7,7
546,3020,9,m,THIS WERE YOUR NAME WAS IT,0.8333333333333334,121.62162162162163,2.96,6,6,5,0,1,0,0,0.0,0.16666666666666666,0.0,0.0,0.16666666666666666,0,1.0,1.0,-0.607747420668602,0.5445761895595558,0.38333333333333336,0.10399999999999995,0.2799999999999998,0,0.7882893880208334,0.16666666666666666,0.038229186087846756,0.03568057715892792,1686.4440572097365,0.13685581140350878,8,10.0,7,7,7
547,3020,9,m,DO YOU WANT A DRINK,1.0,223.88059701492537,1.34,5,5,5,0,0,0,0,0.0,0.0,0.0,0.0,0.0,0,1.0,1.0,-0.3842773512005806,0.0,0.24000000000000005,0.0,0.0,0,0.83662109375,0.2,0.02527216263115406,0.028735453262925148,1786.1038117052315,0.11938864087301587,9,10.0,9,8,9
548,3020,9,m,TELL US WHO YOU ARE,1.0,149.2537313432836,2.01,5,5,5,0,0,0,0,0.0,0.0,0.0,0.0,0.0,0,1.0,1.0,-0.3016493055555556,0.0,0.36,0.0,0.0,0,0.93515625,0.0,0.01661049947142601,0.015260928310453892,2296.96701794425,0.2093861253955696,9,10.0,9,7,8
549,3020,9,m,SHE LOOKED AS THE CLOCK,0.6,165.74585635359117,1.81,5,5,3,0,2,0,0,0.0,0.4,0.0,0.0,0.4,0,1.0,1.0,-0.3489583333333333,0.7054225222627113,0.34,0.0,0.0,0,0.9005859375,0.0,0.022077813744544983,0.02385788969695568,1888.2140359447317,0.15781373615506328,8,10.0,8,8,8
550,3020,9,m,WILL YOU DO THAT,0.5,167.83216783216784,1.43,4,4,2,0,2,0,0,0.0,0.5,0.0,0.0,0.5,0,1.0,1.0,-0.09681919429983411,0.9077201122676165,0.33,0.0,0.0,0,0.9219970703125,0.0,0.012797649949789047,0.011573689058423042,2369.9088215675447,0.19752296241554054,9,10.0,9,8,9
551,3020,9,m,NOW THEN THERE ALL FOR YOU GO TOGETHER,0.625,135.33834586466165,3.99,8,9,5,0,3,1,0,0.0,0.375,0.125,0.0,0.5,1,1.125,1.0,-0.6962890550494194,0.4984315280165668,0.38,0.037500000000000006,0.30000000000000004,0,0.678955078125,0.3333333333333333,0.013491258025169373,0.01085167471319437,2060.0337646659464,0.15783442283163265,9,10.0,7,7,8
552,3020,9,m,THERE COMES ONE OF THEM,1.0,123.96694214876034,2.42,5,5,5,0,0,0,0,0.0,0.0,0.0,0.0,0.0,0,1.0,1.0,-0.4724120870232582,0.0,0.46799999999999997,0.0,0.0,0,0.894140625,0.2,0.011436707340180874,0.0088950265198946,2077.842071479347,0.17271205357142858,8,10.0,8,8,8
553,3020,9,m,THIS IS WHY IT DOES SO,1.0,111.80124223602485,3.22,6,6,6,0,0,0,0,0.0,0.0,0.0,0.0,0.0,0,1.0,1.0,-0.3869357638888889,0.0,0.45333333333333337,0.0,0.0,0,0.9403483072916666,0.0,0.03099069558084011,0.030580969527363777,1880.4243964879308,0.14631535456730768,9,10.0,7,7,8
554,3020,9,m,I AM NOT A POLICEMAN,1.0,157.06806282722513,1.91,5,5,5,0,0,0,0,0.0,0.0,0.0,0.0,0.0,0,1.0,1.0,-0.3810763888888889,0.0,0.36,0.0,0.0,0,0.849609375,0.0,0.016096068546175957,0.014840864576399326,1702.602171779168,0.11980539344879518,8,10.0,8,8,8
555,3020,9,m,BUT HERE HE COMES AGAIN,1.0,126.05042016806723,2.38,5,5,5,0,0,0,0,0.0,0.0,0.0,0.0,0.0,0,1.0,1.0,-0.5555555555555556,0.0,0.42799999999999994,0.0,0.0,0,0.840625,0.2,0.009780533611774445,0.008263463154435158,2221.3452768997904,0.1893002288510101,9,10.0,8,7,8
556,3020,9,m,TELL HER SO WITH MY LOVE,0.8333333333333334,125.0,2.88,6,6,5,0,1,0,0,0.0,0.16666666666666666,0.0,0.0,0.16666666666666666,0,1.0,1.0,-0.61541194265539,0.5404182281294939,0.44,0.0,0.0,0,0.7232666015625,0.3333333333333333,0.024603525176644325,0.020688407123088837,1916.3404242315557,0.15833333333333333,9,10.0,7,6,8
557,3020,9,m,WOULD YOU HAVE DONE IT,1.0,172.41379310344826,1.74,5,5,5,0,0,0,0,0.0,0.0,0.0,0.0,0.0,0,1.0,1.0,-0.2799479166666667,0.0,0.348,0.0,0.0,0,0.92763671875,0.0,0.01084120199084282,0.008805016055703163,2414.2067129981883,0.19926372327302633,9,10.0,9,8,8
558,3020,9,m,I TAKE PEOPLE YOU KNOW AS I FIND THEM,0.8888888888888888,139.53488372093022,3.87,9,9,8,0,1,0,0,0.0,0.1111111111111111,0.0,0.0,0.1111111111111111,0,1.0,1.0,-0.36959134615384615,0.6910166595617115,0.4177777777777778,0.0,0.0,0,0.8534071180555556,0.1111111111111111,0.019989382475614548,0.015694262459874153,1845.500343158127,0.15079044950181159,8,10.0,8,8,8
559,3020,9,m,IT WOULD DO YOU A LOT OF GOOD,1.0,177.63157894736844,3.04,8,9,8,0,0,1,0,0.0,0.0,0.125,0.0,0.125,1,1.125,1.0,-0.2923677976314838,0.746493926777961,0.3111111111111111,0.020000000000000004,0.16000000000000003,0,0.9148220486111112,0.1111111111111111,0.013290026225149632,0.010496865026652813,2237.914086522396,0.16967147435897437,8,10.0,8,8,8
560,3021,9,f,I HEAR THE DOCTOR'S HORSE,1.0,132.15859030837004,2.27,5,5,5,0,0,0,0,0.0,0.0,0.0,0.0,0.0,0,1.0,1.0,-0.6300781488418579,0.0,0.43200000000000005,0.0,0.0,0,0.73916015625,0.2,0.03343195468187332,0.02803727239370346,2585.4250221894176,0.21489484920058138,8,10.0,8,7,8
561,3021,9,f,I AM LISTENING TO YOU,1.0,111.1111111111111,2.7,5,5,5,0,0,0,0,0.0,0.0,0.0,0.0,0.0,0,1.0,1.0,-0.4409722222222222,0.0,0.524,0.0,0.0,0,0.9369140625,0.0,0.0931537002325058,0.06828869134187698,1538.2211226854445,0.11676690129950495,8,10.0,8,8,7
562,3021,9,f,I PLAY WITH IT AFTER SCHOOL,1.0,141.73228346456693,2.54,6,6,6,0,0,0,0,0.0,0.0,0.0,0.0,0.0,0,1.0,1.0,-0.600781238079071,0.0,0.4000000000000001,0.0,0.0,0,0.7587890625,0.3333333333333333,0.07643886655569077,0.06787137687206268,1902.6653916810146,0.14789441167091838,9,10.0,9,8,8
563,3021,9,f,AND SO IT IS WITH ALL OF US,1.0,105.26315789473685,4.56,8,8,8,0,0,0,0,0.0,0.0,0.0,0.0,0.0,0,1.0,1.0,-0.477213516831398,0.0,0.5524999999999999,0.0,0.0,0,0.735382080078125,0.25,0.0805555135011673,0.0762801319360733,1887.9378200041185,0.1535137824292453,8,10.0,8,8,8
564,3021,9,f,THEN HEAR THEM FATHER,0.5,110.59907834101382,2.17,4,4,2,0,2,0,0,0.0,0.5,0.0,0.0,0.5,0,1.0,1.0,-0.7912326388888888,0.45328571318212946,0.53,0.0,0.0,0,0.61407470703125,0.5,0.08516983687877655,0.08531036227941513,1727.9481529520515,0.13899739583333334,8,10.0,8,7,7
565,3021,9,f,THERE YOU ARE THEN,1.0,131.14754098360655,1.83,4,4,4,0,0,0,0,0.0,0.0,0.0,0.0,0.0,0,1.0,1.0,-0.5811631944444444,0.0,0.4,0.05999999999999998,0.17999999999999994,0,0.650634765625,0.5,0.0847887173295021,0.08747341483831406,1360.2546843158789,0.10003340871710527,8,10.0,8,8,8
566,3021,9,f,HE TURN BACK TO HIS WATCH,0.8333333333333334,128.57142857142858,2.8,6,6,5,0,1,0,0,0.0,0.16666666666666666,0.0,0.0,0.16666666666666666,0,1.0,1.0,-0.4226562470197678,0.6553038570527076,0.44333333333333336,0.0,0.0,0,0.8310546875,0.3333333333333333,0.07981962710618973,0.07490822672843933,2025.8556918323682,0.16251555586283187,9,10.0,8,8,8
567,3021,9,f,WAS THERE ANY US,1.0,129.72972972972974,1.85,4,4,4,0,0,0,0,0.0,0.0,0.0,0.0,0.0,0,1.0,1.0,-0.5922851786017418,0.0,0.435,0.0,0.0,0,0.53662109375,0.75,0.11666663736104965,0.09760009497404099,1506.414705801085,0.12961227829391891,8,10.0,8,8,7
568,3021,9,f,HE WILL HELP ME FIND A ROOM,1.0,141.8918918918919,2.96,7,7,7,0,0,0,0,0.0,0.0,0.0,0.0,0.0,0,1.0,1.0,-0.3678977218541232,0.0,0.37999999999999995,0.0,0.0,0,0.8801618303571429,0.0,0.11785725504159927,0.08888047188520432,1567.4690900422906,0.12499095775462964,8,10.0,8,7,7
569,3021,9,f,WILL YOU TEA TELL HIM,0.8,95.23809523809523,2.52,5,4,4,1,0,0,0,0.2,0.0,0.0,0.0,0.2,-1,0.8,1.0,-0.5263671875,0.5907471498833574,0.6100000000000001,0.0,0.0,0,0.76416015625,0.5,0.05522192269563675,0.04979655146598816,1411.5390399738335,0.0958675462372449,8,10.0,8,8,8
570,3021,9,f,I DO NOT WISH TO SEE YOU AGAIN,1.0,162.71186440677965,2.95,8,8,8,0,0,0,0,0.0,0.0,0.0,0.0,0.0,0,1.0,1.0,-0.3014322842160861,0.0,0.3625,0.0,0.0,0,0.98065185546875,0.0,0.06230960041284561,0.051714204251766205,1974.3564912571785,0.15335110501126126,8,10.0,8,8,8
571,3021,9,f,IT IS OVER ALREADY,1.0,108.1081081081081,2.22,4,4,4,0,0,0,0,0.0,0.0,0.0,0.0,0.0,0,1.0,1.0,-0.5336913913488388,0.0,0.51,0.0,0.0,0,0.8311767578125,0.25,0.09367462992668152,0.07895404100418091,1830.3627192853019,0.12646484375,8,10.0,8,8,8
572,3021,9,f,WE WERE ALL SURE OF THAT,1.0,138.46153846153845,2.6,6,6,6,0,0,0,0,0.0,0.0,0.0,0.0,0.0,0,1.0,1.0,-0.558984375,0.0,0.42,0.0,0.0,0,0.7705891927083334,0.3333333333333333,0.04352099448442459,0.033841706812381744,2064.2716552990178,0.15459735576923078,6,10.0,8,8,5
573,3021,9,f,IS THIS WELL DONE,0.75,136.36363636363637,1.76,4,4,3,0,1,0,0,0.0,0.25,0.0,0.0,0.25,0,1.0,1.0,-0.6376953050494194,0.528509073694843,0.355,0.0666666666666667,0.20000000000000007,0,0.54473876953125,0.5,0.027917953208088875,0.024991575628519058,2395.95797553774,0.18415364583333332,8,10.0,8,8,8
574,3021,9,f,BUT CARE CARE CARE,1.0,109.0909090909091,2.2,4,4,4,0,0,0,0,0.0,0.0,0.0,0.0,0.0,0,1.0,1.0,-0.4584263563156128,0.0,0.5150000000000001,0.0,0.0,0,0.6087646484375,0.5,0.04106581583619118,0.0392925925552845,2372.929047170546,0.1677299167798913,9,10.0,9,8,8
575,3021,9,f,IT IS ONLY FOUR FEET HIGH,0.8333333333333334,136.88212927756655,2.63,6,6,5,0,1,0,0,0.0,0.16666666666666666,0.0,0.0,0.16666666666666666,0,1.0,1.0,-0.436328136920929,0.6464055815939321,0.42,0.0,0.0,0,0.8115234375,0.16666666666666666,0.05380663648247719,0.04666484147310257,2568.9382109031367,0.2257662936373874,8,10.0,8,8,8
576,3021,9,f,HE ONLY WRITES TO TELL ME A PLACE OF NEWS,0.8,141.50943396226415,4.24,10,10,8,0,2,0,0,0.0,0.2,0.0,0.0,0.2,0,1.0,1.0,-0.3981584927865437,0.6715555825112471,0.41,0.0,0.0,0,0.8187255859375,0.2,0.06002573296427727,0.04261556640267372,2353.2998920461087,0.18686050907258064,8,10.0,7,7,7
577,3021,9,f,WHAT WOMAN WHO REALLY LOVED WOULD,0.8333333333333334,135.92233009708738,3.09,6,7,5,0,1,1,0,0.0,0.16666666666666666,0.16666666666666666,0.0,0.3333333333333333,1,1.1666666666666667,1.0,-0.9801136363636364,0.3752684522860399,0.4257142857142857,0.0,0.0,0,0.4358433314732143,0.7142857142857143,0.0806305855512619,0.06768529117107391,1704.800665978228,0.11894865117521368,8,10.0,7,7,7
578,3021,9,f,TELL ME WHAT YOU WOULD DO,1.0,124.5674740484429,2.89,6,6,6,0,0,0,0,0.0,0.0,0.0,0.0,0.0,0,1.0,1.0,-0.3613281279802322,0.0,0.4466666666666667,0.0,0.0,0,0.9095052083333334,0.0,0.05778223276138306,0.052080247551202774,1646.4427641350815,0.10369762073863636,8,10.0,7,6,7
579,3021,9,f,WHY WOULD YOU WRITE TO ME,1.0,153.84615384615384,2.34,6,6,6,0,0,0,0,0.0,0.0,0.0,0.0,0.0,0,1.0,1.0,-0.49179686307907106,0.0,0.37666666666666665,0.0,0.0,0,0.8496500651041666,0.16666666666666666,0.06731116026639938,0.0572081096470356,1735.7704932541785,0.12047278362771739,9,10.0,9,9,9
580,3046,9,m,AND THIS FROM ME,1.0,160.427807486631,1.87,4,5,4,0,0,1,0,0.0,0.0,0.25,0.0,0.25,1,1.25,1.0,-0.4830729166666667,0.6168848405472785,0.32,0.0,0.0,0,0.825830078125,0.2,0.04641439765691757,0.04730452969670296,1922.6527470434653,0.11518492879746836,8,10.0,8,8,8
581,3046,9,m,WHAT WHAT DO YOU LOCK AT ME SO HAD FOR,0.8,166.2049861495845,3.61,10,10,8,0,2,0,0,0.0,0.2,0.0,0.0,0.2,0,1.0,1.0,-0.47405133502823965,0.6224752969605248,0.35,0.0,0.0,0,0.72117919921875,0.3,0.0731687918305397,0.06197182461619377,1816.8034681324036,0.13742321684160305,8,10.0,7,7,8
582,3046,9,m,THEY WANTING SOMETHING OF HIM,0.8,110.29411764705881,2.72,5,5,4,0,1,0,0,0.0,0.2,0.0,0.0,0.2,0,1.0,1.0,-0.5638020833333334,0.5690414028125346,0.528,0.0,0.0,0,0.78076171875,0.2,0.055076535791158676,0.04901937022805214,2117.472990752758,0.17038171268203883,8,10.0,7,8,8
583,3046,9,m,WOULD YOU PLEASE TO WAIT,1.0,165.74585635359117,1.81,5,5,5,0,0,0,0,0.0,0.0,0.0,0.0,0.0,0,1.0,1.0,-0.5620659722222222,0.0,0.34,0.0,0.0,0,0.6076171875,0.6,0.05689570680260658,0.06165974587202072,1903.0368935470308,0.1160460633116883,8,10.0,7,6,7
584,3046,9,m,WHAT WAS I TO MAKE OF IT,1.0,140.46822742474916,2.99,7,7,7,0,0,0,0,0.0,0.0,0.0,0.0,0.0,0,1.0,1.0,-0.39453124458139593,0.0,0.4114285714285715,0.0,0.0,0,0.8536202566964286,0.14285714285714285,0.0402754582464695,0.03560588136315346,1932.8085606529062,0.12875050511853448,8,10.0,7,6,7
585,3046,9,m,WHAT WAS SHE HAS ABOUT,0.8,131.00436681222706,2.29,5,5,4,0,1,0,0,0.0,0.2,0.0,0.0,0.2,0,1.0,1.0,-0.6692708333333334,0.5120818346912204,0.43599999999999994,0.0,0.0,0,0.61923828125,0.6,0.05403609573841095,0.04750268906354904,2158.572267892797,0.17015562666223405,8,10.0,8,7,7
586,3046,9,m,WAS IT A BED,0.75,143.7125748502994,1.67,4,4,3,0,1,0,0,0.0,0.25,0.0,0.0,0.25,0,1.0,1.0,-0.5087890774011612,0.6012231729203187,0.39,0.0,0.0,0,0.68548583984375,0.5,0.047751929610967636,0.05001738294959068,1754.3730567943558,0.10076653467465753,8,10.0,8,7,7
587,3046,9,m,I I WILL SEEN THAT YOU HAVE WAS YOU WANT,0.7,106.93069306930693,5.05,10,9,7,1,2,0,0,0.1,0.2,0.0,0.0,0.3,-1,0.9,1.0,-0.2967247504454393,0.7432485630453124,0.5488888888888889,0.0,0.0,0,0.8826497395833334,0.1111111111111111,0.06050562858581543,0.05030600726604462,1555.486369180153,0.09167551029624277,8,10.0,6,6,7
588,3046,9,m,WHY DO I KNOW YOU,1.0,147.05882352941177,2.04,5,5,5,0,0,0,0,0.0,0.0,0.0,0.0,0.0,0,1.0,1.0,-0.19227430555555555,0.0,0.392,0.0,0.0,0,0.95751953125,0.0,0.04335073381662369,0.03662601113319397,1281.0764243347148,0.0637742949695122,8,10.0,7,7,7
589,3046,9,m,ALL ALL THAT WAS PAST,0.8,118.11023622047244,2.54,5,5,4,0,1,0,0,0.0,0.2,0.0,0.0,0.2,0,1.0,1.0,-0.55712890625,0.5728514151660928,0.492,0.0,0.0,0,0.671337890625,0.4,0.04919417202472687,0.0517067089676857,1598.26359169019,0.11200657894736842,8,10.0,7,6,8
590,3046,9,m,BUT I WOULD LIKE TO TRY,1.0,157.2052401746725,2.29,6,6,6,0,0,0,0,0.0,0.0,0.0,0.0,0.0,0,1.0,1.0,-0.47109375,0.0,0.36333333333333334,0.0,0.0,0,0.8933919270833334,0.16666666666666666,0.03847247362136841,0.03481362760066986,1696.9142840990903,0.11032413096910113,8,10.0,8,6,7
591,3046,9,m,HAD A BIG PLACE,0.75,134.8314606741573,1.78,4,4,3,0,1,0,0,0.0,0.25,0.0,0.0,0.25,0,1.0,1.0,-0.49720982142857145,0.6082253517094806,0.42500000000000004,0.0,0.0,0,0.70001220703125,0.5,0.03892276808619499,0.03564715385437012,1986.4124478871017,0.1402640964673913,8,10.0,8,8,7
592,3046,9,m,NOT NOT THAT I LIKED HIM,0.5,92.59259259259258,3.24,6,5,3,1,2,0,0,0.16666666666666666,0.3333333333333333,0.0,0.0,0.5,-1,0.8333333333333334,1.0,-0.755468738079071,0.46979035448406153,0.632,0.0,0.0,0,0.65645751953125,0.6,0.03441527113318443,0.02979041263461113,1892.5479724572779,0.11180798760775862,8,10.0,7,6,7
593,3046,9,m,WE HAVE TO TAKE WHAT WE CAN GET,0.875,125.65445026178011,3.82,8,8,7,0,1,0,0,0.0,0.125,0.0,0.0,0.125,0,1.0,1.0,-0.3668619741996129,0.6929052772498688,0.4775,0.0,0.0,0,0.85443115234375,0.125,0.04140108451247215,0.03643752634525299,1563.0869176495685,0.09970555160984848,8,10.0,7,6,7
594,3046,9,m,HOW WOULD THE THINGS GET DONE HERE,1.0,153.84615384615384,2.73,7,7,7,0,0,0,0,0.0,0.0,0.0,0.0,0.0,0,1.0,1.0,-0.43749998916279187,0.0,0.3742857142857143,0.0,0.0,0,0.7873883928571429,0.2857142857142857,0.045362215489149094,0.04558814689517021,1713.3742888283775,0.1162744140625,8,10.0,7,7,7
595,3046,9,m,THE BIG BOY WERE COMING OVER ALL THE TIME,0.6666666666666666,149.62593516209478,4.01,9,10,6,0,3,1,0,0.0,0.3333333333333333,0.1111111111111111,0.0,0.4444444444444444,1,1.1111111111111112,1.0,-0.4765625183398907,0.6209141084185988,0.396,0.0,0.0,0,0.6783447265625,0.5,0.050684962421655655,0.04480910673737526,1436.0401722034435,0.08598010171979865,7,10.0,6,6,7
596,3046,9,m,NOR GET BACK TO THE BEGINNING,0.8333333333333334,119.20529801324503,3.02,6,6,5,0,1,0,0,0.0,0.16666666666666666,0.0,0.0,0.16666666666666666,0,1.0,1.0,-0.471484386920929,0.6240752113159527,0.49,0.0,0.0,0,0.885498046875,0.16666666666666666,0.04418109729886055,0.04147648438811302,1714.9044898293378,0.09924418986344538,8,10.0,7,7,8
597,3046,9,m,AND THERE WAS THE PLANE,0.8,150.0,2.0,5,5,4,0,1,0,0,0.0,0.2,0.0,0.0,0.2,0,1.0,1.0,-0.5386284722222222,0.5835480561407383,0.372,0.0,0.0,0,0.685107421875,0.4,0.049041181802749634,0.04660768061876297,1556.2462055692217,0.0830078125,8,10.0,8,8,8
598,3046,9,m,DOES HE KNOW YOUR PHONE NUMBER,0.8333333333333334,129.03225806451613,2.79,6,6,5,0,1,0,0,0.0,0.16666666666666666,0.0,0.0,0.16666666666666666,0,1.0,1.0,-0.453515625,0.635390425958157,0.4466666666666667,0.0,0.0,0,0.7685750325520834,0.16666666666666666,0.04950866103172302,0.04685332253575325,1750.1954171142963,0.11376496787383178,8,10.0,7,7,7
599,3046,9,m,IT WAS A NEW DAY,1.0,160.427807486631,1.87,5,5,5,0,0,0,0,0.0,0.0,0.0,0.0,0.0,0,1.0,1.0,-0.3522135416666667,0.0,0.35200000000000004,0.0,0.0,0,0.8689453125,0.2,0.03057197853922844,0.02916746214032173,2000.0011166246204,0.1084241365131579,8,10.0,8,8,8
600,3049,9,m,SWEET YOU LOOK SO BEAUTIFUL TODAY,0.8333333333333334,150.00000000000003,2.8,6,7,5,0,1,1,0,0.0,0.16666666666666666,0.16666666666666666,0.0,0.3333333333333333,1,1.1666666666666667,1.0,-0.4964488744735718,0.6086883550769773,0.39999999999999997,0.0,0.0,0,0.7218191964285714,0.2857142857142857,0.11462480574846268,0.09001394361257553,1449.684492851304,0.10513277666284404,8,10.0,7,6,7
601,3049,9,m,ITS WAS REALLY TOO MUCH,0.8,133.92857142857142,2.24,5,5,4,0,1,0,0,0.0,0.2,0.0,0.0,0.2,0,1.0,1.0,-0.4752604166666667,0.621723128316875,0.44800000000000006,0.0,0.0,0,0.852734375,0.2,0.10800140351057053,0.07742297649383545,1643.7021846299854,0.12268497242647058,8,10.0,7,7,7
602,3049,9,m,I LOVE ALL OF THEM,1.0,130.43478260869566,2.3,5,5,5,0,0,0,0,0.0,0.0,0.0,0.0,0.0,0,1.0,1.0,-0.6345486111111112,0.0,0.44399999999999995,0.0,0.0,0,0.757275390625,0.2,0.09598995745182037,0.07888798415660858,1285.1152562484117,0.08593230551861702,8,10.0,8,7,7
603,3049,9,m,WHAT IS ONE REALLY TO CARE FOR,0.5714285714285714,131.38686131386862,2.74,7,6,4,1,2,0,0,0.14285714285714285,0.2857142857142857,0.0,0.0,0.42857142857142855,-1,0.8571428571428571,1.0,-0.5652343511581421,0.5682269665049887,0.45333333333333337,0.0,0.0,0,0.7073567708333334,0.3333333333333333,0.09413658082485199,0.06927109509706497,1264.1910251336758,0.07771669585129311,8,10.0,6,7,8
604,3049,9,m,AND YOUR WILL SING TO US WILL YOUR NOT,0.7777777777777778,90.36144578313254,6.64,9,10,7,0,2,1,0,0.0,0.2222222222222222,0.1111111111111111,0.0,0.3333333333333333,1,1.1111111111111112,1.0,-0.4213169664144516,0.656182080761767,0.65,0.0,0.0,0,0.7797119140625,0.3,0.1091880276799202,0.08905394375324249,1559.7465448872688,0.12850774243273544,8,10.0,6,6,7
605,3049,9,m,WHERE YOU HAVE IT NOW,0.4,143.42629482071715,2.51,5,6,2,0,3,1,0,0.0,0.6,0.2,0.0,0.8,1,1.2,1.0,-0.7493489334980646,0.4726741949170296,0.34285714285714286,0.0,0.0,0,0.6281476702008929,0.42857142857142855,0.11489399522542953,0.08749595284461975,1273.423785527864,0.07754610985824742,8,10.0,7,7,7
606,3049,9,m,WHAT OF WHERE TO SEE THEM,0.5,91.1392405063291,3.95,6,6,3,0,3,0,0,0.0,0.5,0.0,0.0,0.5,0,1.0,1.0,-0.8671875178813935,0.42013150150798645,0.64,0.0,0.0,0,0.4515380859375,0.8333333333333334,0.09571801126003265,0.07887398451566696,1413.9088824001842,0.10561660981514084,8,10.0,7,6,7
607,3049,9,m,DOES HE GO ABOUT WITH THEM,0.5,109.375,3.84,6,7,3,0,3,1,0,0.0,0.5,0.16666666666666666,0.0,0.6666666666666666,1,1.1666666666666667,1.0,-0.817307710647583,0.4416190216105883,0.5285714285714286,0.0,0.0,0,0.5385524204799107,0.42857142857142855,0.12483113259077072,0.08914696425199509,1491.0730354306547,0.0892505787037037,8,10.0,7,6,7
608,3049,9,m,THE STORY WAS NOT NEW,1.0,85.22727272727273,3.52,5,5,5,0,0,0,0,0.0,0.0,0.0,0.0,0.0,0,1.0,1.0,-0.4822048611111111,0.0,0.688,0.0,0.0,0,0.84658203125,0.2,0.08192937821149826,0.06865373998880386,1438.9886656758995,0.10275769589552239,8,10.0,7,7,7
609,3049,9,m,WITH THAT THEY HAD TO GO,0.6666666666666666,149.46619217081852,2.81,6,7,4,0,2,1,0,0.0,0.3333333333333333,0.16666666666666666,0.0,0.5,1,1.1666666666666667,1.0,-0.663085957368215,0.5152588118001368,0.34285714285714286,0.05999999999999998,0.3599999999999999,0,0.5685163225446429,0.7142857142857143,0.08064074069261551,0.06866732239723206,1404.685158052507,0.08108693248820754,8,10.0,7,6,8
610,3049,9,m,WILL SHE BE AT HOME THIS AFTERNOON,0.7142857142857143,89.2193308550186,5.38,7,8,5,0,2,1,0,0.0,0.2857142857142857,0.14285714285714285,0.0,0.42857142857142855,1,1.1428571428571428,1.0,-0.5374349057674408,0.5842449753522612,0.6625,0.0,0.0,0,0.740142822265625,0.25,0.09973064064979553,0.08493458479642868,1451.5826927049766,0.10080742590206186,7,10.0,7,6,6
611,3049,9,m,THEN THEY LET HER BE,0.6,163.93442622950818,1.83,5,5,3,0,2,0,0,0.0,0.4,0.0,0.0,0.4,0,1.0,1.0,-1.0761718253294628,0.34089804818564323,0.344,0.015000000000000013,0.06000000000000005,0,0.4290283203125,0.8,0.0707332193851471,0.06356703490018845,1609.4423618125038,0.08799479166666667,9,10.0,8,6,8
612,3049,9,m,MANY HAD COME ONLY FOR THAT DAY,0.8571428571428571,105.26315789473684,3.99,7,7,6,0,1,0,0,0.0,0.14285714285714285,0.0,0.0,0.14285714285714285,0,1.0,1.0,-0.3302556818181818,0.7187399412017953,0.5542857142857144,0.0,0.0,0,0.9116908482142857,0.0,0.11362586915493011,0.08221455663442612,1904.9578649219984,0.13768848339160839,8,10.0,7,7,8
613,3049,9,m,BUT WAS THAT ALL,0.0,101.69491525423729,1.77,4,3,0,1,3,0,0,0.25,0.75,0.0,0.0,1.0,-1,0.75,1.0,-0.6819196598870414,0.5056453929158664,0.5533333333333333,0.0,0.0,0,0.4423828125,0.6666666666666666,0.08719760179519653,0.07222834974527359,1320.8893844095494,0.08003799229452055,8,10.0,7,6,7
614,3049,9,m,BUT WE WHERE TEAR THE READY,0.16666666666666666,171.42857142857142,2.45,6,7,1,0,5,1,0,0.0,0.8333333333333334,0.16666666666666666,0.0,1.0,1,1.1666666666666667,1.0,-0.6103515575329462,0.5431598835566095,0.32,0.01666666666666668,0.10000000000000009,0,0.7616664341517857,0.2857142857142857,0.11426546424627304,0.09047256410121918,1577.0576714777592,0.08893839518229167,8,10.0,7,6,7
615,3049,9,m,WHAT ARE YOU DOING WITH HIM,1.0,162.89592760180994,2.21,6,6,6,0,0,0,0,0.0,0.0,0.0,0.0,0.0,0,1.0,1.0,-0.603906226158142,0.0,0.3499999999999999,0.0,0.0,0,0.7812093098958334,0.16666666666666666,0.10832012444734573,0.08479828387498856,1556.4835639118014,0.09070379083806818,8,10.0,7,6,7
616,3049,9,m,IT IS A LONG STORY,1.0,120.0,2.5,5,5,5,0,0,0,0,0.0,0.0,0.0,0.0,0.0,0,1.0,1.0,-0.5438368055555556,0.0,0.484,0.0,0.0,0,0.8041015625,0.2,0.10226501524448395,0.07627244293689728,1861.0404865625078,0.12279562348300971,8,10.0,7,7,7
617,3049,9,m,WHAT WORLD SHE HAVE HAD OF HIM,0.42857142857142855,92.62435677530017,5.83,7,9,3,0,4,2,0,0.0,0.5714285714285714,0.2857142857142857,0.0,0.8571428571428571,2,1.2857142857142858,1.0,-0.6808894047370324,0.5061666051306782,0.6355555555555557,0.0,0.0,0,0.5991956922743056,0.5555555555555556,0.09210586547851562,0.07273819297552109,1687.0680808744294,0.1358354271356784,3,10.0,6,6,3
618,3049,9,m,BUT I SEE HIM,0.25,177.5147928994083,1.69,4,5,1,0,3,1,0,0.0,0.75,0.25,0.0,1.0,1,1.25,1.0,-1.0226562380790711,0.35963838514324015,0.268,0.035,0.14,0,0.495806884765625,0.6,0.09450345486402512,0.0891164019703865,1768.9691364724997,0.12537977430555555,8,10.0,8,8,8
619,3049,9,m,IT WAS A DRINKING GLASS,1.0,144.23076923076923,2.08,5,5,5,0,0,0,0,0.0,0.0,0.0,0.0,0.0,0,1.0,1.0,-0.4270833333333333,0.0,0.4,0.0,0.0,0,0.891796875,0.2,0.11053866893053055,0.08637228608131409,2063.475985118478,0.15793788580246915,8,10.0,8,7,7
620,3068,9,m,WE HAVE TO BEGIN ARE OVER AGAIN,0.8571428571428571,110.76923076923076,3.25,7,6,6,1,0,0,0,0.14285714285714285,0.0,0.0,0.0,0.14285714285714285,-1,0.8571428571428571,1.0,-0.6382812559604645,0.528199484032646,0.5233333333333333,0.0,0.0,0,0.78082275390625,0.16666666666666666,0.04284781590104103,0.037226926535367966,1616.9544982835278,0.09386393229166666,7,10.0,7,7,7
621,3068,9,m,I KNOW HOW GOOD YOUR ARE TO ME,0.875,139.53488372093022,3.44,8,8,7,0,1,0,0,0.0,0.125,0.0,0.0,0.125,0,1.0,1.0,-0.3795572916666667,0.6841642273821771,0.41250000000000003,0.0,0.0,0,0.88604736328125,0.125,0.035110101103782654,0.03026099130511284,1577.3055264100662,0.08983581046747967,8,10.0,7,6,7
622,3068,9,m,DO YOU CARE FOR BOOKS,0.4,156.25,1.92,5,5,2,0,3,0,0,0.0,0.6,0.0,0.0,0.6,0,1.0,1.0,-0.7421874850988388,0.4760713766252535,0.368,0.0,0.0,0,0.3680419921875,1.0,0.05570024996995926,0.054560210555791855,1607.7278135243214,0.0968017578125,7,10.0,8,7,7
623,3068,9,m,WHAT WAS MY GOOD NAME TO ME,1.0,143.83561643835617,2.92,7,7,7,0,0,0,0,0.0,0.0,0.0,0.0,0.0,0,1.0,1.0,-0.48508524894714355,0.0,0.3914285714285714,0.0,0.0,0,0.8244977678571429,0.14285714285714285,0.04644348472356796,0.037897948175668716,1622.8899655675052,0.09546802662037036,8,10.0,8,7,8
624,3068,9,m,IT WAS NOT TO BE DONE,1.0,131.86813186813188,2.73,6,6,6,0,0,0,0,0.0,0.0,0.0,0.0,0.0,0,1.0,1.0,-0.4585937440395355,0.0,0.4366666666666667,0.0,0.0,0,0.83251953125,0.16666666666666666,0.03337794914841652,0.033080462366342545,1829.6978496557945,0.1076394260519802,8,10.0,8,8,7
625,3068,9,m,WHO WAS THE BOY,1.0,148.14814814814812,1.62,4,4,4,0,0,0,0,0.0,0.0,0.0,0.0,0.0,0,1.0,1.0,-0.20141601003706455,0.0,0.38500000000000006,0.0,0.0,0,0.82208251953125,0.25,0.03922953084111214,0.04179360345005989,1721.423535867365,0.1312926386443662,9,10.0,8,7,8
626,3068,9,m,LET HIM COME HERE,1.0,134.0782122905028,1.79,4,4,4,0,0,0,0,0.0,0.0,0.0,0.0,0.0,0,1.0,1.0,-0.3222656212747097,0.0,0.42,0.0,0.0,0,0.9324951171875,0.0,0.03911764919757843,0.036060407757759094,2021.3394945918012,0.10856119791666667,8,10.0,8,7,8
627,3068,9,m,AND THESE WASH NO ONE THERE,0.6666666666666666,131.38686131386862,2.74,6,6,4,0,2,0,0,0.0,0.3333333333333333,0.0,0.0,0.3333333333333333,0,1.0,1.0,-0.3707031190395355,0.6902488328795828,0.4266666666666667,0.0,0.0,0,0.8902994791666666,0.16666666666666666,0.039224859327077866,0.03471308946609497,1773.6062969155316,0.10748697916666666,7,10.0,8,7,7
628,3068,9,m,BUT WHAT DOES SHE WANT HERE,1.0,134.32835820895522,2.68,6,6,6,0,0,0,0,0.0,0.0,0.0,0.0,0.0,0,1.0,1.0,-0.48437497615814207,0.0,0.42333333333333334,0.0,0.0,0,0.7797037760416666,0.0,0.0405770018696785,0.03228107467293739,1851.960350201976,0.11711498298267327,8,10.0,8,8,8
629,3068,9,m,HOW WOULD IT BE THEN,0.8,106.00706713780919,2.83,5,5,4,0,1,0,0,0.0,0.2,0.0,0.0,0.2,0,1.0,1.0,-0.5455729166666666,0.5795096774617217,0.544,0.0,0.0,0,0.73828125,0.2,0.03266619145870209,0.03505595400929451,1965.463644883136,0.11642221304086539,8,10.0,7,7,8
630,3068,9,m,AFTER THAT YOU MAY GO,0.6,107.52688172043011,2.79,5,5,3,0,2,0,0,0.0,0.4,0.0,0.0,0.4,0,1.0,1.0,-0.7222222222222222,0.4856717852477124,0.492,0.06999999999999995,0.2799999999999998,0,0.677490234375,0.6,0.028916144743561745,0.028060533106327057,1753.8284255750589,0.11250465029761905,8,10.0,7,6,7
631,3068,9,m,IT WAS AFTER BREAKFAST,1.0,105.72687224669602,2.27,4,4,4,0,0,0,0,0.0,0.0,0.0,0.0,0.0,0,1.0,1.0,-0.5537109375,0.0,0.54,0.0,0.0,0,0.82757568359375,0.25,0.032638415694236755,0.02878652699291706,2036.2705634156678,0.16300802027925532,8,10.0,8,8,7
632,3068,9,m,THERE IS SO MUCH IN A NAME,1.0,152.72727272727275,2.75,7,7,7,0,0,0,0,0.0,0.0,0.0,0.0,0.0,0,1.0,1.0,-0.518821044401689,0.0,0.3857142857142857,0.0,0.0,0,0.7801862444196429,0.14285714285714285,0.05045931786298752,0.03773055598139763,1989.9454335516944,0.12623762376237624,8,10.0,8,8,8
633,3068,9,m,IT WAS TOO BEAUTIFUL,1.0,103.00429184549355,2.33,4,4,4,0,0,0,0,0.0,0.0,0.0,0.0,0.0,0,1.0,1.0,-0.41434151785714285,0.0,0.555,0.0,0.0,0,0.8846435546875,0.0,0.031896065920591354,0.032936446368694305,2024.2011974387772,0.14380391438802084,8,10.0,8,7,8
634,3068,9,m,SHE TURNED IT OVER,1.0,134.8314606741573,1.78,4,4,4,0,0,0,0,0.0,0.0,0.0,0.0,0.0,0,1.0,1.0,-0.74853515625,0.0,0.41,0.0,0.0,0,0.5704803466796875,0.5,0.03113800846040249,0.031138353049755096,2056.8686469330078,0.13189376027960525,8,10.0,8,6,8
635,3068,9,m,NO TEETH WERE THERE,0.25,131.86813186813185,1.82,4,4,1,0,3,0,0,0.0,0.75,0.0,0.0,0.75,0,1.0,1.0,-0.6552734151482582,0.5193000586723897,0.43500000000000005,0.0,0.0,0,0.49151611328125,0.75,0.032775528728961945,0.030509991571307182,1694.6190286542678,0.0837062401107595,8,10.0,8,7,7
636,3068,9,m,SHE LIKED WAKING ON HIM,0.4,72.07207207207207,3.33,5,4,2,1,2,0,0,0.2,0.4,0.0,0.0,0.6,-1,0.8,1.0,-0.8949652777777778,0.4086217866510083,0.765,0.0,0.0,0,0.6221466064453125,0.25,0.03171023353934288,0.03362999111413956,2027.6040715701567,0.13067062762605042,8,10.0,8,8,8
637,3068,9,m,THEY MAKE ME SO HAPPY,1.0,132.15859030837004,2.27,5,5,5,0,0,0,0,0.0,0.0,0.0,0.0,0.0,0,1.0,1.0,-0.4587673611111111,0.0,0.43200000000000005,0.0,0.0,0,0.93623046875,0.0,0.036003272980451584,0.03502872213721275,2056.9859797303066,0.142822265625,8,10.0,7,7,7
638,3068,9,m,I KNOW IT ALL,1.0,161.07382550335572,1.49,4,4,4,0,0,0,0,0.0,0.0,0.0,0.0,0.0,0,1.0,1.0,-0.6411132737994194,0.0,0.34500000000000003,0.0,0.0,0,0.722198486328125,0.25,0.02594192512333393,0.03072771057486534,1809.3158212143278,0.10593291859567901,8,10.0,7,7,7
639,3068,9,m,GET ON WITH YOUR BREAKFAST,1.0,79.7872340425532,3.76,5,5,5,0,0,0,0,0.0,0.0,0.0,0.0,0.0,0,1.0,1.0,-0.343505859375,0.0,0.692,0.0,0.0,0,0.93486328125,0.0,0.02022472210228443,0.022104961797595024,2160.5132353527015,0.1549872036637931,8,10.0,7,6,7
640,3083,10,f,TELL ME WHAT YOU WANT ME TO DO,1.0,175.82417582417582,2.73,8,8,8,0,0,0,0,0.0,0.0,0.0,0.0,0.0,0,1.0,1.0,-0.3483072941501935,0.0,0.315,0.0,0.0,0,0.9560546875,0.0,0.019033044576644897,0.015273602679371834,1815.0291256259188,0.11841560132575757,8,10.0,8,7,8
641,3083,10,f,SHE KNOWS I WOULD,1.0,153.84615384615384,1.56,4,4,4,0,0,0,0,0.0,0.0,0.0,0.0,0.0,0,1.0,1.0,-0.8002232142857143,0.0,0.315,0.0,0.0,0,0.4989471435546875,0.5,0.013479389250278473,0.013815276324748993,2346.8016983063226,0.17726616010273974,9,10.0,9,8,8
642,3083,10,f,AND PEOPLE WERE BEGINNING TO SAY ITS OF YOU,0.6666666666666666,139.53488372093022,4.3,9,10,6,0,3,1,0,0.0,0.3333333333333333,0.1111111111111111,0.0,0.4444444444444444,1,1.1111111111111112,1.0,-0.5814732185431889,0.5590741212053276,0.41600000000000004,0.0,0.0,0,0.72420654296875,0.4,0.019667064771056175,0.01576646789908409,1986.4646264923406,0.15459491680194806,8,10.0,8,7,7
643,3083,10,f,AND HOW ARE THINGS GOING ON HAIR NOW,0.875,90.73724007561437,5.29,8,8,7,0,1,0,0,0.0,0.125,0.0,0.0,0.125,0,1.0,1.0,-0.556966150800387,0.5729446574433682,0.6275,0.0,0.0,0,0.681732177734375,0.375,0.018562903627753258,0.017177965492010117,1958.2524126984981,0.15412077356557377,8,10.0,6,7,7
644,3083,10,f,WE KNOW THAT WELL,0.25,155.44041450777203,1.93,4,5,1,0,3,1,0,0.0,0.75,0.25,0.0,1.0,1,1.25,1.0,-0.8890624880790711,0.4110409279409025,0.376,0.0,0.0,0,0.51038818359375,0.6,0.015183488838374615,0.013675724156200886,1784.4785082793474,0.12407552083333333,8,10.0,7,7,7
645,3083,10,f,I WANTS WORK AND ITS IS MY RIGHT,0.75,149.17127071823205,3.62,8,9,6,0,2,1,0,0.0,0.25,0.125,0.0,0.375,1,1.125,1.0,-0.5426682692307693,0.5811953957839426,0.38222222222222224,0.0,0.0,0,0.6968044704861112,0.3333333333333333,0.02404637075960636,0.0179048590362072,2132.2255560608023,0.1794579349347015,8,10.0,7,7,7
646,3083,10,f,I DO NOT KNOW HIM,0.6,137.40458015267177,2.62,5,6,3,0,2,1,0,0.0,0.4,0.2,0.0,0.6,1,1.2,1.0,-0.8963067965074019,0.40807398039921305,0.36000000000000004,0.05600000000000001,0.28,0,0.6601155598958334,0.3333333333333333,0.01921944133937359,0.018721457570791245,1897.488723544773,0.151844968077957,8,10.0,8,8,8
647,3083,10,f,YES I KNOW YOU LOVE ME,1.0,101.9830028328612,3.53,6,6,6,0,0,0,0,0.0,0.0,0.0,0.0,0.0,0,1.0,1.0,-0.30468749105930326,0.0,0.5066666666666666,0.07600000000000003,0.3800000000000001,0,0.907470703125,0.0,0.019063828513026237,0.02049938030540943,1935.5481512925444,0.15097191220238096,9,10.0,7,8,8
648,3083,10,f,HOW HAPPY YOU BOTH LOOK,0.4,191.48936170212767,1.88,5,6,2,0,3,1,0,0.0,0.6,0.2,0.0,0.8,1,1.2,1.0,-0.5003906071186066,0.6062937907836531,0.29,0.0,0.0,0,0.6718343098958334,0.3333333333333333,0.018824946135282516,0.01718006655573845,1992.2324199316583,0.1387954905063291,9,10.0,8,8,8
649,3083,10,f,SHE WORD NOT SAY WHAT,0.6,113.2075471698113,3.18,5,6,3,0,2,1,0,0.0,0.4,0.2,0.0,0.6,1,1.2,1.0,-0.6987847222222222,0.497189159727909,0.53,0.0,0.0,0,0.6961263020833334,0.3333333333333333,0.014475197531282902,0.012488387525081635,2350.1449153144604,0.20355324667008196,8,10.0,7,7,7
650,3083,10,f,IT ME ALL BE OVER,0.6,148.5148514851485,2.02,5,5,3,0,2,0,0,0.0,0.4,0.0,0.0,0.4,0,1.0,1.0,-0.34667969942092897,0.7070317546740013,0.35600000000000004,0.03999999999999998,0.15999999999999992,0,0.831201171875,0.2,0.027686458081007004,0.026335258036851883,1498.9331879061392,0.08253158757716049,9,10.0,8,8,8
651,3083,10,f,SHE WILL KNOW WHAT'S I WANT,0.8333333333333334,156.52173913043478,2.3,6,6,5,0,1,0,0,0.0,0.16666666666666666,0.0,0.0,0.16666666666666666,0,1.0,1.0,-0.4562499761581421,0.6336554185518286,0.35999999999999993,0.0,0.0,0,0.9083658854166666,0.0,0.020822515711188316,0.01628703437745571,2142.8286333780243,0.15867040490591397,9,10.0,8,7,8
652,3083,10,f,LET US GO IN TO IT,0.6666666666666666,92.02453987730061,3.26,6,5,4,1,1,0,0,0.16666666666666666,0.16666666666666666,0.0,0.0,0.3333333333333333,-1,0.8333333333333334,1.0,-0.5099826388888888,0.6005060041732291,0.6519999999999999,0.0,0.0,0,0.89873046875,0.0,0.019097687676548958,0.014645317569375038,1961.2778248675638,0.15857533939549182,8,10.0,7,7,8
653,3083,10,f,THEN HE TURNED BACK AND LOOKED AT HER,1.0,141.5929203539823,3.39,8,8,8,0,0,0,0,0.0,0.0,0.0,0.0,0.0,0,1.0,1.0,-0.4521484399835269,0.0,0.4175,0.0,0.0,0,0.823944091796875,0.125,0.021641379222273827,0.015793902799487114,1801.3769560258397,0.126609375,8,10.0,7,7,7
654,3083,10,f,IN ANY CASE HE IS SURE TO LOVE HAIR BEST,0.9,122.44897959183672,4.9,10,10,9,0,1,0,0,0.0,0.1,0.0,0.0,0.1,0,1.0,1.0,-0.34166667064030964,0.7105850240886435,0.45600000000000007,0.02888888888888889,0.26,0,0.885302734375,0.0,0.017876701429486275,0.01242316048592329,2082.7882595307588,0.1806698753720238,7,10.0,7,7,7
655,3083,10,f,WHICH DO YOU CARE TO USE,1.0,136.36363636363635,2.64,6,6,6,0,0,0,0,0.0,0.0,0.0,0.0,0.0,0,1.0,1.0,-0.5546874761581421,0.0,0.41,0.0,0.0,0,0.79693603515625,0.16666666666666666,0.01544109731912613,0.013399428687989712,2008.8556156503416,0.16516236584595959,8,10.0,8,8,8
656,3083,10,f,AND THERE WE WERE,0.25,126.05042016806723,2.38,4,5,1,0,3,1,0,0.0,0.75,0.25,0.0,1.0,1,1.25,1.0,-0.7855902777777778,0.45585054390844054,0.44000000000000006,0.0,0.0,0,0.5720947265625,0.6,0.026690129190683365,0.025803502649068832,1610.5939606589038,0.0954348385989011,8,10.0,7,7,7
657,3083,10,f,WHAT WERE YOU PARENTS,0.75,119.40298507462688,2.01,4,4,3,0,1,0,0,0.0,0.25,0.0,0.0,0.25,0,1.0,1.0,-0.3710937425494194,0.6899792581123388,0.48999999999999994,0.0,0.0,0,0.897216796875,0.0,0.02650545910000801,0.024498991668224335,1946.2107743603292,0.14766623757102273,7,10.0,7,8,7
658,3083,10,f,STAY WITH MY MOTHER,1.0,157.89473684210526,1.52,4,4,4,0,0,0,0,0.0,0.0,0.0,0.0,0.0,0,1.0,1.0,-0.3189174107142857,0.0,0.34500000000000003,0.0,0.0,0,0.946044921875,0.0,0.02529769577085972,0.022082695737481117,2254.3357379728923,0.17738665956439395,8,10.0,9,8,8
659,3083,10,f,HE WILL HELP YOU,1.0,126.31578947368423,1.9,4,4,4,0,0,0,0,0.0,0.0,0.0,0.0,0.0,0,1.0,1.0,-0.32366070577076506,0.0,0.39999999999999997,0.0,0.0,0,0.8736572265625,0.25,0.01400046981871128,0.01369751337915659,1847.813284973011,0.12300130208333333,8,10.0,8,8,8
660,3088,9,m,THEN LET IT STAY THERE,0.2,122.95081967213116,2.44,5,5,1,0,4,0,0,0.0,0.8,0.0,0.0,0.8,0,1.0,1.0,-1.0218749642372131,0.35991947099429433,0.42799999999999994,0.07500000000000001,0.30000000000000004,0,0.49376220703125,0.6,0.0635601207613945,0.057652391493320465,3455.7034248722703,0.3537190755208333,6,10.0,7,6,6
661,3088,9,m,YOU KNOW WELL THAT,0.5,193.5483870967742,1.55,4,5,2,0,2,1,0,0.0,0.5,0.25,0.0,0.75,1,1.25,1.0,-0.534375,0.5860354478635021,0.268,0.0,0.0,0,0.7102783203125,0.4,0.05475806072354317,0.05234147980809212,3030.397626351105,0.306348924512987,8,10.0,8,8,8
662,3088,9,m,I WILL TALK TO THE WATER,1.0,146.93877551020407,2.45,6,6,6,0,0,0,0,0.0,0.0,0.0,0.0,0.0,0,1.0,1.0,-0.418359375,0.0,0.39000000000000007,0.0,0.0,0,0.8765462239583334,0.0,0.05237587168812752,0.04674290493130684,2294.7102537478527,0.1737683354591837,8,10.0,8,8,8
663,3088,9,m,I AM GOING TO TRY,1.0,140.18691588785046,2.14,5,5,5,0,0,0,0,0.0,0.0,0.0,0.0,0.0,0,1.0,1.0,-0.4357638888888889,0.0,0.4,0.0,0.0,0,0.9259765625,0.0,0.041171059012413025,0.03777322545647621,2635.2810560360717,0.22237562859195403,8,10.0,8,8,8
664,3088,9,m,HOW WOULD IT BE WITH HIM THEN,1.0,118.30985915492958,3.55,7,7,7,0,0,0,0,0.0,0.0,0.0,0.0,0.0,0,1.0,1.0,-0.4506392099640586,0.0,0.4685714285714285,0.0,0.0,0,0.8263811383928571,0.14285714285714285,0.052051931619644165,0.04818406328558922,2863.64835548505,0.23480224609375,8,10.0,7,7,7
665,3088,9,m,THIS WAS THAT THE POOR BOY HAD WANTED TO KNOW,1.0,124.48132780082986,4.82,10,10,10,0,0,0,0,0.0,0.0,0.0,0.0,0.0,0,1.0,1.0,-0.2977120407990047,0.0,0.4680000000000001,0.0,0.0,0,0.9037109375,0.0,0.08809784799814224,0.06430346518754959,2298.323218780035,0.18583170572916666,8,10.0,7,6,7
666,3088,9,m,THIS IS GETTING INTERESTING,1.0,107.62331838565022,2.23,4,4,4,0,0,0,0,0.0,0.0,0.0,0.0,0.0,0,1.0,1.0,-0.5268554538488388,0.0,0.5449999999999999,0.0,0.0,0,0.9556884765625,0.0,0.06471357494592667,0.05125676468014717,3250.938307182837,0.30793185763888886,8,10.0,8,8,8
667,3088,9,m,YOU HAVE DONE WITH TRAINS,0.8,120.96774193548387,2.48,5,5,4,0,1,0,0,0.0,0.2,0.0,0.0,0.2,0,1.0,1.0,-0.6870659722222222,0.5030498682119114,0.46799999999999997,0.0,0.0,0,0.693603515625,0.6,0.07486247271299362,0.06411202996969223,2805.402206782232,0.2616930509868421,8,10.0,8,8,8
668,3088,9,m,OH I KNOW HOW TO MAKE THEM,1.0,156.71641791044777,2.68,7,7,7,0,0,0,0,0.0,0.0,0.0,0.0,0.0,0,1.0,1.0,-0.3404948016007741,0.0,0.3285714285714286,0.04,0.24,0,0.9391043526785714,0.0,0.06960979849100113,0.056959476321935654,2490.27172811276,0.21926175631009615,8,10.0,8,8,8
669,3088,9,m,ALL ARE GUESS THAT IT IS DONE,0.42857142857142855,138.1578947368421,3.04,7,7,3,0,4,0,0,0.0,0.5714285714285714,0.0,0.0,0.5714285714285714,0,1.0,1.0,-0.6367187712873731,0.5290254327288347,0.3885714285714285,0.030000000000000027,0.18000000000000016,0,0.69970703125,0.2857142857142857,0.07355917990207672,0.06372252851724625,2779.3100800510447,0.24930245535714285,7,10.0,8,8,7
670,3088,9,m,I DO NOT KNOW WHERE,1.0,151.5151515151515,1.98,5,5,5,0,0,0,0,0.0,0.0,0.0,0.0,0.0,0,1.0,1.0,-0.3255208333333333,0.0,0.368,0.0,0.0,0,0.91552734375,0.0,0.053133524954319,0.05240240693092346,2488.8832346971376,0.20804489715189872,8,10.0,8,8,8
671,3088,9,m,SHE PUT IT BACK,1.0,135.59322033898303,1.77,4,4,4,0,0,0,0,0.0,0.0,0.0,0.0,0.0,0,1.0,1.0,-0.3767089881002903,0.0,0.39,0.0,0.0,0,0.861328125,0.25,0.03688402101397514,0.041507937014102936,3043.5301706639616,0.2615966796875,8,10.0,8,8,8
672,3088,9,m,IT WAS ALL TOO WONDERFUL,1.0,146.34146341463415,2.05,5,5,5,0,0,0,0,0.0,0.0,0.0,0.0,0.0,0,1.0,1.0,-0.44921875,0.0,0.38799999999999996,0.0,0.0,0,0.8779296875,0.0,0.06739934533834457,0.06445318460464478,2443.5351001008753,0.22054036458333334,8,10.0,9,8,8
673,3088,9,m,NO GETTING OUT OF THAT,1.0,133.33333333333334,2.25,5,5,5,0,0,0,0,0.0,0.0,0.0,0.0,0.0,0,1.0,1.0,-0.5209961012005806,0.0,0.42799999999999994,0.0,0.0,0,0.736767578125,0.4,0.05294494330883026,0.05052623152732849,2881.515366247986,0.25909846844059403,7,10.0,8,8,6
674,3088,9,m,SO IT WAS NOW,1.0,165.51724137931035,1.45,4,4,4,0,0,0,0,0.0,0.0,0.0,0.0,0.0,0,1.0,1.0,-0.3317522406578064,0.0,0.31,0.0,0.0,0,0.9122314453125,0.0,0.05831196904182434,0.05924198403954506,3232.1642411229486,0.31201171875,8,10.0,9,9,8
675,3088,9,m,I TURN HIM SEEN IT,0.8,140.18691588785046,2.14,5,5,4,0,1,0,0,0.0,0.2,0.0,0.0,0.2,0,1.0,1.0,-0.5104166666666666,0.6002454244402075,0.38,0.0,0.0,0,0.77841796875,0.2,0.05319681018590927,0.04443259909749031,3298.5305038809474,0.30791344803370785,9,10.0,9,9,9
676,3088,9,m,HELLO THERE WOMAN WOMAN,1.0,127.65957446808511,1.88,4,4,4,0,0,0,0,0.0,0.0,0.0,0.0,0.0,0,1.0,1.0,-0.6527343928813935,0.0,0.36,0.08666666666666667,0.17999999999999994,0,0.5587158203125,0.5,0.07392366975545883,0.06376812607049942,2357.2591995208923,0.19591821598101267,8,10.0,9,8,8
677,3088,9,m,I ONLY GUESSED IT,0.25,139.53488372093022,2.15,4,5,1,0,3,1,0,0.0,0.75,0.25,0.0,1.0,1,1.25,1.0,-0.8101562440395356,0.4447885652313537,0.388,0.0,0.0,0,0.536767578125,0.6,0.05451957508921623,0.05161387473344803,2929.2137817502235,0.24285821600274726,8,10.0,8,8,8
678,3088,9,m,DO NOT I KNOW YOU,1.0,163.93442622950818,1.83,5,5,5,0,0,0,0,0.0,0.0,0.0,0.0,0.0,0,1.0,1.0,-0.1176147423684597,0.0,0.312,0.0,0.0,0,0.862890625,0.0,0.03057137131690979,0.02915131114423275,2552.2664207568228,0.22266259131493507,8,10.0,9,8,8
679,3088,9,m,THIS ONE RIGHT HERE,1.0,103.44827586206898,2.32,4,4,4,0,0,0,0,0.0,0.0,0.0,0.0,0.0,0,1.0,1.0,-0.515625,0.0,0.5599999999999999,0.0,0.0,0,0.781005859375,0.25,0.0772959291934967,0.06813474744558334,2655.3185948713685,0.25326213430851063,8,10.0,9,9,8
680,3208,9,f,I SEE HIM THERE,1.0,155.84415584415584,1.54,4,4,4,0,0,0,0,0.0,0.0,0.0,0.0,0.0,0,1.0,1.0,-0.3645019643008709,0.0,0.34,0.0,0.0,0,0.95703125,0.0,0.039297740906476974,0.03805440291762352,2733.4971136641,0.24206719882246377,10,10.0,10,10,10
681,3208,9,f,DOES SHE WANT TO SEE ME,1.0,181.8181818181818,1.98,6,6,6,0,0,0,0,0.0,0.0,0.0,0.0,0.0,0,1.0,1.0,-0.28789061307907104,0.0,0.3066666666666667,0.0,0.0,0,0.9807942708333334,0.0,0.047100432217121124,0.04171101376414299,2956.787053415864,0.2523832775297619,10,10.0,10,9,9
682,3208,9,f,HERE I MAY DO SOMETHING,1.0,137.61467889908255,2.18,5,5,5,0,0,0,0,0.0,0.0,0.0,0.0,0.0,0,1.0,1.0,-0.5078124925494194,0.0,0.4,0.0,0.0,0,0.92685546875,0.0,0.0386585108935833,0.035451047122478485,2627.5982056872053,0.20230577256944443,9,10.0,10,10,9
683,3208,9,f,GET UP I SAY,0.75,149.06832298136646,1.61,4,4,3,0,1,0,0,0.0,0.25,0.0,0.0,0.25,0,1.0,1.0,-0.3904079861111111,0.676780701038236,0.34,0.04666666666666671,0.14000000000000012,0,0.8148193359375,0.25,0.028393249958753586,0.030020546168088913,2431.302116882043,0.21069010416666667,10,10.0,10,9,9
684,3208,9,f,WELL WHERE IS HE,1.0,119.40298507462688,2.01,4,4,4,0,0,0,0,0.0,0.0,0.0,0.0,0.0,0,1.0,1.0,-0.3515625,0.0,0.37999999999999995,0.12666666666666668,0.38,0,0.9307861328125,0.0,0.03733080253005028,0.035415396094322205,2091.8048225740113,0.1536036361882716,8,10.0,8,8,8
685,3208,9,f,I HAVE HAD NO HOLIDAY,1.0,126.05042016806723,2.38,5,5,5,0,0,0,0,0.0,0.0,0.0,0.0,0.0,0,1.0,1.0,-0.4314236111111111,0.0,0.45999999999999996,0.0,0.0,0,0.93681640625,0.0,0.05055343732237816,0.03967861086130142,2442.8385879158236,0.18776407047193877,10,10.0,9,9,9
686,3208,9,f,AND SO THERE WERE TEN OF THEM,0.8571428571428571,157.89473684210526,2.66,7,7,6,0,1,0,0,0.0,0.14285714285714285,0.0,0.0,0.14285714285714285,0,1.0,1.0,-0.4488636417822404,0.6383531374555335,0.3371428571428572,0.0,0.0,0,0.8236607142857143,0.2857142857142857,0.06395792961120605,0.055495016276836395,2421.496354322774,0.19007414290048544,10,10.0,9,9,9
687,3208,9,f,IT IS GOOD TO BE LOVED AND TO LOVE,1.0,197.8021978021978,2.73,9,9,9,0,0,0,0,0.0,0.0,0.0,0.0,0.0,0,1.0,1.0,-0.3656850869839008,0.0,0.28,0.0,0.0,0,0.8665907118055556,0.1111111111111111,0.06672149151563644,0.06098397821187973,2554.1847158164073,0.21518923201650944,8,10.0,9,9,8
688,3208,9,f,BUT THIS IDEA WAS NOT OF TODAY,1.0,123.52941176470588,3.4,7,7,7,0,0,0,0,0.0,0.0,0.0,0.0,0.0,0,1.0,1.0,-0.32617186958139593,0.0,0.46571428571428575,0.0,0.0,0,0.9365931919642857,0.0,0.05686783418059349,0.04167711362242699,2471.4341365481614,0.19815710819128787,8,10.0,9,9,8
689,3208,9,f,OH THIS IS WONDERFUL,1.0,100.84033613445379,2.38,4,4,4,0,0,0,0,0.0,0.0,0.0,0.0,0.0,0,1.0,1.0,-0.4895833333333333,0.0,0.485,0.06666666666666665,0.19999999999999996,0,0.913330078125,0.0,0.05221008136868477,0.045364342629909515,2544.441961290615,0.2253720238095238,9,10.0,9,9,9
690,3208,9,f,THEY WILL SEE THAT YOU ARE NOT THERE,0.875,128.686327077748,3.73,8,8,7,0,1,0,0,0.0,0.125,0.0,0.0,0.125,0,1.0,1.0,-0.4261067708333333,0.6530466120671979,0.4525,0.0,0.0,0,0.85406494140625,0.25,0.05210171639919281,0.041084498167037964,2497.853811084586,0.20960170200892858,8,10.0,8,8,8
691,3208,9,f,WE ARE BOTH TWELVE YEARS OLD,0.8333333333333334,153.84615384615384,2.34,6,6,5,0,1,0,0,0.0,0.16666666666666666,0.0,0.0,0.16666666666666666,0,1.0,1.0,-0.3357204861111111,0.714822880818097,0.36666666666666664,0.0,0.0,0,0.8824055989583334,0.0,0.04774171859025955,0.0420990027487278,2391.3463635854273,0.19156727892287234,9,10.0,9,8,8
692,3208,9,f,TRY YOUR NEW SHOES,1.0,145.45454545454547,1.65,4,4,4,0,0,0,0,0.0,0.0,0.0,0.0,0.0,0,1.0,1.0,-0.3591308519244194,0.0,0.385,0.0,0.0,0,0.9390869140625,0.0,0.03882365673780441,0.03543361648917198,2815.8191326368574,0.2677909655448718,8,10.0,9,9,8
693,3208,9,f,BUT IT WAS TOO MUCH,1.0,158.73015873015873,1.89,5,5,5,0,0,0,0,0.0,0.0,0.0,0.0,0.0,0,1.0,1.0,-0.2481689341366291,0.0,0.356,0.0,0.0,0,0.93671875,0.0,0.04578748717904091,0.04213668033480644,2876.1360563854055,0.2742087624289773,9,10.0,9,9,9
694,3208,9,f,DO YOU WANT TO KNOW MY WISH,1.0,162.7906976744186,2.58,7,7,7,0,0,0,0,0.0,0.0,0.0,0.0,0.0,0,1.0,1.0,-0.25834517045454547,0.0,0.3485714285714286,0.0,0.0,0,0.9787946428571429,0.0,0.052524033933877945,0.039616700261831284,2490.8252777948305,0.22187861689814814,9,10.0,9,9,9
695,3208,9,f,SURELY THAT IS NOT TOO LONG TO WAIT,1.0,122.76214833759592,3.91,8,8,8,0,0,0,0,0.0,0.0,0.0,0.0,0.0,0,1.0,1.0,-0.3518880233168602,0.0,0.455,0.0,0.0,0,0.9300537109375,0.0,0.0535370297729969,0.03887905180454254,2831.2379612625323,0.24926097972972974,8,10.0,10,9,8
696,3208,9,f,SHE HAS THAT FROM ME,1.0,136.986301369863,2.19,5,5,5,0,0,0,0,0.0,0.0,0.0,0.0,0.0,0,1.0,1.0,-0.340087890625,0.0,0.384,0.0,0.0,0,0.92158203125,0.0,0.04479706659913063,0.03819757327437401,3059.1474300362315,0.2821932705965909,9,10.0,9,9,9
697,3208,9,f,HE HAD TO DRINK ON ALL FOURS,1.0,135.92233009708738,3.09,7,7,7,0,0,0,0,0.0,0.0,0.0,0.0,0.0,0,1.0,1.0,-0.3302408829331398,0.0,0.4114285714285714,0.0,0.0,0,0.9373953683035714,0.0,0.03603694587945938,0.03158509358763695,2647.1073627560977,0.24892316545758927,9,10.0,8,8,8
698,3208,9,f,MY SISTER WILL MISS YOU,1.0,177.5147928994083,1.69,5,5,5,0,0,0,0,0.0,0.0,0.0,0.0,0.0,0,1.0,1.0,-0.2343749925494194,0.0,0.316,0.0,0.0,0,0.9490234375,0.0,0.043764878064394,0.041357044130563736,2955.5830651853707,0.264601616010274,9,10.0,9,9,9
699,3208,9,f,THAT I CAN GIVE HIM,1.0,123.45679012345678,2.43,5,5,5,0,0,0,0,0.0,0.0,0.0,0.0,0.0,0,1.0,1.0,-0.5099826388888888,0.0,0.4640000000000001,0.0,0.0,0,0.882470703125,0.2,0.03519994020462036,0.033409710973501205,2768.7036594129295,0.20454828789893617,9,10.0,10,9,9
700,3423,9,f,WHY HAD HE TURNED,1.0,103.00429184549355,2.33,4,4,4,0,0,0,0,0.0,0.0,0.0,0.0,0.0,0,1.0,1.0,-0.4738769382238388,0.0,0.49000000000000005,0.0,0.0,0,0.8204345703125,0.0,0.025600289925932884,0.02947230078279972,2250.8030583556833,0.17465965346534654,9,10.0,9,7,8
701,3423,9,f,YES THAT IS SOMETHING,1.0,103.44827586206898,2.32,4,4,4,0,0,0,0,0.0,0.0,0.0,0.0,0.0,0,1.0,1.0,-0.4275173611111111,0.0,0.42499999999999993,0.1266666666666667,0.3800000000000001,0,0.933837890625,0.0,0.0407501645386219,0.04187774658203125,2827.6068399163923,0.2500537109375,9,10.0,9,9,9
702,3423,9,f,THIS IS THE FIRST,1.0,133.33333333333331,1.8,4,4,4,0,0,0,0,0.0,0.0,0.0,0.0,0.0,0,1.0,1.0,-0.3134765662252903,0.0,0.41500000000000004,0.0,0.0,0,0.9407958984375,0.0,0.04149400815367699,0.048011086881160736,2574.5305066568685,0.21137755594135801,9,10.0,9,9,9
703,3423,9,f,YOU CAN PUT BUY TRIES,0.6,142.85714285714283,2.1,5,5,3,0,2,0,0,0.0,0.4,0.0,0.0,0.4,0,1.0,1.0,-0.4578993055555556,0.6326111734309893,0.372,0.0,0.0,0,0.84765625,0.0,0.03571546450257301,0.040228407829999924,2653.1174598897355,0.2151161595394737,9,10.0,9,8,8
704,3423,9,f,HE WAS HAPPY THIS MORNING LIKE A BOY,1.0,110.09174311926604,4.36,8,8,8,0,0,0,0,0.0,0.0,0.0,0.0,0.0,0,1.0,1.0,-0.39302884615384615,0.0,0.43750000000000006,0.08,0.56,0,0.947021484375,0.0,0.03571164980530739,0.036034729331731796,2247.9464007895695,0.16377438373447206,9,10.0,8,8,8
705,3423,9,f,I HAND A SAY WHICH THEN,0.5,123.28767123287672,2.92,6,6,3,0,3,0,0,0.0,0.5,0.0,0.0,0.5,0,1.0,1.0,-0.5476562261581421,0.5783036361651067,0.4466666666666667,0.0,0.0,0,0.7238362630208334,0.3333333333333333,0.03616777062416077,0.036750491708517075,2416.1715749988753,0.19312220982142858,8,10.0,8,8,7
706,3423,9,f,AND THERE WERE THREE DAYS LIKE THIS,1.0,128.44036697247705,3.27,7,7,7,0,0,0,0,0.0,0.0,0.0,0.0,0.0,0,1.0,1.0,-0.5234374783255837,0.0,0.42857142857142855,0.0,0.0,0,0.7946079799107143,0.2857142857142857,0.058745115995407104,0.05131680890917778,2501.603688834368,0.21001651422764228,9,10.0,9,9,9
707,3423,9,f,THEY WERE LIKE YEARS,0.75,110.09174311926604,2.18,4,4,3,0,1,0,0,0.0,0.25,0.0,0.0,0.25,0,1.0,1.0,-0.5286458333333334,0.5894025788341081,0.48500000000000004,0.0,0.0,0,0.797332763671875,0.25,0.03997387737035751,0.04670324921607971,2473.4396840029153,0.19745669157608695,8,10.0,8,8,8
708,3423,9,f,BUT HE WAS GREAT,1.0,117.07317073170732,2.05,4,4,4,0,0,0,0,0.0,0.0,0.0,0.0,0.0,0,1.0,1.0,-0.4714355543255806,0.0,0.44499999999999995,0.0,0.0,0,0.862060546875,0.25,0.03461892157793045,0.04451584443449974,2609.3637676929025,0.21949013157894737,8,10.0,8,9,8
709,3423,9,f,I GUESSES YOU HAVE,0.75,102.12765957446808,2.35,4,4,3,0,1,0,0,0.0,0.25,0.0,0.0,0.25,0,1.0,1.0,-0.6529017857142857,0.5205331075661725,0.52,0.0,0.0,0,0.6265869140625,0.5,0.029024982824921608,0.03216821327805519,2372.267796927967,0.17943827311197916,8,10.0,8,8,8
710,3423,9,f,THERE USE TO BE,0.5,135.74660633484163,2.21,4,5,2,0,2,1,0,0.0,0.5,0.25,0.0,0.75,1,1.25,1.0,-0.2866210825741291,0.7507961646948931,0.368,0.0,0.0,0,0.7947265625,0.2,0.028682222589850426,0.034093234688043594,2488.2726114894153,0.19870990953947368,8,10.0,9,8,8
711,3423,9,f,NO ONE LOVE ME NOW,1.0,128.2051282051282,2.34,5,5,5,0,0,0,0,0.0,0.0,0.0,0.0,0.0,0,1.0,1.0,-0.3652343638241291,0.0,0.41999999999999993,0.0,0.0,0,0.830078125,0.2,0.03888546675443649,0.036342740058898926,1712.87608292883,0.11626747532894736,10,10.0,9,8,9
712,3423,9,f,TO GO ON WITH THE SORRY,0.8333333333333334,138.46153846153845,2.6,6,6,5,0,1,0,0,0.0,0.16666666666666666,0.0,0.0,0.16666666666666666,0,1.0,1.0,-0.6765624940395355,0.5083614879356677,0.3833333333333333,0.0,0.0,0,0.7107747395833334,0.16666666666666666,0.026767391711473465,0.024810058996081352,2256.471631712704,0.19106677827380952,8,10.0,8,8,8
713,3423,9,f,GIVE IT HERE I TELL YOU,1.0,132.35294117647058,2.72,6,6,6,0,0,0,0,0.0,0.0,0.0,0.0,0.0,0,1.0,1.0,-0.49396308985623444,0.0,0.32000000000000006,0.1,0.5,0,0.8404947916666666,0.0,0.031211236491799355,0.03321189060807228,1980.6331965751258,0.13906802771226415,8,10.0,8,8,8
714,3423,9,f,HE HAD HE ARM ROUND HER,0.6666666666666666,135.48387096774195,3.1,6,7,4,0,2,1,0,0.0,0.3333333333333333,0.16666666666666666,0.0,0.5,1,1.1666666666666667,1.0,-0.7414772835644808,0.47640960333774535,0.4,0.0,0.0,0,0.56494140625,0.5714285714285714,0.03965099900960922,0.03929036110639572,2369.383471891337,0.1749950344279661,8,10.0,8,8,8
715,3423,9,f,AND HERE AM I WAIT TO FOR,0.42857142857142855,109.0909090909091,3.85,7,7,3,0,4,0,0,0.0,0.5714285714285714,0.0,0.0,0.5714285714285714,0,1.0,1.0,-0.6519886580380526,0.5210086378299678,0.5114285714285715,0.0,0.0,0,0.6170828683035714,0.5714285714285714,0.04640765115618706,0.04674385115504265,2265.7385915641476,0.1844637158890845,8,10.0,7,8,7
716,3423,9,f,BUT HE SHE LOOK UP AND IS NOT AFRAID,0.6666666666666666,119.7339246119734,4.51,9,9,6,0,3,0,0,0.0,0.3333333333333333,0.0,0.0,0.3333333333333333,0,1.0,1.0,-0.4419642835855484,0.6427725925778703,0.3977777777777778,0.08249999999999999,0.6599999999999999,0,0.7862955729166666,0.1111111111111111,0.03488733619451523,0.03473326936364174,2451.0836623709833,0.1754547486822289,8,10.0,8,8,8
717,3423,9,f,IT WAS A GREAT DAY THIS,0.8333333333333334,164.7058823529412,2.55,6,7,5,0,1,1,0,0.0,0.16666666666666666,0.16666666666666666,0.0,0.3333333333333333,1,1.1666666666666667,1.0,-0.845703144868215,0.4292554233231327,0.3028571428571428,0.02666666666666669,0.16000000000000014,0,0.6379045758928571,0.42857142857142855,0.04190196841955185,0.04357931390404701,2595.9279810456233,0.202880859375,9,10.0,9,9,9
718,3423,9,f,THERE WAS NO PLAY FOR HIM NOW,1.0,133.7579617834395,3.14,7,7,7,0,0,0,0,0.0,0.0,0.0,0.0,0.0,0,1.0,1.0,-0.36825283007188275,0.0,0.4142857142857143,0.0,0.0,0,0.9178989955357143,0.0,0.043965503573417664,0.03836403042078018,2093.6712589721446,0.14065728305785125,8,10.0,9,8,7
719,3423,9,f,BUT GO UP I WILL,0.4,122.95081967213116,2.44,5,5,2,0,3,0,0,0.0,0.6,0.0,0.0,0.6,0,1.0,1.0,-0.6046006944444444,0.546292520732207,0.42799999999999994,0.0,0.0,0,0.771844482421875,0.4,0.03687482699751854,0.0420590303838253,2366.268392318903,0.19372089092548078,8,10.0,8,8,8
720,3636,9,m,HE LOVED ME YOU SAY,0.8,93.45794392523365,3.21,5,5,4,0,1,0,0,0.0,0.2,0.0,0.0,0.2,0,1.0,1.0,-0.5265624761581421,0.5906317949292791,0.42799999999999994,0.16000000000000003,0.6400000000000001,0,0.87578125,0.0,0.041830044239759445,0.05555521696805954,2832.3024570353064,0.228375,9,10.0,8,8,9
721,3636,9,m,BUT I KNOW I KNOW,1.0,117.1875,2.56,5,5,5,0,0,0,0,0.0,0.0,0.0,0.0,0.0,0,1.0,1.0,-0.44218750298023224,0.0,0.352,0.10000000000000003,0.40000000000000013,0,0.926171875,0.0,0.034571293741464615,0.04836999252438545,2619.2700136487692,0.24371711575255103,9,10.0,8,8,8
722,3636,9,m,WHY MY YOU NOT COME WITH ME,0.8571428571428571,102.43902439024392,4.1,7,7,6,0,1,0,0,0.0,0.14285714285714285,0.0,0.0,0.14285714285714285,0,1.0,1.0,-0.30486505139957776,0.7372228548715652,0.5514285714285714,0.0,0.0,0,0.9114118303571429,0.0,0.032906219363212585,0.055222444236278534,2404.001471120516,0.17797043149834438,9,10.0,8,8,8
723,3636,9,m,I US ONLY TWENTY THEN,0.4,95.54140127388534,3.14,5,5,2,0,3,0,0,0.0,0.6,0.0,0.0,0.6,0,1.0,1.0,-0.7450284199281172,0.4747208082169512,0.58,0.0,0.0,0,0.6556884765625,0.4,0.04746979475021362,0.042029641568660736,2682.5486664036484,0.2525696835275424,8,10.0,8,8,8
724,3636,9,m,WILL YOU COME WITH ME OR WHAT,0.8571428571428571,112.0,3.75,7,7,6,0,1,0,0,0.0,0.14285714285714285,0.0,0.0,0.14285714285714285,0,1.0,1.0,-0.43323863636363635,0.6484057401530336,0.5057142857142857,0.0,0.0,0,0.84521484375,0.14285714285714285,0.03719117492437363,0.049451690167188644,2284.06949856731,0.18531877281021897,8,10.0,8,8,7
725,3636,9,m,SHE US AT HOME,0.75,99.58506224066389,2.41,4,4,3,0,1,0,0,0.0,0.25,0.0,0.0,0.25,0,1.0,1.0,-0.6010742336511612,0.5482224007112874,0.535,0.0,0.0,0,0.8267822265625,0.0,0.05213039368391037,0.06230660155415535,3007.018951174993,0.28097234987745096,9,10.0,9,9,9
726,3636,9,m,IT US FROM HER THAT IT HARD ITS BEAST TIE,0.6,116.73151750972764,5.14,10,10,6,0,4,0,0,0.0,0.4,0.0,0.0,0.4,0,1.0,1.0,-0.5993303741727557,0.5491792576105415,0.4959999999999999,0.0,0.0,0,0.671337890625,0.5,0.07700945436954498,0.07492560148239136,2628.5469576586047,0.22558325463598902,8,10.0,8,8,8
727,3636,9,m,HOW CAN THEY BE RIGHT,1.0,127.6595744680851,2.35,5,5,5,0,0,0,0,0.0,0.0,0.0,0.0,0.0,0,1.0,1.0,-0.443359375,0.0,0.396,0.0,0.0,0,0.85751953125,0.2,0.06396814435720444,0.0710841715335846,2536.032162508484,0.211650390625,9,10.0,9,9,9
728,3636,9,m,DO YOU NOT KNOW MY STORY,1.0,124.13793103448276,2.9,6,6,6,0,0,0,0,0.0,0.0,0.0,0.0,0.0,0,1.0,1.0,-0.4121093720197678,0.0,0.4166666666666667,0.0,0.0,0,0.9549967447916666,0.0,0.04371275380253792,0.03958786651492119,2212.8078585353555,0.18603515625,8,10.0,8,8,8
729,3636,9,m,WHY DO YOU NOT GO HOME,1.0,129.03225806451613,2.79,6,6,6,0,0,0,0,0.0,0.0,0.0,0.0,0.0,0,1.0,1.0,-0.30976563692092896,0.0,0.43,0.0,0.0,0,0.9214680989583334,0.0,0.027687139809131622,0.027377091348171234,2171.7454693769023,0.16405337324766356,8,10.0,8,8,8
730,3636,9,m,I WOULD WORK SO HARD TO GET IT DONE,0.7777777777777778,90.9090909090909,5.94,9,9,7,0,2,0,0,0.0,0.2222222222222222,0.0,0.0,0.2222222222222222,0,1.0,1.0,-0.2762920673076923,0.7585913386729894,0.6333333333333333,0.0,0.0,0,0.94921875,0.0,0.04669778421521187,0.0517711341381073,2573.4419034679568,0.22631240472560976,9,10.0,7,6,8
731,3636,9,m,YES IT WAS ALL RIGHT THIS TIME,0.7142857142857143,61.32879045996592,5.87,7,6,5,1,1,0,0,0.14285714285714285,0.14285714285714285,0.0,0.0,0.2857142857142857,-1,0.8571428571428571,1.0,-0.39914773269133136,0.6708915814130847,0.8233333333333334,0.144,0.72,0,0.8475748697916666,0.16666666666666666,0.04776657372713089,0.061008941382169724,2867.954556400465,0.2723656631097561,8,10.0,7,7,7
732,3636,9,m,WHAT A SWEET SINGER YOU US WHEN YOU FIRST COME,0.6,104.92845786963434,6.29,10,11,6,0,4,1,0,0.0,0.4,0.1,0.0,0.5,1,1.1,1.0,-0.4897461086511612,0.6127819544728399,0.5163636363636364,0.040000000000000036,0.40000000000000036,0,0.7919367009943182,0.18181818181818182,0.05657470226287842,0.066343754529953,2532.000950511003,0.23123350099885845,9,10.0,7,6,8
733,3636,9,m,WHY THAT'S ALL ONE,1.0,81.63265306122449,2.94,4,4,4,0,0,0,0,0.0,0.0,0.0,0.0,0.0,0,1.0,1.0,-0.6673176934321722,0.0,0.4525,0.26333333333333325,0.7899999999999998,0,0.7275390625,0.0,0.07577095925807953,0.10466385632753372,2261.2917230862918,0.1996638205199115,9,10.0,9,8,8
734,3636,9,m,BUT DO NOT COME TO ME AGAIN,1.0,126.12612612612612,3.33,7,7,7,0,0,0,0,0.0,0.0,0.0,0.0,0.0,0,1.0,1.0,-0.47904827378012915,0.0,0.43714285714285717,0.0,0.0,0,0.9105050223214286,0.14285714285714285,0.039083946496248245,0.041447676718235016,2539.5550837249175,0.21587330426356588,9,10.0,8,7,8
735,3636,9,m,I WILL TELL YOU THAT THEY DONE,0.8571428571428571,116.99164345403901,3.59,7,7,6,0,1,0,0,0.0,0.14285714285714285,0.0,0.0,0.14285714285714285,0,1.0,1.0,-0.4189453125,0.657740164449519,0.47428571428571425,0.0,0.0,0,0.904541015625,0.14285714285714285,0.05835539475083351,0.052493929862976074,2467.776334283037,0.19867412860576922,9,10.0,8,8,8
736,3636,9,m,ANY OF IT ON HIM,0.8,130.43478260869566,2.3,5,5,4,0,1,0,0,0.0,0.2,0.0,0.0,0.2,0,1.0,1.0,-0.8129340277777778,0.4435547532127282,0.4119999999999999,0.0,0.0,0,0.56181640625,0.4,0.052281707525253296,0.059633176773786545,2446.2699799410498,0.19144185384114584,8,10.0,8,8,8
737,3636,9,m,WHERE WHERE THEY TO GO PLEASE,0.8333333333333334,154.50643776824032,2.33,6,6,5,0,1,0,0,0.0,0.16666666666666666,0.0,0.0,0.16666666666666666,0,1.0,1.0,-0.46342329545454547,0.6291262698467269,0.32333333333333336,0.03599999999999999,0.17999999999999994,0,0.8797200520833334,0.0,0.0957724004983902,0.09173397719860077,2540.2536421488944,0.22477213541666666,8,10.0,8,8,8
738,3636,9,m,I ONLY TELL YOU WHAT I HEAR,1.0,105.52763819095479,3.98,7,7,7,0,0,0,0,0.0,0.0,0.0,0.0,0.0,0,1.0,1.0,-0.35742188041860407,0.0,0.5257142857142857,0.0,0.0,0,0.9250837053571429,0.0,0.05654512718319893,0.05289863795042038,2088.3362790843285,0.17683699324324326,8,10.0,7,7,7
739,3636,9,m,WILL YOU BE SORRY,0.0,120.0,2.0,4,4,0,0,4,0,0,0.0,1.0,0.0,0.0,1.0,0,1.0,1.0,-0.6427556818181818,0.5258413741314238,0.415,0.03333333333333336,0.10000000000000009,0,0.7619527180989584,0.25,0.023689676076173782,0.023155024275183678,2836.396160132617,0.24713400135869565,8,10.0,9,8,8
740,3837,12,f,I HAVE NO IDEA OF WHAT THIS DONE,0.875,131.86813186813185,3.64,8,8,7,0,1,0,0,0.0,0.125,0.0,0.0,0.125,0,1.0,1.0,-0.4468148946762085,0.6396623022143572,0.4125,0.0,0.0,0,0.8277587890625,0.125,0.0642852857708931,0.060654543340206146,2541.87096517642,0.24095602596507354,8,10.0,8,8,7
741,3837,12,f,YOU MAY DO WHAT YOU LIKE,1.0,135.8490566037736,2.65,6,6,6,0,0,0,0,0.0,0.0,0.0,0.0,0.0,0,1.0,1.0,-0.35527344346046447,0.0,0.39666666666666667,0.0,0.0,0,0.9459635416666666,0.0,0.03507111594080925,0.03671090304851532,2544.1093106409503,0.219506615990991,9,10.0,8,8,8
742,3837,12,f,SHE DOES ALL THAT WOMAN CAN,0.8333333333333334,124.13793103448276,2.9,6,6,5,0,1,0,0,0.0,0.16666666666666666,0.0,0.0,0.16666666666666666,0,1.0,1.0,-0.6460937261581421,0.5240890186560662,0.39999999999999997,0.0,0.0,0,0.72149658203125,0.3333333333333333,0.044439129531383514,0.051301706582307816,2678.617089843519,0.23352160754504506,9,10.0,8,8,8
743,3837,12,f,I AM CUTE WILL IN,0.6,78.32898172323759,3.83,5,5,3,0,2,0,0,0.0,0.4,0.0,0.0,0.4,0,1.0,1.0,-0.8849431709809736,0.41273762808710596,0.724,0.0,0.0,0,0.57412109375,0.6,0.04755500331521034,0.061449937522411346,2140.0734137833206,0.16270655350719423,7,10.0,7,7,7
744,3837,12,f,YES THAT IS RIGHT,1.0,95.6175298804781,2.51,4,4,4,0,0,0,0,0.0,0.0,0.0,0.0,0.0,0,1.0,1.0,-0.4722222222222222,0.0,0.39499999999999996,0.24000000000000002,0.7200000000000001,0,0.95068359375,0.0,0.033626873046159744,0.042442645877599716,3035.265494797595,0.2692134065448113,9,10.0,9,9,9
745,3837,12,f,SHE WITCHES TO PLEASE YOU,0.8,97.0873786407767,3.09,5,5,4,0,1,0,0,0.0,0.2,0.0,0.0,0.2,0,1.0,1.0,-0.5546875,0.5742516868118521,0.512,0.0,0.0,0,0.76728515625,0.2,0.06007372587919235,0.057325299829244614,2583.4010754816895,0.22250050511853448,8,10.0,8,8,8
746,3837,12,f,WHERE TO FIND HIM,1.0,131.14754098360655,1.83,4,4,4,0,0,0,0,0.0,0.0,0.0,0.0,0.0,0,1.0,1.0,-0.4501952901482582,0.0,0.405,0.0,0.0,0,0.747802734375,0.25,0.055730901658535004,0.05878060311079025,2296.8154801041746,0.17679354039634146,8,10.0,9,9,8
747,3837,12,f,HAVE SOME BANANAS PLEASE,1.0,103.8961038961039,2.31,4,4,4,0,0,0,0,0.0,0.0,0.0,0.0,0.0,0,1.0,1.0,-0.5407986111111112,0.0,0.41000000000000003,0.09999999999999994,0.2999999999999998,0,0.970947265625,0.0,0.05567162111401558,0.048569757491350174,2900.746014655722,0.26901830808080807,8,10.0,8,8,8
748,3837,12,f,WHY HAVE YOU DONE ALL THIS FOR ME,1.0,145.01510574018127,3.31,8,8,8,0,0,0,0,0.0,0.0,0.0,0.0,0.0,0,1.0,1.0,-0.4716797123352687,0.0,0.3875,0.0,0.0,0,0.84967041015625,0.25,0.055439818650484085,0.040892213582992554,2200.768895971661,0.17503720238095238,8,10.0,8,8,8
749,3837,12,f,HE WOULD HAVE NO ROW,0.8,102.38907849829351,2.93,5,5,4,0,1,0,0,0.0,0.2,0.0,0.0,0.2,0,1.0,1.0,-0.4717881944444444,0.6238856413693615,0.544,0.0,0.0,0,0.83271484375,0.2,0.04488250985741615,0.04371241107583046,1944.408280111913,0.14521571568080358,9,10.0,8,8,9
750,3837,12,f,YOU KNOW WHAT I DO,1.0,133.33333333333334,2.25,5,5,5,0,0,0,0,0.0,0.0,0.0,0.0,0.0,0,1.0,1.0,-0.06512451265007257,0.0,0.40800000000000003,0.0,0.0,0,0.946484375,0.0,0.06600549072027206,0.062079157680273056,1862.3192388237153,0.13406592300257733,9,10.0,8,8,8
751,3837,12,f,BUT WAS THIS ALL,0.75,135.59322033898303,1.77,4,4,3,0,1,0,0,0.0,0.25,0.0,0.0,0.25,0,1.0,1.0,-0.3681640662252903,0.6920036379498732,0.39,0.0,0.0,0,0.73199462890625,0.25,0.07285036891698837,0.07582863420248032,2393.5611815661355,0.21090659612341772,8,10.0,8,8,7
752,3837,12,f,TAKE IT AND GO,1.0,134.8314606741573,1.78,4,4,4,0,0,0,0,0.0,0.0,0.0,0.0,0.0,0,1.0,1.0,-0.4201660230755806,0.0,0.37000000000000005,0.0,0.0,0,0.845947265625,0.25,0.04833391308784485,0.04831859469413757,2807.7911694226364,0.24901123046875,9,10.0,8,8,8
753,3837,12,f,WILL YOU LUNCH WITH ME,0.8,132.15859030837004,2.27,5,5,4,0,1,0,0,0.0,0.2,0.0,0.0,0.2,0,1.0,1.0,-0.2336425669491291,0.7916447253213598,0.41200000000000003,0.0,0.0,0,0.7654296875,0.4,0.06196380779147148,0.0575757771730423,2665.2757332231654,0.20789353390957446,8,10.0,8,8,8
754,3837,12,f,IT IS NOT TO BE DONE,1.0,129.49640287769785,2.78,6,6,6,0,0,0,0,0.0,0.0,0.0,0.0,0.0,0,1.0,1.0,-0.4480468690395355,0.0,0.4233333333333333,0.0,0.0,0,0.8714192708333334,0.16666666666666666,0.03858468681573868,0.03718218952417374,2577.1565434639506,0.2088292202102804,8,10.0,8,8,8
755,3837,12,f,WHAT'S WILL ONLY BE THREE MONTH,0.6666666666666666,110.42944785276075,3.26,6,6,4,0,2,0,0,0.0,0.3333333333333333,0.0,0.0,0.3333333333333333,0,1.0,1.0,-0.713671875,0.48984225170778,0.5133333333333333,0.0,0.0,0,0.6705118815104166,0.5,0.047293759882450104,0.030055038630962372,2742.8849522683663,0.24628499348958333,8,10.0,8,7,7
756,3837,12,f,HE LOOK UP WITH AN IDEA IN HIS EYES,0.8888888888888888,94.24083769633508,5.73,9,9,8,0,1,0,0,0.0,0.1111111111111111,0.0,0.0,0.1111111111111111,0,1.0,1.0,-0.35276443224686843,0.7027427174033829,0.5955555555555556,0.0,0.0,0,0.8848198784722222,0.0,0.07456523180007935,0.07720406353473663,2546.8372280264475,0.23229023054534315,8,10.0,7,7,7
757,3837,12,f,YES THAT MAY BE,1.0,121.2121212121212,1.98,4,4,4,0,0,0,0,0.0,0.0,0.0,0.0,0.0,0,1.0,1.0,-0.2862413194444444,0.0,0.375,0.09999999999999998,0.29999999999999993,0,0.916015625,0.0,0.04861585795879364,0.053107522428035736,2740.0978910507492,0.23108362268518517,10,10.0,9,9,9
758,3837,12,f,BUT GO ON AND LET ME HEAR YOU,1.0,129.03225806451613,3.72,8,8,8,0,0,0,0,0.0,0.0,0.0,0.0,0.0,0,1.0,1.0,-0.297762778672305,0.0,0.43500000000000005,0.0,0.0,0,0.92913818359375,0.0,0.05141940712928772,0.03857404738664627,2103.303290333014,0.15378327546296297,8,10.0,8,8,8
759,3837,12,f,TELL ME AFTER WHAT,1.0,92.66409266409266,2.59,4,4,4,0,0,0,0,0.0,0.0,0.0,0.0,0.0,0,1.0,1.0,-0.56396484375,0.0,0.595,0.0,0.0,0,0.77996826171875,0.25,0.06408890336751938,0.07089056074619293,2617.121827857857,0.22501095210280375,8,10.0,8,8,8
760,5195,10,f,SHALL I OPEN IT AND COME IN,0.7142857142857143,155.84415584415584,2.31,7,6,5,1,1,0,0,0.14285714285714285,0.14285714285714285,0.0,0.0,0.2857142857142857,-1,0.8571428571428571,1.0,-0.43203123807907107,0.6491890969480565,0.35000000000000003,0.0,0.0,0,0.884521484375,0.16666666666666666,0.0408918559551239,0.03784491494297981,1864.4800603953106,0.11323686079545454,9,10.0,9,9,9
761,5195,10,f,ASK HIM TO LOOK IN AND SEE ME,1.0,183.206106870229,2.62,8,8,8,0,0,0,0,0.0,0.0,0.0,0.0,0.0,0,1.0,1.0,-0.3261718849341075,0.0,0.31,0.0,0.0,0,0.97528076171875,0.0,0.023699458688497543,0.020968865603208542,2073.9928810457536,0.14420572916666666,9,10.0,9,9,9
762,5195,10,f,THERE WAS A GREAT SURPRISE IN HER FACE ALSO,1.0,162.16216216216216,3.33,9,9,9,0,0,0,0,0.0,0.0,0.0,0.0,0.0,0,1.0,1.0,-0.3074544395009677,0.0,0.3577777777777778,0.0,0.0,0,0.9579535590277778,0.0,0.041953831911087036,0.04750332236289978,2021.1200318059598,0.16016769409179688,9,10.0,9,9,9
763,5195,10,f,GO AWAY AND LEAVE ME,1.0,138.24884792626727,2.17,5,5,5,0,0,0,0,0.0,0.0,0.0,0.0,0.0,0,1.0,1.0,-0.2504882775247097,0.0,0.4119999999999999,0.0,0.0,0,0.863671875,0.2,0.033924803137779236,0.0383668877184391,1712.9047974685664,0.11140493328651685,8,10.0,8,8,8
764,5195,10,f,GO AWAY FROM THE TABLE,1.0,142.85714285714283,2.1,5,5,5,0,0,0,0,0.0,0.0,0.0,0.0,0.0,0,1.0,1.0,-0.42578125,0.0,0.384,0.0,0.0,0,0.8908203125,0.2,0.04501066356897354,0.05188625678420067,1797.2637040225893,0.13442887931034483,9,10.0,8,8,8
765,5195,10,f,WAS IT IN SIX HOURS THAT THE FRENCH WERE COMING,0.8,143.54066985645932,4.18,10,10,8,0,2,0,0,0.0,0.2,0.0,0.0,0.2,0,1.0,1.0,-0.22195870109966823,0.8009484419414947,0.4039999999999999,0.0,0.0,0,0.9271484375,0.0,0.028375834226608276,0.02694455347955227,2294.6403223149723,0.18657038762019232,8,10.0,8,8,8
766,5195,10,f,NO THEY MUST SEE NO CHANGE,1.0,150.6276150627615,2.39,6,6,6,0,0,0,0,0.0,0.0,0.0,0.0,0.0,0,1.0,1.0,-0.40056819265538995,0.0,0.3466666666666667,0.039999999999999994,0.19999999999999996,0,0.9471028645833334,0.0,0.03872423246502876,0.03856218233704567,1967.5750224185344,0.14646043964460784,9,10.0,9,9,8
767,5195,10,f,CAN THIS TALE BE TRUE,1.0,161.29032258064515,1.86,5,5,5,0,0,0,0,0.0,0.0,0.0,0.0,0.0,0,1.0,1.0,-0.2025824652777778,0.0,0.34400000000000003,0.0,0.0,0,0.925,0.0,0.03459735959768295,0.03640828654170036,2058.1607356992013,0.13803891782407407,9,10.0,9,9,9
768,5195,10,f,COME COME THIS WON'T DO,1.0,121.95121951219512,2.46,5,5,5,0,0,0,0,0.0,0.0,0.0,0.0,0.0,0,1.0,1.0,-0.3244357638888889,0.0,0.44399999999999995,0.0,0.0,0,0.75810546875,0.2,0.02772315964102745,0.02998799830675125,1819.9201841982522,0.1291454081632653,9,10.0,9,9,9
769,5195,10,f,YOUR FATHER WAS MY FRIEND,1.0,149.2537313432836,2.01,5,5,5,0,0,0,0,0.0,0.0,0.0,0.0,0.0,0,1.0,1.0,-0.3029785268008709,0.0,0.37999999999999995,0.0,0.0,0,0.93134765625,0.0,0.035109128803014755,0.03605806827545166,1994.4955260227398,0.16132017623546513,9,10.0,9,9,9
770,5195,10,f,THE FIRST DAY OF THE WAKE IS NOTHING TO IT,1.0,180.72289156626508,3.32,10,10,10,0,0,0,0,0.0,0.0,0.0,0.0,0.0,0,1.0,1.0,-0.30483773121467006,0.0,0.318,0.0,0.0,0,0.931005859375,0.0,0.027911275625228882,0.02516830340027809,2025.5323218919482,0.15478115394467212,9,10.0,9,9,9
771,5195,10,f,I SHALL GO AND LOOK FOR SOME MONEY,1.0,169.61130742049468,2.83,8,8,8,0,0,0,0,0.0,0.0,0.0,0.0,0.0,0,1.0,1.0,-0.3032226487994194,0.0,0.34,0.0,0.0,0,0.9356689453125,0.125,0.028942391276359558,0.026932556182146072,1820.9806835677605,0.14126724380630631,9,10.0,9,9,9
772,5195,10,f,WHAT BILLS WILL THAT PAY,1.0,128.75536480686694,2.33,5,5,5,0,0,0,0,0.0,0.0,0.0,0.0,0.0,0,1.0,1.0,-0.3882378472222222,0.0,0.44400000000000006,0.0,0.0,0,0.9634765625,0.0,0.026832325384020805,0.028970958665013313,1849.0617606928456,0.11982218424479167,10,10.0,9,9,9
773,5195,10,f,SHE FOLLOWED AND LOOKED,1.0,122.44897959183675,1.96,4,4,4,0,0,0,0,0.0,0.0,0.0,0.0,0.0,0,1.0,1.0,-0.3637695387005806,0.0,0.47000000000000003,0.0,0.0,0,0.9691162109375,0.0,0.02849368378520012,0.03129163756966591,1859.4163412032176,0.12027587890625,10,10.0,10,10,10
774,5195,10,f,THE MONKEY CAN'T TAKE IT HOME,1.0,146.34146341463415,2.46,6,6,6,0,0,0,0,0.0,0.0,0.0,0.0,0.0,0,1.0,1.0,-0.4289772835644809,0.0,0.38000000000000006,0.0,0.0,0,0.8943684895833334,0.0,0.026833854615688324,0.0274376031011343,1959.4765447939571,0.12533841274752475,9,10.0,9,9,9
775,5195,10,f,BUT WHO ELSE WAS TO DO IT,1.0,176.47058823529414,2.38,7,7,7,0,0,0,0,0.0,0.0,0.0,0.0,0.0,0,1.0,1.0,-0.36896307360042224,0.0,0.32,0.0,0.0,0,0.9375,0.0,0.026812732219696045,0.02588655985891819,2104.8119293546915,0.15154962225274726,9,10.0,9,9,9
776,5195,10,f,DO THEY BEGIN TO FORGET US,1.0,151.89873417721518,2.37,6,6,6,0,0,0,0,0.0,0.0,0.0,0.0,0.0,0,1.0,1.0,-0.37265625,0.0,0.3766666666666667,0.0,0.0,0,0.9651692708333334,0.0,0.03119537979364395,0.03523916006088257,1811.5370069448632,0.11905231881648937,9,10.0,9,9,9
777,5195,10,f,BUT NOW THEY WERE PARTED,1.0,153.84615384615384,1.95,5,5,5,0,0,0,0,0.0,0.0,0.0,0.0,0.0,0,1.0,1.0,-0.330859386920929,0.0,0.368,0.0,0.0,0,0.838525390625,0.0,0.02917088381946087,0.030784185975790024,1580.5691656279482,0.09100115740740741,9,10.0,9,9,9
778,5195,10,f,IT WAS QUITE A FAMILY PARTY,1.0,143.42629482071715,2.51,6,6,6,0,0,0,0,0.0,0.0,0.0,0.0,0.0,0,1.0,1.0,-0.345898425579071,0.0,0.39999999999999997,0.0,0.0,0,0.9768880208333334,0.0,0.022823799401521683,0.022551055997610092,1801.0177098805113,0.11367378982843138,9,10.0,10,9,9
779,5195,10,f,I ALSO SOON LEARNED THE WAY TO BE HUNGRY,0.8888888888888888,120.80536912751678,4.47,9,9,8,0,1,0,0,0.0,0.1111111111111111,0.0,0.0,0.1111111111111111,0,1.0,1.0,-0.3158052976314838,0.7292014135892193,0.4844444444444444,0.0,0.0,0,0.9068467881944444,0.1111111111111111,0.024223072454333305,0.023292522877454758,1904.6401762512423,0.14552234468005953,7,10.0,7,7,7
780,5218,12,f,AND SHALL I TELL YOU WHY,1.0,182.74111675126903,1.97,6,6,6,0,0,0,0,0.0,0.0,0.0,0.0,0.0,0,1.0,1.0,-0.33261719942092893,0.0,0.31,0.0,0.0,0,0.8902994791666666,0.0,0.07768438756465912,0.06089761108160019,1948.571521020357,0.13610067246835442,9,10.0,8,8,8
781,5218,12,f,AH I COULD SEE IT,1.0,166.66666666666666,1.8,5,5,5,0,0,0,0,0.0,0.0,0.0,0.0,0.0,0,1.0,1.0,-0.6367187619209289,0.0,0.3,0.04000000000000001,0.16000000000000003,0,0.6789794921875,0.2,0.0610126368701458,0.05147036537528038,2260.3303285092497,0.19185267857142857,9,10.0,9,9,9
782,5218,12,f,I HAD BETTER GO ON WITH THE STORY,1.0,186.04651162790697,2.58,8,8,8,0,0,0,0,0.0,0.0,0.0,0.0,0.0,0,1.0,1.0,-0.3006184846162796,0.0,0.30500000000000005,0.0,0.0,0,0.97882080078125,0.0,0.0935990959405899,0.06833897531032562,1852.0368917366309,0.14185310132575757,8,10.0,8,8,8
783,5218,12,f,I'M GOOD FOR TWENTY YEARS,0.8,141.50943396226415,2.12,5,5,4,0,1,0,0,0.0,0.2,0.0,0.0,0.2,0,1.0,1.0,-0.3732421785593033,0.6884984730836576,0.396,0.0,0.0,0,0.91787109375,0.0,0.0855378732085228,0.0641552209854126,2543.8794585886662,0.22077960278614459,8,10.0,8,8,8
784,5218,12,f,I HAVE DONE AS WELL AS I COULD,1.0,179.77528089887642,2.67,8,8,8,0,0,0,0,0.0,0.0,0.0,0.0,0.0,0,1.0,1.0,-0.3955078075329463,0.0,0.3,0.0,0.0,0,0.88494873046875,0.125,0.06259481608867645,0.05129656940698624,2300.8051150724,0.1785760788690476,7,10.0,8,7,6
785,5218,12,f,WE SHALL HAVE THE BEST OF EVERYTHING,0.8571428571428571,161.53846153846152,2.6,7,7,6,0,1,0,0,0.0,0.14285714285714285,0.0,0.0,0.14285714285714285,0,1.0,1.0,-0.4115767099640586,0.6626046906629056,0.36000000000000004,0.0,0.0,0,0.8739188058035714,0.14285714285714285,0.103324294090271,0.07396317273378372,2194.5478023926908,0.17432598039215685,8,10.0,8,8,8
786,5218,12,f,AND HOW COULD HE,1.0,162.16216216216216,1.48,4,4,4,0,0,0,0,0.0,0.0,0.0,0.0,0.0,0,1.0,1.0,-0.5292968899011612,0.0,0.335,0.0,0.0,0,0.7713623046875,0.25,0.06012723594903946,0.05772670730948448,2167.6059301825653,0.1789398193359375,9,10.0,9,7,8
787,5218,12,f,BUT COULD YOU MAKE IT SO,1.0,192.5133689839572,1.87,6,6,6,0,0,0,0,0.0,0.0,0.0,0.0,0.0,0,1.0,1.0,-0.2716796904802322,0.0,0.2933333333333334,0.0,0.0,0,0.9326985677083334,0.0,0.07469358295202255,0.06723524630069733,2167.8995451264936,0.16594676482371795,8,10.0,9,9,8
788,5218,12,f,I'M TIRED OF IT,1.0,139.53488372093022,1.72,4,4,4,0,0,0,0,0.0,0.0,0.0,0.0,0.0,0,1.0,1.0,-0.3478732638888889,0.0,0.395,0.0,0.0,0,0.95428466796875,0.0,0.06266646832227707,0.05723614618182182,2207.160915984623,0.17009420955882354,9,10.0,9,8,8
789,5218,12,f,WHAT COULD I DO,1.0,172.66187050359713,1.39,4,4,4,0,0,0,0,0.0,0.0,0.0,0.0,0.0,0,1.0,1.0,-0.3168945349752903,0.0,0.32,0.0,0.0,0,0.907958984375,0.0,0.05518205463886261,0.053195782005786896,1865.8777059456322,0.11915690104166667,9,10.0,9,9,9
790,5218,12,f,IN HALF AN HOUR THE DOCTOR WOULD BE BACK,1.0,193.5483870967742,2.79,9,9,9,0,0,0,0,0.0,0.0,0.0,0.0,0.0,0,1.0,1.0,-0.23339843537126267,0.0,0.2688888888888889,0.0325,0.26,0,0.9709201388888888,0.0,0.0890939012169838,0.07388171553611755,1901.117355191081,0.1276877866972477,8,10.0,9,8,8
791,5218,12,f,WELL I WILL TELL YOU HOW I KNOW,1.0,195.91836734693874,2.45,8,8,8,0,0,0,0,0.0,0.0,0.0,0.0,0.0,0,1.0,1.0,-0.3509615476314838,0.0,0.26250000000000007,0.03428571428571429,0.24,0,0.9552001953125,0.0,0.08276056498289108,0.06656231731176376,1818.3128896708602,0.1295677923387097,8,10.0,8,8,8
792,5218,12,f,THEY WILL BEGIN TO KNOW THEMSELVES FOR WHAT THEY ARE,1.0,166.66666666666666,3.6,10,10,10,0,0,0,0,0.0,0.0,0.0,0.0,0.0,0,1.0,1.0,-0.20675223214285715,0.0,0.352,0.0,0.0,0,0.9513671875,0.0,0.09417668730020523,0.06359898298978806,2353.8454821142295,0.19538441739341086,8,10.0,9,9,8
793,5218,12,f,I THINK THE SHAKING HURT HIS FEELINGS VERY MUCH,0.8888888888888888,150.41782729805016,3.59,9,9,8,0,1,0,0,0.0,0.1111111111111111,0.0,0.0,0.1111111111111111,0,1.0,1.0,-0.37049278846153844,0.6903940285845772,0.3866666666666666,0.0,0.0,0,0.8981119791666666,0.1111111111111111,0.07167874276638031,0.049323782324790955,2458.6593042949075,0.21687704057835822,8,10.0,9,8,8
794,5218,12,f,VERY GOOD FOR TRAVELERS,1.0,131.14754098360655,1.83,4,4,4,0,0,0,0,0.0,0.0,0.0,0.0,0.0,0,1.0,1.0,-0.4815848043986729,0.0,0.43,0.0,0.0,0,0.87255859375,0.0,0.08314013481140137,0.07385427504777908,2306.711323779726,0.21704410601265822,8,10.0,9,9,8
795,5218,12,f,THEIR LOOKS WERE BIG WITH SOME IMPORTANT NEWS,1.0,147.23926380368098,3.26,8,8,8,0,0,0,0,0.0,0.0,0.0,0.0,0.0,0,1.0,1.0,-0.3281249875823657,0.0,0.3975,0.0,0.0,0,0.9525146484375,0.0,0.07832368463277817,0.06111070513725281,2129.2273194184704,0.17594401041666666,8,10.0,8,8,7
796,5218,12,f,WE SHALL NEVER SEE YOU FACE HERE AGAIN,0.875,175.82417582417582,2.73,8,8,7,0,1,0,0,0.0,0.125,0.0,0.0,0.125,0,1.0,1.0,-0.356770820915699,0.6999328893333587,0.3275,0.0,0.0,0,0.9091796875,0.125,0.07486725598573685,0.054034482687711716,2429.113855183753,0.2240923713235294,9,10.0,8,8,8
797,5218,12,f,WE HAD BECOME WELL USE TO THE CLOTHES,0.875,155.33980582524273,3.09,8,8,7,0,1,0,0,0.0,0.125,0.0,0.0,0.125,0,1.0,1.0,-0.4069010292490323,0.6657100728670824,0.3725,0.0,0.0,0,0.87054443359375,0.0,0.0858190581202507,0.05735449865460396,2140.819744573016,0.1791819344579646,8,10.0,8,8,8
798,5218,12,f,I SHALL NEVER BE WHAT HE WAS,1.0,180.25751072961373,2.33,7,7,7,0,0,0,0,0.0,0.0,0.0,0.0,0.0,0,1.0,1.0,-0.3380681709809737,0.0,0.31714285714285717,0.0,0.0,0,0.9393833705357143,0.0,0.06797505915164948,0.05211082100868225,2040.2535455143982,0.17020167661516855,8,10.0,9,9,8
799,5218,12,f,THE MORNING THAT WE PARTED TOO,0.6666666666666666,125.87412587412588,2.86,6,6,4,0,2,0,0,0.0,0.3333333333333333,0.0,0.0,0.3333333333333333,0,1.0,1.0,-0.47407670454545453,0.6224595052630775,0.4633333333333333,0.0,0.0,0,0.8285319010416666,0.0,0.059841956943273544,0.05610497668385506,1984.338421080672,0.13931216833726415,9,10.0,8,8,9
800,5401,11,m,THE DOCTOR ASKED LEAVE TO SAY ONE WORD MORE,1.0,119.20529801324504,4.53,9,9,9,0,0,0,0,0.0,0.0,0.0,0.0,0.0,0,1.0,1.0,-0.44140624083005464,0.0,0.47333333333333333,0.0,0.0,0,0.85791015625,0.2222222222222222,0.04244452714920044,0.03781159222126007,2398.3328135494467,0.1806223799542683,8,10.0,7,7,7
801,5401,11,m,AFTER LUNCH SHE READS NEWSPAPERS,0.8,92.59259259259258,3.24,5,5,4,0,1,0,0,0.0,0.2,0.0,0.0,0.2,0,1.0,1.0,-0.4906250059604645,0.6122436186674631,0.528,0.065,0.26,0,0.80166015625,0.2,0.04650673642754555,0.03627196326851845,3094.292302710182,0.31807668585526316,8,10.0,8,8,8
802,5401,11,m,WITH MY OWN HAND,1.0,121.2121212121212,1.98,4,4,4,0,0,0,0,0.0,0.0,0.0,0.0,0.0,0,1.0,1.0,-0.37946429422923494,0.0,0.395,0.0,0.0,0,0.9183349609375,0.0,0.024708935990929604,0.029883340001106262,2496.3114977178925,0.21579861111111112,9,10.0,9,8,8
803,5401,11,m,BETTER LUCK NEXT TIME,0.5,109.0909090909091,2.2,4,4,2,0,2,0,0,0.0,0.5,0.0,0.0,0.5,0,1.0,1.0,-0.6176215277777778,0.539225446314518,0.3950000000000001,0.10666666666666669,0.32000000000000006,0,0.7091064453125,0.5,0.036602530628442764,0.037585943937301636,2806.6975617963253,0.25340169270833335,7,10.0,7,8,7
804,5401,11,m,ELSE WHY SHOULD WE COME,0.6,79.47019867549669,3.02,5,4,3,1,1,0,0,0.2,0.2,0.0,0.0,0.4,-1,0.8,1.0,-0.6410590277777778,0.5267343023043505,0.515,0.006666666666666672,0.020000000000000018,0,0.63385009765625,0.5,0.0434737391769886,0.04708322137594223,2357.424123575581,0.18960753872863248,9,10.0,8,8,8
805,5401,11,m,I'LL TAKE CARE OF DAD,0.8,115.83011583011583,2.59,5,5,4,0,1,0,0,0.0,0.2,0.0,0.0,0.2,0,1.0,1.0,-0.47695314288139345,0.6206716114953934,0.476,0.0,0.0,0,0.93955078125,0.0,0.034877244383096695,0.03872810676693916,2179.8032998325716,0.16199270602876106,7,10.0,7,7,7
806,5401,11,m,YOU'RE A NICE WOMAN,0.75,152.28426395939087,1.97,4,5,3,0,1,1,0,0.0,0.25,0.25,0.0,0.5,1,1.25,1.0,-0.15380859375,0.8574361239388911,0.33999999999999997,0.0,0.0,0,0.85703125,0.0,0.037254661321640015,0.04256619140505791,2253.7677209006656,0.16326638926630435,9,10.0,8,8,8
807,5401,11,m,NOT THE SEA SURELY,1.0,111.1111111111111,2.16,4,4,4,0,0,0,0,0.0,0.0,0.0,0.0,0.0,0,1.0,1.0,-0.7022569444444444,0.0,0.405,0.10000000000000002,0.30000000000000004,0,0.62548828125,0.75,0.04533243179321289,0.04662863910198212,2701.4387208627727,0.23610476230053193,9,10.0,8,8,8
808,5401,11,m,SHALL I JUMP OUT,0.75,109.0909090909091,2.2,4,4,3,0,1,0,0,0.0,0.25,0.0,0.0,0.25,0,1.0,1.0,-0.5478515848517418,0.5781906705570077,0.47500000000000003,0.0,0.0,0,0.79998779296875,0.25,0.03569303825497627,0.035463377833366394,2560.8179260970187,0.20181620489690721,8,10.0,8,8,7
809,5401,11,m,OF THESE THREE ALL DAUGHTERS LIVED TO GROW UP,0.6666666666666666,91.52542372881355,5.9,9,9,6,0,3,0,0,0.0,0.3333333333333333,0.0,0.0,0.3333333333333333,0,1.0,1.0,-0.5667067491091214,0.5673909259270741,0.6000000000000001,0.0,0.0,0,0.7571885850694444,0.2222222222222222,0.03027820959687233,0.030918581411242485,2392.294154266188,0.2046676856884058,8,10.0,7,7,7
810,5401,11,m,MOTHER AND SON TALKED TOGETHER,0.6,142.2924901185771,2.53,5,6,3,0,2,1,0,0.0,0.4,0.2,0.0,0.6,1,1.2,1.0,-0.7456597222222222,0.47442121045999025,0.38666666666666666,0.0,0.0,0,0.6312255859375,0.5,0.030230145901441574,0.02306334115564823,2554.0450787837135,0.22412578876201922,8,10.0,8,8,8
811,5401,11,m,AND WITHOUT ANY MORE GROUNDS,0.8,98.0392156862745,3.06,5,5,4,0,1,0,0,0.0,0.2,0.0,0.0,0.2,0,1.0,1.0,-0.7656249761581421,0.4650431992215501,0.5439999999999999,0.0,0.0,0,0.582275390625,0.6,0.02703346125781536,0.023826096206903458,2125.5166770048304,0.1646193827479339,8,10.0,8,8,8
812,5401,11,m,SHE OPEN THE WINDOW EAT,0.6,113.63636363636363,2.64,5,5,3,0,2,0,0,0.0,0.4,0.0,0.0,0.4,0,1.0,1.0,-0.5308159722222222,0.5881248802696839,0.42800000000000005,0.0,0.0,0,0.805419921875,0.2,0.02812139317393303,0.027456987649202347,2547.4611906044693,0.23938102365654207,9,10.0,8,8,8
813,5401,11,m,FINE FIND FINE COULD BE ONLY BE,0.5714285714285714,113.82113821138212,3.69,7,7,4,0,3,0,0,0.0,0.42857142857142855,0.0,0.0,0.42857142857142855,0,1.0,1.0,-0.36860796538266266,0.6916965262864357,0.48857142857142855,0.0,0.0,0,0.7177385602678571,0.2857142857142857,0.026561656966805458,0.02364874631166458,2180.2367785896413,0.1658516765510949,8,10.0,8,8,8
814,5401,11,m,YOUR DAUGHTER LOVES ME,1.0,88.88888888888887,2.7,4,4,4,0,0,0,0,0.0,0.0,0.0,0.0,0.0,0,1.0,1.0,-0.47377232142857145,0.0,0.52,0.0,0.0,0,0.877197265625,0.0,0.021893002092838287,0.02013467065989971,2382.477990305229,0.17576020339439655,8,10.0,9,9,8
815,5401,11,m,WEST IS THE NAME,0.75,125.0,1.92,4,4,3,0,1,0,0,0.0,0.25,0.0,0.0,0.25,0,1.0,1.0,-0.4414062350988388,0.643131390954591,0.40499999999999997,0.0,0.0,0,0.7919921875,0.0,0.02426043339073658,0.0249776691198349,2796.9284988657246,0.25146484375,8,10.0,8,8,7
816,5401,11,m,THESE ARE THINGS WHICH A MAN CANNOT FORGET,0.875,120.30075187969925,3.99,8,8,7,0,1,0,0,0.0,0.125,0.0,0.0,0.125,0,1.0,1.0,-0.4466145808498065,0.6397904482520019,0.465,0.0,0.0,0,0.830078125,0.125,0.022852865979075432,0.0177473034709692,2661.450181064776,0.2344164879493464,8,10.0,8,8,8
817,5401,11,m,ALONE IN HIS ROOM,0.75,144.92753623188406,2.07,4,5,3,0,1,1,0,0.0,0.25,0.25,0.0,0.5,1,1.25,1.0,-0.3654785230755806,0.6938645412289456,0.36,0.0,0.0,0,0.77119140625,0.2,0.02040824294090271,0.018467523157596588,1897.4785211105632,0.12879710477941175,8,10.0,8,8,8
818,5401,11,m,WE ARE BORN COUSINS,0.0,88.23529411764706,2.04,4,3,0,1,3,0,0,0.25,0.75,0.0,0.0,1.0,-1,0.75,1.0,-0.7640624821186066,0.4657703944195944,0.5533333333333333,0.06999999999999995,0.1399999999999999,0,0.4180501302083333,1.0,0.017781516537070274,0.01909804902970791,2185.2691548560742,0.160296630859375,8,10.0,8,8,8
819,5401,11,m,I'M GLAD BECAUSE I LOVE DRIVING,1.0,116.88311688311688,3.08,6,6,6,0,0,0,0,0.0,0.0,0.0,0.0,0.0,0,1.0,1.0,-0.4484375059604645,0.0,0.41,0.0,0.0,0,0.9099527994791666,0.0,0.02424713596701622,0.02256852574646473,2316.3969420198164,0.18183028796487602,8,10.0,9,9,8
820,5408,11,m,THEN EACH LOOKED OUT OF THE WINDOW,1.0,139.53488372093022,3.01,7,7,7,0,0,0,0,0.0,0.0,0.0,0.0,0.0,0,1.0,1.0,-0.38529829545454547,0.0,0.3771428571428571,0.0,0.0,0,0.8587472098214286,0.2857142857142857,0.053269144147634506,0.04433756321668625,2710.5663270677346,0.2184810315148305,9,10.0,9,9,9
821,5408,11,m,NOTHING BUT GOOD FROM THIS,1.0,145.63106796116506,2.06,5,5,5,0,0,0,0,0.0,0.0,0.0,0.0,0.0,0,1.0,1.0,-0.5438368055555556,0.0,0.364,0.0,0.0,0,0.7280029296875,0.2,0.03701769933104515,0.03733048588037491,2529.8148093461814,0.2232766544117647,9,10.0,9,9,9
822,5408,11,m,NOW HE WAS GOING AWAY,1.0,142.85714285714283,2.1,5,5,5,0,0,0,0,0.0,0.0,0.0,0.0,0.0,0,1.0,1.0,-0.3732638888888889,0.0,0.372,0.0,0.0,0,0.8876953125,0.0,0.0640905350446701,0.06484273076057434,2142.9615525870113,0.1606716579861111,8,10.0,9,9,8
823,5408,11,m,YOU MAY TAKE HER OR LEAVE HER,1.0,163.4241245136187,2.57,7,7,7,0,0,0,0,0.0,0.0,0.0,0.0,0.0,0,1.0,1.0,-0.3977272727272727,0.0,0.32857142857142857,0.0,0.0,0,0.9299665178571429,0.0,0.048283688724040985,0.0452692024409771,2325.175641631493,0.1768487668504902,9,10.0,8,8,8
824,5408,11,m,THEY WERE NEVER AN HOUR ALONE,1.0,125.87412587412588,2.86,6,6,6,0,0,0,0,0.0,0.0,0.0,0.0,0.0,0,1.0,1.0,-0.47500001192092894,0.0,0.4466666666666667,0.0,0.0,0,0.8334147135416666,0.16666666666666666,0.046949248760938644,0.04672963172197342,1852.770784066235,0.14741085737179488,8,10.0,7,8,7
825,5408,11,m,BUT A GREAT STRONG MAN,0.2,85.30805687203792,2.11,5,3,1,2,2,0,0,0.4,0.4,0.0,0.0,0.8,-2,0.6,1.0,-0.6792534722222222,0.5069953372279884,0.5066666666666666,0.16000000000000003,0.32000000000000006,0,0.5255533854166666,0.6666666666666666,0.04162948206067085,0.04991009086370468,2688.732950269124,0.23116233132102273,8,10.0,8,8,8
826,5408,11,m,I DON'T WANT PEOPLE TO GIVE ME THEIR MONEY,1.0,169.81132075471697,3.18,9,9,9,0,0,0,0,0.0,0.0,0.0,0.0,0.0,0,1.0,1.0,-0.2214006632566452,0.0,0.32,0.0,0.0,0,0.9733072916666666,0.0,0.05489913746714592,0.04693852365016937,2183.299381142603,0.16561939677254098,9,10.0,8,8,8
827,5408,11,m,IT WAS FAR FAR AWAY BY THIS TIME,1.0,147.23926380368098,3.26,8,8,8,0,0,0,0,0.0,0.0,0.0,0.0,0.0,0,1.0,1.0,-0.3548177182674408,0.0,0.37749999999999995,0.0,0.0,0,0.88916015625,0.0,0.061142321676015854,0.06087525933980942,2351.25446171879,0.21889688135162602,9,10.0,8,7,8
828,5408,11,m,AND THE THREE TURNED AWAY,0.8,121.95121951219512,2.46,5,5,4,0,1,0,0,0.0,0.2,0.0,0.0,0.2,0,1.0,1.0,-0.5989583333333334,0.5493836127344051,0.41200000000000003,0.0,0.0,0,0.770166015625,0.2,0.05170455202460289,0.05077361688017845,2400.1174438698254,0.20227896813118812,9,10.0,8,8,8
829,5408,11,m,YOU HAVE DONE THAT WHICH MUST MAKE A FATHER ANGRY,0.9,160.427807486631,3.74,10,10,9,0,1,0,0,0.0,0.1,0.0,0.0,0.1,0,1.0,1.0,-0.29938615432807375,0.7412731083412942,0.356,0.0,0.0,0,0.9140625,0.0,0.07249906659126282,0.05580085515975952,2158.422567585517,0.17931349734042554,8,10.0,8,8,8
830,5408,11,m,THE LITTLE MAN WAS DOING THE SAME FOR ME,1.0,168.75,3.2,9,9,9,0,0,0,0,0.0,0.0,0.0,0.0,0.0,0,1.0,1.0,-0.2600661057692308,0.0,0.32888888888888895,0.0,0.0,0,0.9483506944444444,0.0,0.06807343661785126,0.060842789709568024,2040.597748972295,0.1670591292842742,8,10.0,8,8,8
831,5408,11,m,SHALL YOU TURN ME OUT,1.0,153.06122448979593,1.96,5,5,5,0,0,0,0,0.0,0.0,0.0,0.0,0.0,0,1.0,1.0,-0.3669704861111111,0.0,0.33199999999999996,0.0,0.0,0,0.82890625,0.2,0.0406935028731823,0.04240037873387337,2701.880985094345,0.260919189453125,8,10.0,8,8,8
832,5408,11,m,WELL THAT WAS TRUE IN PART,1.0,135.33834586466165,2.66,6,6,6,0,0,0,0,0.0,0.0,0.0,0.0,0.0,0,1.0,1.0,-0.4030539772727273,0.0,0.3033333333333334,0.10799999999999998,0.5399999999999999,0,0.8690592447916666,0.0,0.05138742923736572,0.054294001311063766,2707.2687216381396,0.2537525318287037,9,10.0,8,8,8
833,5408,11,m,AND LOOKING UP HE SAW HIM,1.0,137.40458015267177,2.62,6,6,6,0,0,0,0,0.0,0.0,0.0,0.0,0.0,0,1.0,1.0,-0.4580965909090909,0.0,0.3333333333333333,0.06399999999999997,0.31999999999999984,0,0.8789469401041666,0.16666666666666666,0.042720064520835876,0.04633792117238045,2417.6601912734163,0.20854259672619047,9,10.0,8,8,8
834,5408,11,m,I MUST WASH MY HANDS FIRST,1.0,138.46153846153845,2.6,6,6,6,0,0,0,0,0.0,0.0,0.0,0.0,0.0,0,1.0,1.0,-0.3708984375,0.0,0.37666666666666665,0.0,0.0,0,0.98095703125,0.0,0.04555978626012802,0.047277916222810745,2649.3002605265924,0.24309747869318182,8,10.0,8,8,8
835,5408,11,m,BUT WHAT A CAPITAL WORLD IT IS,0.8571428571428571,131.25,3.2,7,7,6,0,1,0,0,0.0,0.14285714285714285,0.0,0.0,0.14285714285714285,0,1.0,1.0,-0.4680397835644809,0.6262286095557054,0.4228571428571429,0.0,0.0,0,0.8610491071428571,0.0,0.05767299607396126,0.05317290499806404,2238.9252519539978,0.19109149018595042,9,10.0,8,8,8
836,5408,11,m,HE MUST LEAVE HIS MONEY TO SOMEBODY,0.8571428571428571,144.82758620689654,2.9,7,7,6,0,1,0,0,0.0,0.14285714285714285,0.0,0.0,0.14285714285714285,0,1.0,1.0,-0.3595525568181818,0.6979885664359493,0.3657142857142857,0.0,0.0,0,0.8896484375,0.0,0.04812338948249817,0.04330579936504364,2222.1733881646883,0.18837193080357142,8,10.0,8,9,8
837,5408,11,m,I MUST DO SOMETHING FOR MY LIVING,1.0,152.72727272727275,2.75,7,7,7,0,0,0,0,0.0,0.0,0.0,0.0,0.0,0,1.0,1.0,-0.35138493234461005,0.0,0.35428571428571426,0.0,0.0,0,0.9657505580357143,0.0,0.04295112565159798,0.03991566225886345,2481.1055064479247,0.2273265697337963,9,10.0,9,9,9
838,5408,11,m,THEY CAN ONLY GO BACK ON THEMSELVES,1.0,157.89473684210526,2.66,7,7,7,0,0,0,0,0.0,0.0,0.0,0.0,0.0,0,1.0,1.0,-0.3231534090909091,0.0,0.3457142857142857,0.0,0.0,0,0.9519391741071429,0.0,0.06264342367649078,0.05639416724443436,2490.4821228595033,0.22083707826327434,8,10.0,8,8,7
839,5408,11,m,THE GREAT WORK IT SHALL BE CARRY ON,0.625,150.94339622641508,3.18,8,8,5,0,3,0,0,0.0,0.375,0.0,0.0,0.375,0,1.0,1.0,-0.4397786532839139,0.644178992208231,0.36750000000000005,0.0,0.0,0,0.795318603515625,0.125,0.062337249517440796,0.06269247829914093,2179.711024103047,0.17132618801652894,8,10.0,8,8,8
840,5414,11,f,YOU SHALL GO WITH HIM,1.0,160.427807486631,1.87,5,5,5,0,0,0,0,0.0,0.0,0.0,0.0,0.0,0,1.0,1.0,-0.3486328125,0.0,0.35200000000000004,0.0,0.0,0,0.841845703125,0.2,0.04240749403834343,0.03914700821042061,2323.7209050114216,0.2014866879111842,8,10.0,8,8,8
841,5414,11,f,HOW COULD SHE LIVE AND WHAT WOULD SHE DO,0.8888888888888888,138.81748071979433,3.89,9,9,8,0,1,0,0,0.0,0.1111111111111111,0.0,0.0,0.1111111111111111,0,1.0,1.0,-0.35276443224686843,0.7027427174033829,0.40222222222222226,0.0,0.0,0,0.8783094618055556,0.1111111111111111,0.04122140258550644,0.03673410415649414,2397.2068399160485,0.21817974452554745,8,10.0,7,7,7
842,5414,11,f,I DON'T KNOW THEM,1.0,142.01183431952663,1.69,4,4,4,0,0,0,0,0.0,0.0,0.0,0.0,0.0,0,1.0,1.0,-0.3309461805555556,0.0,0.37,0.0,0.0,0,0.9364013671875,0.0,0.02728275954723358,0.025484466925263405,2501.138934442325,0.20922507702464788,8,10.0,8,8,8
843,5414,11,f,WE ARE NOT TOO LATE,1.0,150.75376884422113,1.99,5,5,5,0,0,0,0,0.0,0.0,0.0,0.0,0.0,0,1.0,1.0,-0.4173177083333333,0.0,0.376,0.0,0.0,0,0.8509765625,0.2,0.04527388513088226,0.04059077426791191,2323.879229512256,0.20518600109011628,9,10.0,8,8,8
844,5414,11,f,THAT THEY COULD NOT TELL US,0.3333333333333333,168.67469879518072,2.49,6,7,2,0,4,1,0,0.0,0.6666666666666666,0.16666666666666666,0.0,0.8333333333333334,1,1.1666666666666667,1.0,-0.8111979216337204,0.4443254801833361,0.34,0.0,0.0,0,0.5380597795758929,0.7142857142857143,0.03547649458050728,0.031114473938941956,2340.9840592868554,0.2146793780940594,8,10.0,9,9,8
845,5414,11,f,THEN SHALL WE LIVE,0.5,134.0782122905028,1.79,4,4,2,0,2,0,0,0.0,0.5,0.0,0.0,0.5,0,1.0,1.0,-0.5527343526482582,0.5753743810098788,0.42000000000000004,0.0,0.0,0,0.6793136596679688,0.5,0.037339985370635986,0.03549664840102196,2422.8312666731053,0.21642899186643835,9,10.0,8,8,8
846,5414,11,f,IT IS YOU WHO MUST GO,0.8333333333333334,144.3298969072165,2.91,6,7,5,0,1,1,0,0.0,0.16666666666666666,0.16666666666666666,0.0,0.3333333333333333,1,1.1666666666666667,1.0,-0.5390625108372081,0.5832948287098905,0.4,0.0,0.0,0,0.7088099888392857,0.14285714285714285,0.032246723771095276,0.028784429654479027,2129.3782375707856,0.17483604501146788,8,10.0,8,8,8
847,5414,11,f,LET ME READ IT TO YOU,1.0,184.6153846153846,1.95,6,6,6,0,0,0,0,0.0,0.0,0.0,0.0,0.0,0,1.0,1.0,-0.25292968153953554,0.0,0.3066666666666667,0.0,0.0,0,0.9410807291666666,0.0,0.03508267179131508,0.03221707046031952,2197.1396826954606,0.16901417267628205,9,10.0,9,9,9
848,5414,11,f,HOW WAS SHE TO TAKE ANY PRESENT FROM HIM NOW,0.4,122.72727272727273,4.4,10,9,4,1,5,0,0,0.1,0.5,0.0,0.0,0.6,-1,0.9,1.0,-0.5920759098870414,0.553177744826919,0.46888888888888897,0.0,0.0,0,0.70263671875,0.3333333333333333,0.053007498383522034,0.04431870952248573,2236.6899444729734,0.1906115962009804,8,10.0,8,7,7
849,5414,11,f,BUT YOU MUST NOT FORGET ME,1.0,145.748987854251,2.47,6,6,6,0,0,0,0,0.0,0.0,0.0,0.0,0.0,0,1.0,1.0,-0.4578125238418579,0.0,0.39333333333333337,0.0,0.0,0,0.8896484375,0.0,0.02961079403758049,0.02455570548772812,2308.443073226549,0.19742145944148937,9,10.0,8,8,8
850,5414,11,f,I NEVER PART WITH THEM,0.4,175.609756097561,2.05,5,6,2,0,3,1,0,0.0,0.6,0.2,0.0,0.8,1,1.2,1.0,-0.7052557034925981,0.49398224512007066,0.30666666666666664,0.0,0.0,0,0.6294759114583334,0.3333333333333333,0.02774142660200596,0.026433514431118965,2102.1900509981547,0.16426142939814814,8,10.0,8,8,8
851,5414,11,f,I MUST HAVE IT,1.0,137.14285714285714,1.75,4,4,4,0,0,0,0,0.0,0.0,0.0,0.0,0.0,0,1.0,1.0,-0.3784179724752903,0.0,0.41,0.0,0.0,0,0.824951171875,0.0,0.023388171568512917,0.021411214023828506,2479.3507847670417,0.21544053819444445,9,10.0,9,9,9
852,5414,11,f,I ASKED FOR NOTHING,1.0,124.35233160621763,1.93,4,4,4,0,0,0,0,0.0,0.0,0.0,0.0,0.0,0,1.0,1.0,-0.4189453050494194,0.0,0.45499999999999996,0.0,0.0,0,0.7803955078125,0.0,0.02541080117225647,0.024522796273231506,2581.904026161023,0.254010009765625,9,10.0,8,8,8
853,5414,11,f,I SHALL HAVE THINGS TO SAY,0.8333333333333334,167.44186046511626,2.15,6,6,5,0,1,0,0,0.0,0.16666666666666666,0.0,0.0,0.16666666666666666,0,1.0,1.0,-0.5460937321186066,0.5792079384491414,0.34,0.0,0.0,0,0.8037923177083334,0.0,0.02738180384039879,0.024303674697875977,2706.072728414039,0.24823869977678573,8,10.0,8,8,8
854,5414,11,f,BUT I SHALL SPEAK OF HER AGAIN,1.0,148.40989399293287,2.83,7,7,7,0,0,0,0,0.0,0.0,0.0,0.0,0.0,0,1.0,1.0,-0.41867898269133136,0.0,0.3885714285714286,0.0,0.0,0,0.8932059151785714,0.0,0.032004937529563904,0.02584812417626381,2056.108740845148,0.18266691984953703,9,10.0,7,7,8
855,5414,11,f,WHY IS IT TOO LATE,1.0,186.33540372670808,1.61,5,5,5,0,0,0,0,0.0,0.0,0.0,0.0,0.0,0,1.0,1.0,-0.3029513888888889,0.0,0.3,0.0,0.0,0,0.7873046875,0.2,0.038050878793001175,0.03936764597892761,2322.133710874954,0.18735284674657535,9,10.0,9,8,8
856,5414,11,f,YOU HAVE HAD YOUR OWN WAY,1.0,97.67441860465115,4.3,6,7,6,0,0,0,1,0.0,0.0,0.0,0.16666666666666666,0.16666666666666666,1,1.1666666666666667,1.0,-0.460156238079071,0.6311850226673251,0.5942857142857143,0.0,0.0,0,0.7924630301339286,0.14285714285714285,0.02919694036245346,0.03042047657072544,1708.6807834163108,0.13717811986019737,8,10.0,7,7,8
857,5414,11,f,YOU SHALL NOT BE THE ONE TO GO,1.0,147.69230769230768,3.25,8,8,8,0,0,0,0,0.0,0.0,0.0,0.0,0.0,0,1.0,1.0,-0.4348958283662796,0.0,0.3925,0.0,0.0,0,0.8533935546875,0.125,0.0293230302631855,0.02298049069941044,1959.8145729361038,0.15836995442708332,8,10.0,7,7,7
858,5414,11,f,WHAT ELSE COULD ONE SAY,0.8,133.33333333333334,2.25,5,5,4,0,1,0,0,0.0,0.2,0.0,0.0,0.2,0,1.0,1.0,-0.4444444444444444,0.6411803884299546,0.40800000000000003,0.0,0.0,0,0.832421875,0.0,0.036733221262693405,0.038783926516771317,2080.32678789558,0.20096409574468085,8,10.0,8,8,8
859,5414,11,f,SHE WANTED TO SEE HIS FACE AGAIN,1.0,146.85314685314685,2.86,7,7,7,0,0,0,0,0.0,0.0,0.0,0.0,0.0,0,1.0,1.0,-0.3084161877632141,0.0,0.40857142857142853,0.0,0.0,0,0.9661690848214286,0.0,0.04051585495471954,0.030641987919807434,2238.3713363776565,0.21603479117990654,8,10.0,8,8,8
860,5418,11,f,DON'T LET GO MY HAND,1.0,182.9268292682927,1.64,5,5,5,0,0,0,0,0.0,0.0,0.0,0.0,0.0,0,1.0,1.0,-0.2722656190395355,0.0,0.292,0.0,0.0,0,0.922509765625,0.0,0.04265360161662102,0.04152731969952583,2460.988738472777,0.21917365579044118,9,10.0,9,9,9
861,5418,11,f,NO CLOTHES NO MONEY,1.0,138.72832369942196,1.73,4,4,4,0,0,0,0,0.0,0.0,0.0,0.0,0.0,0,1.0,1.0,-0.4273003472222222,0.0,0.31499999999999995,0.12000000000000004,0.3600000000000001,0,0.8143310546875,0.25,0.04669433832168579,0.04713067412376404,2020.110557232047,0.17190104166666667,9,10.0,8,8,8
862,5418,11,f,YOU LIKE YOUR ART BETTER THAN YOU FRIENDS,0.875,194.331983805668,2.47,8,8,7,0,1,0,0,0.0,0.125,0.0,0.0,0.125,0,1.0,1.0,-0.3925781125823657,0.6753135938035738,0.29500000000000004,0.0,0.0,0,0.89422607421875,0.125,0.04642171040177345,0.03885270655155182,2306.2494734239963,0.21752174613402062,9,10.0,9,9,9
863,5418,11,f,IT HAS PASSED INTO OTHER HANDS NOW,1.0,154.98154981549814,2.71,7,7,7,0,0,0,0,0.0,0.0,0.0,0.0,0.0,0,1.0,1.0,-0.26260652325370093,0.0,0.37142857142857144,0.0,0.0,0,0.9596121651785714,0.0,0.03929980471730232,0.029653217643499374,2719.682480283469,0.27022174873737376,8,10.0,8,8,8
864,5418,11,f,NOTHING FOR NOTHING YOUNG MAN,0.6,124.35233160621763,1.93,5,4,3,1,1,0,0,0.2,0.2,0.0,0.0,0.4,-1,0.8,1.0,-0.6380208333333334,0.5283370570427119,0.37999999999999995,0.10000000000000002,0.30000000000000004,0,0.768310546875,0.25,0.021668815985322,0.019815100356936455,2554.475063383882,0.23310198102678573,9,10.0,8,8,8
865,5418,11,f,HIS MIND WAS BUSY,0.75,146.34146341463415,1.64,4,4,3,0,1,0,0,0.0,0.25,0.0,0.0,0.25,0,1.0,1.0,-0.6653645833333334,0.5140860663243798,0.365,0.0,0.0,0,0.6364593505859375,0.75,0.024073457345366478,0.027367498725652695,3194.0541600247852,0.3535714285714286,8,10.0,8,8,8
866,5418,11,f,I CAN'T BE DIFFERENT,1.0,154.83870967741936,1.55,4,4,4,0,0,0,0,0.0,0.0,0.0,0.0,0.0,0,1.0,1.0,-0.4557291666666667,0.0,0.335,0.0,0.0,0,0.86285400390625,0.25,0.047459207475185394,0.04563436657190323,2600.922115947646,0.2379131610576923,9,10.0,9,9,9
867,5418,11,f,HIS FACE WAS COLD,1.0,134.8314606741573,1.78,4,4,4,0,0,0,0,0.0,0.0,0.0,0.0,0.0,0,1.0,1.0,-0.3442382849752903,0.0,0.36,0.0,0.0,0,0.9278564453125,0.0,0.028769969940185547,0.031726282089948654,3167.319405835388,0.32819010416666666,8,10.0,8,8,8
868,5418,11,f,COULD YOU BEAR IT,1.0,165.51724137931035,1.45,4,4,4,0,0,0,0,0.0,0.0,0.0,0.0,0.0,0,1.0,1.0,-0.7241211086511612,0.0,0.31,0.0,0.0,0,0.5606689453125,0.5,0.04480656608939171,0.05003541707992554,2264.713805017094,0.18121892755681818,9,10.0,8,8,8
869,5418,11,f,FOR A TIME HE COULD NOT FIND WORDS,0.875,208.69565217391306,2.3,8,8,7,0,1,0,0,0.0,0.125,0.0,0.0,0.125,0,1.0,1.0,-0.4074519230769231,0.6653434382944091,0.255,0.025714285714285707,0.17999999999999994,0,0.920654296875,0.0,0.03927525132894516,0.03009551391005516,2362.1436048018545,0.22610165028089887,9,10.0,9,9,9
870,5418,11,f,WHO ELSE SAYS SO,0.5,150.0,1.6,4,4,2,0,2,0,0,0.0,0.5,0.0,0.0,0.5,0,1.0,1.0,-0.4833984449505806,0.6166840597654474,0.35500000000000004,0.0,0.0,0,0.62188720703125,0.5,0.04382021352648735,0.044858772307634354,3077.617248766135,0.31055405560661764,8,10.0,8,8,8
871,5418,11,f,I'M NOT BIG ENOUGH,1.0,165.51724137931035,1.45,4,4,4,0,0,0,0,0.0,0.0,0.0,0.0,0.0,0,1.0,1.0,-0.3525390736758709,0.0,0.335,0.0,0.0,0,0.9256591796875,0.0,0.02637585438787937,0.026888741180300713,2445.0743154599672,0.2081580528846154,9,10.0,9,9,9
872,5418,11,f,OUR MEETING COULD NOT HAVE HAPPENED BETTER,1.0,147.88732394366198,2.84,7,7,7,0,0,0,0,0.0,0.0,0.0,0.0,0.0,0,1.0,1.0,-0.33220881765538995,0.0,0.3857142857142857,0.0,0.0,0,0.8676060267857143,0.14285714285714285,0.024767577648162842,0.02242072857916355,2018.7429786541202,0.15068535332207209,8,10.0,8,8,8
873,5418,11,f,THEN THE STORY WAS FINISHED,1.0,148.5148514851485,2.02,5,5,5,0,0,0,0,0.0,0.0,0.0,0.0,0.0,0,1.0,1.0,-0.376953125,0.0,0.376,0.0,0.0,0,0.91240234375,0.0,0.036602895706892014,0.029487721621990204,2708.5621166747082,0.279296875,9,10.0,9,9,9
874,5418,11,f,I LIKE TO MEET HIM,0.8,175.43859649122805,1.71,5,5,4,0,1,0,0,0.0,0.2,0.0,0.0,0.2,0,1.0,1.0,-0.29296875894069674,0.7460454475832246,0.3,0.0,0.0,0,0.943212890625,0.0,0.027103420346975327,0.030975624918937683,2236.579304742138,0.16856863839285716,9,10.0,9,9,9
875,5418,11,f,I HOPE YOU DON'T MIND DRIVING,1.0,184.6153846153846,1.95,6,6,6,0,0,0,0,0.0,0.0,0.0,0.0,0.0,0,1.0,1.0,-0.3323863582177596,0.0,0.3066666666666667,0.0,0.0,0,0.9834391276041666,0.0,0.04229412227869034,0.03728264570236206,1989.760484599079,0.16479793595679013,8,10.0,9,8,8
876,5418,11,f,I HAD LEARNED WHAT I NEEDED,1.0,176.47058823529412,2.04,6,6,6,0,0,0,0,0.0,0.0,0.0,0.0,0.0,0,1.0,1.0,-0.3433593660593033,0.0,0.3166666666666667,0.0,0.0,0,0.9452311197916666,0.0,0.022543054074048996,0.022054435685276985,2318.35836431789,0.1928079044117647,8,10.0,9,9,8
877,5418,11,f,NEVER AGAIN COULD SHE CLOSE THEM,0.8333333333333334,165.89861751152074,2.17,6,6,5,0,1,0,0,0.0,0.16666666666666666,0.0,0.0,0.16666666666666666,0,1.0,1.0,-0.39941407442092897,0.6707129187826318,0.3433333333333333,0.0,0.0,0,0.8986002604166666,0.0,0.027679510414600372,0.02453543245792389,2493.0516981931587,0.23139421329941862,8,10.0,8,8,8
878,5418,11,f,BUT THEY MUST BE NICE ONES LIKE YOURS YOU KNOW,1.0,146.69926650366747,4.09,10,10,10,0,0,0,0,0.0,0.0,0.0,0.0,0.0,0,1.0,1.0,-0.3256835974752903,0.0,0.294,0.10444444444444444,0.48,0,0.93232421875,0.0,0.038939669728279114,0.03513594716787338,2905.785904355379,0.30030625531462585,8,10.0,9,8,8
879,5418,11,f,MEET ME HERE AT THE SAME HOUR TOMORROW,1.0,162.71186440677965,2.95,8,8,8,0,0,0,0,0.0,0.0,0.0,0.0,0.0,0,1.0,1.0,-0.3710937375823657,0.0,0.36250000000000004,0.0,0.0,0,0.913543701171875,0.125,0.029591478407382965,0.023438835516572,2120.6693928148043,0.18019719709429824,9,10.0,9,9,9
880,5424,11,f,AT THAT TIME TOO OF ALL OTHERS,1.0,107.96915167095115,3.89,7,7,7,0,0,0,0,0.0,0.0,0.0,0.0,0.0,0,1.0,1.0,-0.5068359424670538,0.0,0.45142857142857146,0.10333333333333335,0.6200000000000001,0,0.8169642857142857,0.2857142857142857,0.048409972339868546,0.039069902151823044,2812.2606175111514,0.28163243006993005,8,10.0,8,8,8
881,5424,11,f,HIS OWN GIRL MIND YOU,1.0,130.43478260869566,2.3,5,5,5,0,0,0,0,0.0,0.0,0.0,0.0,0.0,0,1.0,1.0,-0.5570312440395355,0.0,0.37599999999999995,0.07,0.28,0,0.81865234375,0.2,0.08888030052185059,0.07900991290807724,2114.977491847542,0.13580253686797752,7,10.0,7,7,6
882,5424,11,f,IT WAS PART OF OUR WORK,1.0,146.34146341463415,2.46,6,6,6,0,0,0,0,0.0,0.0,0.0,0.0,0.0,0,1.0,1.0,-0.439453125,0.0,0.3866666666666667,0.0,0.0,0,0.9214680989583334,0.0,0.07360600680112839,0.06359217315912247,2489.265046409218,0.19084323182397958,9,10.0,9,9,9
883,5424,11,f,IN THE AFTERNOON I SAW HIM,1.0,160.7142857142857,2.24,6,6,6,0,0,0,0,0.0,0.0,0.0,0.0,0.0,0,1.0,1.0,-0.460546875,0.0,0.34333333333333343,0.0,0.0,0,0.8833821614583334,0.0,0.07691530138254166,0.06412369012832642,2565.1233890503217,0.20536341292134833,8,10.0,8,7,7
884,5424,11,f,AND I DON'T ALWAYS TRY,1.0,111.94029850746269,2.68,5,5,5,0,0,0,0,0.0,0.0,0.0,0.0,0.0,0,1.0,1.0,-0.43906248807907106,0.0,0.508,0.0,0.0,0,0.854931640625,0.2,0.08001986145973206,0.06659258157014847,2521.0493975557147,0.19711866656553398,9,10.0,8,8,8
885,5424,11,f,HOW MANY PEOPLE ARE THERE IN MY FAMILY,1.0,162.71186440677965,2.95,8,8,8,0,0,0,0,0.0,0.0,0.0,0.0,0.0,0,1.0,1.0,-0.2975260516007741,0.0,0.3425,0.0,0.0,0,0.9385986328125,0.125,0.07775817066431046,0.058948878198862076,2608.831097448253,0.2279930783991228,9,10.0,9,9,9
886,5424,11,f,I CANNOT ASK YOU,1.0,126.31578947368423,1.9,4,4,4,0,0,0,0,0.0,0.0,0.0,0.0,0.0,0,1.0,1.0,-0.3579101599752903,0.0,0.43999999999999995,0.0,0.0,0,0.91015625,0.0,0.06676789373159409,0.05903150886297226,2540.842263773114,0.18376277043269232,10,10.0,9,9,9
887,5424,11,f,COULD IT SEE HIM,1.0,151.89873417721518,1.58,4,4,4,0,0,0,0,0.0,0.0,0.0,0.0,0.0,0,1.0,1.0,-0.4001464769244194,0.0,0.35000000000000003,0.0,0.0,0,0.8214111328125,0.25,0.06450507789850235,0.06399613618850708,2822.828408481517,0.23876953125,8,10.0,9,9,8
888,5424,11,f,WHERE MUST I GO,1.0,131.86813186813185,1.82,4,4,4,0,0,0,0,0.0,0.0,0.0,0.0,0.0,0,1.0,1.0,-0.326416015625,0.0,0.435,0.0,0.0,0,0.9097900390625,0.0,0.06900383532047272,0.06653176248073578,2480.2107881633638,0.21209560296474358,8,10.0,8,8,8
889,5424,11,f,LOOK AT MY FACE,1.0,161.07382550335572,1.49,4,4,4,0,0,0,0,0.0,0.0,0.0,0.0,0.0,0,1.0,1.0,-0.2717633843421936,0.0,0.34500000000000003,0.0,0.0,0,0.93359375,0.0,0.05199664086103439,0.0446045882999897,3248.7864818661096,0.3239986795774648,9,10.0,9,9,9
890,5424,11,f,HERE IT IS AND YOU CAN READ FOR YOURSELF,1.0,164.63414634146343,3.28,9,9,9,0,0,0,0,0.0,0.0,0.0,0.0,0.0,0,1.0,1.0,-0.3506610576923077,0.0,0.3555555555555555,0.0,0.0,0,0.9256184895833334,0.0,0.09209458529949188,0.06547036021947861,2651.312383014719,0.23909765625,9,10.0,8,9,9
891,5424,11,f,SHE HAD NOT AGAIN I LEARNED TO LOVE HER COUSIN,0.7,137.61467889908255,4.36,10,10,7,0,3,0,0,0.0,0.3,0.0,0.0,0.3,0,1.0,1.0,-0.47739956208637785,0.6203945936056869,0.4120000000000001,0.0,0.0,0,0.79111328125,0.2,0.07400878518819809,0.05968112871050835,2574.697428192183,0.2141326904296875,8,10.0,7,7,7
892,5424,11,f,YOU MUST DO YOU BEST,0.8,162.16216216216216,1.85,5,5,4,0,1,0,0,0.0,0.2,0.0,0.0,0.2,0,1.0,1.0,-0.2661132700741291,0.766352317800795,0.36,0.0,0.0,0,0.90927734375,0.2,0.03427416831254959,0.02842620573937893,2958.7809436481334,0.2688052528782895,9,10.0,9,8,9
893,5424,11,f,SHE WAS ALONE HIS LIGHT LOST,1.0,113.56466876971609,3.17,6,6,6,0,0,0,0,0.0,0.0,0.0,0.0,0.0,0,1.0,1.0,-0.5181107737801292,0.0,0.3666666666666667,0.152,0.76,0,0.8827311197916666,0.0,0.035119760781526566,0.03386504948139191,2972.6367248482784,0.26313845850840334,8,10.0,8,8,8
894,5424,11,f,AND CAN YOU TEACH ME THEN,1.0,166.66666666666666,2.16,6,6,6,0,0,0,0,0.0,0.0,0.0,0.0,0.0,0,1.0,1.0,-0.43437500596046447,0.0,0.3366666666666667,0.0,0.0,0,0.8153076171875,0.3333333333333333,0.04307660460472107,0.03616657108068466,2793.957903707883,0.20279386673850575,9,10.0,8,8,8
895,5424,11,f,I SURE GET MY HAND OUT,0.8333333333333334,170.61611374407585,2.11,6,6,5,0,1,0,0,0.0,0.16666666666666666,0.0,0.0,0.16666666666666666,0,1.0,1.0,-0.45468748211860655,0.6346462752687035,0.3333333333333333,0.0,0.0,0,0.9007161458333334,0.0,0.03489234298467636,0.030901333317160606,2899.275103554608,0.26043836805555554,8,10.0,9,8,8
896,5424,11,f,BUT YOU SHALL LISTEN TO ME,0.8333333333333334,180.90452261306535,1.99,6,6,5,0,1,0,0,0.0,0.16666666666666666,0.0,0.0,0.16666666666666666,0,1.0,1.0,-0.369140625,0.6913281855882473,0.31333333333333335,0.0,0.0,0,0.8732096354166666,0.16666666666666666,0.045814912766218185,0.03780430927872658,2670.297794538964,0.20543660996835442,8,10.0,8,8,8
897,5424,11,f,BUT THERE WERE OTHERS ALSO PRESENT,1.0,109.4224924012158,3.29,6,6,6,0,0,0,0,0.0,0.0,0.0,0.0,0.0,0,1.0,1.0,-0.5957031190395355,0.0,0.53,0.0,0.0,0,0.7563069661458334,0.16666666666666666,0.043663643300533295,0.032747190445661545,2765.885428233442,0.24966812133789062,8,10.0,8,8,8
898,5424,11,f,BUT YOU MUST HAVE SOMETHING TO EAT,1.0,160.91954022988506,2.61,7,7,7,0,0,0,0,0.0,0.0,0.0,0.0,0.0,0,1.0,1.0,-0.41015625,0.0,0.35714285714285715,0.0,0.0,0,0.8938337053571429,0.14285714285714285,0.04602915048599243,0.033859677612781525,2888.030124144128,0.24886699787621358,9,10.0,9,8,8
899,5424,11,f,NO ONE SAW IT FOR A MOMENT OR SO,1.0,150.0,3.6,9,9,9,0,0,0,0,0.0,0.0,0.0,0.0,0.0,0,1.0,1.0,-0.2573242311676343,0.0,0.3844444444444444,0.0,0.0,0,0.9599066840277778,0.0,0.04420778527855873,0.03667018935084343,2373.3743488048167,0.20422456464694658,8,10.0,8,8,8
900,5551,11,m,I HAVE LIVED IN THE PLACE,1.0,151.89873417721518,2.37,6,6,6,0,0,0,0,0.0,0.0,0.0,0.0,0.0,0,1.0,1.0,-0.37109375596046446,0.0,0.35000000000000003,0.0,0.0,0,0.8844401041666666,0.0,0.043951548635959625,0.03798854351043701,2747.4002000018786,0.23063676075268819,8,10.0,8,8,8
901,5551,11,m,WHEN COULD WE DO IT,1.0,163.93442622950818,1.83,5,5,5,0,0,0,0,0.0,0.0,0.0,0.0,0.0,0,1.0,1.0,-0.33203125,0.0,0.324,0.0,0.0,0,0.905859375,0.0,0.048466265201568604,0.0519910603761673,2371.6579849966006,0.19612630208333334,9,10.0,9,8,8
902,5551,11,m,SHE IS BETTER OFF THAN I CAN MAKE HER,1.0,142.4802110817942,3.79,9,9,9,0,0,0,0,0.0,0.0,0.0,0.0,0.0,0,1.0,1.0,-0.36448318224686843,0.0,0.38,0.0,0.0,0,0.8633355034722222,0.1111111111111111,0.046434883028268814,0.04121679812669754,2700.5785840003364,0.22464400487588654,8,10.0,7,8,8
903,5551,11,m,BUT SHE COULD NEVER BE CROSS WITH HIM,0.875,150.47021943573668,3.19,8,8,7,0,1,0,0,0.0,0.125,0.0,0.0,0.125,0,1.0,1.0,-0.3531900917490323,0.7024436519426868,0.3725,0.0,0.0,0,0.9136962890625,0.125,0.026807384565472603,0.022488491609692574,2435.9765510083653,0.2086615444214876,8,10.0,8,8,8
904,5551,11,m,HE WOULD BE GOING AWAY,1.0,127.6595744680851,2.35,5,5,5,0,0,0,0,0.0,0.0,0.0,0.0,0.0,0,1.0,1.0,-0.2709960900247097,0.0,0.396,0.0,0.0,0,0.7505859375,0.4,0.01869831420481205,0.019299093633890152,2141.4831301651234,0.15318943298969073,9,10.0,8,8,9
905,5551,11,m,FOR AN HOUR THEY WALKED AND TALKED,0.5714285714285714,141.1764705882353,3.4,7,8,4,0,3,1,0,0.0,0.42857142857142855,0.14285714285714285,0.0,0.5714285714285714,1,1.1428571428571428,1.0,-0.6730769414168137,0.5101365003056803,0.35750000000000004,0.03428571428571429,0.24,0,0.78857421875,0.375,0.02684379182755947,0.025963732972741127,2129.911178773985,0.1602016715116279,8,10.0,8,8,8
906,5551,11,m,AND NOW GO AWAY,1.0,130.43478260869566,1.84,4,4,4,0,0,0,0,0.0,0.0,0.0,0.0,0.0,0,1.0,1.0,-0.4362793080508709,0.0,0.36000000000000004,0.0,0.0,0,0.8538818359375,0.25,0.04048467427492142,0.03995219245553017,2551.142809495906,0.21935884452160495,8,10.0,8,8,8
907,5551,11,m,YOU MAY SAY THAT TURNED,0.6,60.36217303822938,4.97,5,5,3,0,2,0,0,0.0,0.4,0.0,0.0,0.4,0,1.0,1.0,-0.6137695237994194,0.5413065505165129,0.9399999999999998,0.0,0.0,0,0.67978515625,0.4,0.028573596850037575,0.0338406004011631,2886.0431925275025,0.27095965485074625,8,10.0,7,6,7
908,5551,11,m,THEN SHE WAS LEFT ALONE,1.0,137.61467889908255,2.18,5,5,5,0,0,0,0,0.0,0.0,0.0,0.0,0.0,0,1.0,1.0,-0.4652777777777778,0.0,0.40800000000000003,0.0,0.0,0,0.89169921875,0.0,0.05221567675471306,0.04572685435414314,2755.8716240082385,0.24130752060439561,8,10.0,8,8,7
909,5551,11,m,WHAT IS BIG AND WHAT IS LITTLE,0.8571428571428571,150.00000000000003,2.8,7,7,6,0,1,0,0,0.0,0.14285714285714285,0.0,0.0,0.14285714285714285,0,1.0,1.0,-0.4477982900359414,0.6390335704711717,0.3657142857142857,0.0,0.0,0,0.8078264508928571,0.14285714285714285,0.030763402581214905,0.028754442930221558,2544.2835694633395,0.20433933423913042,8,10.0,8,8,8
910,5551,11,m,AND YOU'RE THE SAME MAN TOO,0.8333333333333334,150.00000000000003,2.8,6,7,5,0,1,1,0,0.0,0.16666666666666666,0.16666666666666666,0.0,0.3333333333333333,1,1.1666666666666667,1.0,-0.6306818398562345,0.5322287824641866,0.3571428571428571,0.0,0.0,0,0.6655970982142857,0.42857142857142855,0.03232082724571228,0.028605978935956955,2361.6428830671503,0.1982825043004587,8,10.0,7,8,7
911,5551,11,m,SHE COULD NOT FACE IT,1.0,146.34146341463415,2.05,5,5,5,0,0,0,0,0.0,0.0,0.0,0.0,0.0,0,1.0,1.0,-0.310546875,0.0,0.33599999999999997,0.0,0.0,0,0.872314453125,0.2,0.024844899773597717,0.023527342826128006,2819.8365312499977,0.25777493990384615,9,10.0,8,8,8
912,5551,11,m,YOU SHALL SOON HAVE HER BACK,0.5,153.1914893617021,2.35,6,6,3,0,3,0,0,0.0,0.5,0.0,0.0,0.5,0,1.0,1.0,-0.6078124880790711,0.5445407565498775,0.3466666666666667,0.0,0.0,0,0.7091471354166666,0.5,0.04539107158780098,0.045624516904354095,2428.0986825981026,0.21525804924242425,8,10.0,8,8,7
913,5551,11,m,I COULD NEVER LOVE YOU AGAIN,1.0,146.93877551020407,2.45,6,6,6,0,0,0,0,0.0,0.0,0.0,0.0,0.0,0,1.0,1.0,-0.44609373807907104,0.0,0.36333333333333334,0.0,0.0,0,0.95703125,0.0,0.02320486679673195,0.019981201738119125,2473.731355625601,0.21665326286764705,9,10.0,8,8,8
914,5551,11,m,FOURTEEN FIFTEEN EIGHTEEN HOURS A DAY,0.5,95.23809523809524,3.78,6,6,3,0,3,0,0,0.0,0.5,0.0,0.0,0.5,0,1.0,1.0,-0.373697929084301,0.688184761035735,0.51,0.09599999999999997,0.29999999999999993,0,0.905029296875,0.16666666666666666,0.021017035469412804,0.018793700262904167,2441.430457426187,0.19926996831293706,8,10.0,7,7,7
915,5551,11,m,WAS IT NOT BY HIS DONE WILL,0.7142857142857143,112.49999999999999,3.2,7,6,5,1,1,0,0,0.14285714285714285,0.14285714285714285,0.0,0.0,0.2857142857142857,-1,0.8571428571428571,1.0,-0.8224432034925981,0.4393569038014176,0.4933333333333334,0.0,0.0,0,0.6844584147135416,0.3333333333333333,0.027495205402374268,0.026560157537460327,2474.5908524368037,0.19095369664634146,8,10.0,8,8,7
916,5551,11,m,WHO WOULD HAVE BROKEN THE NEWS TO THE FATHER,1.0,103.05343511450381,5.24,9,9,9,0,0,0,0,0.0,0.0,0.0,0.0,0.0,0,1.0,1.0,-0.39272835621467006,0.0,0.5444444444444445,0.0,0.0,0,0.8164876302083334,0.2222222222222222,0.025895604863762856,0.027036787942051888,2425.218251904972,0.19210490774601063,8,10.0,7,6,7
917,5551,11,m,I SHOULD CALL IT SOMETHING ELSE,1.0,155.84415584415584,2.31,6,6,6,0,0,0,0,0.0,0.0,0.0,0.0,0.0,0,1.0,1.0,-0.453906261920929,0.0,0.35000000000000003,0.0,0.0,0,0.9056803385416666,0.0,0.024673422798514366,0.01939411088824272,2848.258273925134,0.2596472537878788,8,10.0,8,7,7
918,5551,11,m,FATHER IS ALONE YOU WILL BE GLAD TO SEE YOU,0.8,187.98955613577021,3.83,10,12,8,0,2,2,0,0.0,0.2,0.2,0.0,0.4,2,1.2,1.0,-0.42784926470588236,0.6519096731893685,0.275,0.0090909090909091,0.10000000000000009,0,0.81646728515625,0.25,0.038675833493471146,0.034113675355911255,2357.9387661332416,0.17823984925176056,8,10.0,8,7,7
919,5551,11,m,IT WAS VERY IMPORTANT,1.0,121.8274111675127,1.97,4,4,4,0,0,0,0,0.0,0.0,0.0,0.0,0.0,0,1.0,1.0,-0.3376464806497097,0.0,0.425,0.0,0.0,0,0.90576171875,0.0,0.038180720061063766,0.03523150831460953,2341.8619177551486,0.1937934027777778,8,10.0,8,8,8
920,6010,12,f,SHE TURNED ROUND AS THEY ENTERED,0.6666666666666666,96.2566844919786,3.74,6,6,4,0,2,0,0,0.0,0.3333333333333333,0.0,0.0,0.3333333333333333,0,1.0,1.0,-0.44140625596046446,0.6431313775378249,0.5733333333333334,0.0,0.0,0,0.811767578125,0.0,0.048148054629564285,0.037925709038972855,2280.6485649853653,0.1476851851851852,8,10.0,7,7,7
921,6010,12,f,THE VOICE CAME FROM ABOVE THEM,0.8333333333333334,155.17241379310346,2.32,6,6,5,0,1,0,0,0.0,0.16666666666666666,0.0,0.0,0.16666666666666666,0,1.0,1.0,-0.5105468988418579,0.6001672582629202,0.37333333333333335,0.0,0.0,0,0.8155924479166666,0.16666666666666666,0.05329333618283272,0.038855355232954025,2105.7398946106787,0.1533536044034091,7,10.0,7,7,7
922,6010,12,f,HE IS MADE SO AS NOT TO BE AFRAID,1.0,156.0693641618497,3.46,9,9,9,0,0,0,0,0.0,0.0,0.0,0.0,0.0,0,1.0,1.0,-0.44230768313774693,0.0,0.3644444444444444,0.0,0.0,0,0.8202582465277778,0.3333333333333333,0.04571866616606712,0.0338478609919548,2226.86396920713,0.17024993896484375,8,10.0,8,7,8
923,6010,12,f,WHAT WHAT DID HE WANT THERE,1.0,129.03225806451613,2.79,6,6,6,0,0,0,0,0.0,0.0,0.0,0.0,0.0,0,1.0,1.0,-0.3767578035593033,0.0,0.4466666666666666,0.0,0.0,0,0.7671712239583334,0.16666666666666666,0.034121230244636536,0.03458794206380844,1849.0887459686558,0.10011541193181818,8,10.0,7,8,7
924,6010,12,f,THAT'S WAS THE DIFFERENCE,0.75,140.35087719298244,1.71,4,4,3,0,1,0,0,0.0,0.25,0.0,0.0,0.25,0,1.0,1.0,-0.487060546875,0.6144298300122675,0.4,0.0,0.0,0,0.819580078125,0.25,0.030834348872303963,0.0322069451212883,2636.5924030098467,0.2270387249228395,8,10.0,8,8,8
925,6010,12,f,THERE WHERE NO MEANS OF DOING IT,0.8571428571428571,91.90371991247264,4.57,7,7,6,0,1,0,0,0.0,0.14285714285714285,0.0,0.0,0.14285714285714285,0,1.0,1.0,-0.3899147835644809,0.6771145733300626,0.6371428571428572,0.0,0.0,0,0.89697265625,0.14285714285714285,0.04036223143339157,0.031751599162817,1859.1597715212934,0.12135898919753087,8,10.0,6,6,7
926,6010,12,f,BUT SUCH IS THE WAY ALL THE GREAT,0.75,158.41584158415841,3.03,8,8,6,0,2,0,0,0.0,0.25,0.0,0.0,0.25,0,1.0,1.0,-0.408203125,0.6648438187051486,0.36499999999999994,0.0,0.0,0,0.84661865234375,0.125,0.04237312078475952,0.029893601313233376,2359.5535364226307,0.18616158621651785,8,10.0,8,8,8
927,6010,12,f,THEY ALL SAID GOODBYE,0.5,166.66666666666666,1.8,4,5,2,0,2,1,0,0.0,0.5,0.25,0.0,0.75,1,1.25,1.0,-0.6984375178813934,0.49736181593413714,0.30000000000000004,0.05499999999999999,0.21999999999999997,0,0.5943603515625,0.4,0.03021198697388172,0.027039285749197006,2243.626310093094,0.19909354967948717,8,10.0,9,8,8
928,6010,12,f,I DID MYSELF SO I KNOW WHAT THIS LIKE,0.8888888888888888,153.48837209302326,4.3,9,11,8,0,1,2,0,0.0,0.1111111111111111,0.2222222222222222,0.0,0.3333333333333333,2,1.2222222222222223,1.0,-0.41015625,0.663546562885513,0.34727272727272723,0.03400000000000001,0.3400000000000001,0,0.8607066761363636,0.09090909090909091,0.04390576109290123,0.03440020605921745,1832.4960260946652,0.13004231770833333,9,10.0,8,8,8
929,6010,12,f,I WENT OUT LAST,1.0,157.89473684210526,1.52,4,4,4,0,0,0,0,0.0,0.0,0.0,0.0,0.0,0,1.0,1.0,-0.5175781324505806,0.0,0.34500000000000003,0.0,0.0,0,0.8155517578125,0.25,0.028796551749110222,0.02780715934932232,1966.8160784571721,0.1263272997359155,9,10.0,9,8,9
930,6010,12,f,WOMEN SAY THOSE THINGS BUT NEVER DO THEM,1.0,100.84033613445379,4.76,8,8,8,0,0,0,0,0.0,0.0,0.0,0.0,0.0,0,1.0,1.0,-0.6917067124293401,0.0,0.5325,0.05999999999999999,0.41999999999999993,0,0.6229248046875,0.5,0.032021310180425644,0.026144124567508698,1975.078885652509,0.1549781296781437,7,10.0,6,6,6
931,6010,12,f,THESE VISITED SHE RETURNED,0.75,58.63192182410423,3.07,4,3,3,1,0,0,0,0.25,0.0,0.0,0.0,0.25,-1,0.75,1.0,-0.8564453050494194,0.4246689711133017,0.7799999999999999,0.30999999999999994,0.6199999999999999,0,0.6891276041666666,0.3333333333333333,0.03261721506714821,0.02307412028312683,1969.4503728271582,0.1315131753177966,8,10.0,7,7,7
932,6010,12,f,IT IS SO NATURE IS MADE,1.0,138.46153846153845,2.6,6,6,6,0,0,0,0,0.0,0.0,0.0,0.0,0.0,0,1.0,1.0,-0.4863281071186066,0.0,0.43,0.0,0.0,0,0.8111165364583334,0.3333333333333333,0.044321220368146896,0.03187737986445427,1859.2764460108401,0.11678306502525253,8,10.0,8,7,7
933,6010,12,f,AS I COULD,1.0,195.65217391304347,0.92,3,3,3,0,0,0,0,0.0,0.0,0.0,0.0,0.0,0,1.0,1.0,-0.533203125,0.0,0.3066666666666667,0.0,0.0,0,0.8777669270833334,0.0,0.009035022929310799,0.015393184497952461,2215.4084049191692,0.14222301136363635,10,10.0,8,8,9
934,6010,12,f,SOME OF THE MEN WHERE TALKING AWAY THE TABLES,0.6666666666666666,109.7560975609756,4.92,9,9,6,0,3,0,0,0.0,0.3333333333333333,0.0,0.0,0.3333333333333333,0,1.0,1.0,-0.4417067307692308,0.6429381617898338,0.5377777777777778,0.0,0.0,0,0.8203938802083334,0.2222222222222222,0.04048285260796547,0.029807664453983307,1873.1733850900216,0.13952142792630057,8,10.0,6,7,7
935,6010,12,f,MY DAUGHTER YOU MUST RETURN TO YOUR PLACE,1.0,117.07317073170732,4.1,8,8,8,0,0,0,0,0.0,0.0,0.0,0.0,0.0,0,1.0,1.0,-0.3206129715992854,0.0,0.44999999999999996,0.05999999999999999,0.41999999999999993,0,0.96527099609375,0.0,0.060371704399585724,0.04261087626218796,2008.6684850782824,0.1505577548238255,8,10.0,7,7,7
936,6010,12,f,IT WAS MY LAST WEEK THERE,0.5,153.1914893617021,2.35,6,6,3,0,3,0,0,0.0,0.5,0.0,0.0,0.5,0,1.0,1.0,-0.6640625,0.514755885208607,0.37333333333333335,0.0,0.0,0,0.6498616536458334,0.5,0.06272151321172714,0.05206102877855301,2051.4080785635115,0.16376122007978725,8,10.0,9,8,8
937,6010,12,f,HE LOOKED AROUND HIM AND BEGAN,1.0,129.49640287769785,2.78,6,6,6,0,0,0,0,0.0,0.0,0.0,0.0,0.0,0,1.0,1.0,-0.38183594942092897,0.0,0.43333333333333335,0.0,0.0,0,0.9055989583333334,0.0,0.060096632689237595,0.047533392906188965,1952.2173290855712,0.11751916273584906,9,10.0,9,8,8
938,6010,12,f,THE OTHER HAVE ALL RETURN,0.6,136.36363636363637,2.2,5,5,3,0,2,0,0,0.0,0.4,0.0,0.0,0.4,0,1.0,1.0,-0.6410590277777778,0.5267343023043505,0.44000000000000006,0.0,0.0,0,0.70869140625,0.2,0.057909782975912094,0.04590130224823952,1783.0301279450366,0.12721604567307693,8,10.0,8,8,8
939,6010,12,f,AND HE WENT BACK FOR MORE,1.0,99.4475138121547,3.62,6,6,6,0,0,0,0,0.0,0.0,0.0,0.0,0.0,0,1.0,1.0,-0.4789062738418579,0.0,0.5800000000000001,0.0,0.0,0,0.8197428385416666,0.3333333333333333,0.054237138479948044,0.04605164751410484,1889.8790566169714,0.14096023787313433,9,10.0,8,7,9
940,6048,12,m,FOR THESE HE TOOK THE MONEY,0.8333333333333334,119.60132890365449,3.01,6,6,5,0,1,0,0,0.0,0.16666666666666666,0.0,0.0,0.16666666666666666,0,1.0,1.0,-0.3425070914355191,0.7099880845329782,0.3666666666666667,0.11999999999999997,0.5999999999999999,0,0.9217122395833334,0.0,0.04670672491192818,0.046885356307029724,2000.6852561788232,0.1353053042763158,8,10.0,8,7,7
941,6048,12,m,WHAT DID YOU NOT LET ASK KNOW,0.8571428571428571,163.4241245136187,2.57,7,7,6,0,1,0,0,0.0,0.14285714285714285,0.0,0.0,0.14285714285714285,0,1.0,1.0,-0.3410866585644809,0.7109972915320081,0.3514285714285714,0.0,0.0,0,0.9274553571428571,0.0,0.04666655510663986,0.036595407873392105,1533.6658141764703,0.105263671875,8,10.0,8,8,8
942,6048,12,m,IT OFTEN HAPPENS SO IN LIFE,1.0,112.14953271028038,3.21,6,6,6,0,0,0,0,0.0,0.0,0.0,0.0,0.0,0,1.0,1.0,-0.4054687589406967,0.0,0.49,0.0,0.0,0,0.908447265625,0.16666666666666666,0.03028605319559574,0.0273961890488863,2152.0104967269285,0.16455078125,9,10.0,8,8,8
943,6048,12,m,BUT YOU SIDE JUST NOW,0.8,126.05042016806723,2.38,5,5,4,0,1,0,0,0.0,0.2,0.0,0.0,0.2,0,1.0,1.0,-0.4042968712747097,0.6674459463252749,0.384,0.0,0.0,0,0.73642578125,0.4,0.03850170597434044,0.04045339673757553,2240.896441720182,0.1793185763888889,8,10.0,9,8,8
944,6048,12,m,WHAT IS THERE SUCH A PLACE,0.8333333333333334,148.14814814814815,2.43,6,6,5,0,1,0,0,0.0,0.16666666666666666,0.0,0.0,0.16666666666666666,0,1.0,1.0,-0.38476561903953554,0.6806101395697957,0.3866666666666667,0.0,0.0,0,0.8717041015625,0.16666666666666666,0.05782034993171692,0.04691203683614731,2134.839332388226,0.1629625822368421,9,10.0,9,9,9
945,6048,12,m,I HAD HIT HIM AT LEST,0.6666666666666666,140.07782101167317,2.57,6,6,4,0,2,0,0,0.0,0.3333333333333333,0.0,0.0,0.3333333333333333,0,1.0,1.0,-0.6316406428813934,0.5317187244591373,0.41,0.0,0.0,0,0.7466227213541666,0.16666666666666666,0.04174024239182472,0.040996767580509186,1894.5184558982169,0.13983154296875,8,10.0,8,7,7
946,6048,12,m,LET US GO SET SHOE,0.6,119.52191235059763,2.51,5,5,3,0,2,0,0,0.0,0.4,0.0,0.0,0.4,0,1.0,1.0,-0.8070312559604644,0.44618069826205964,0.368,0.06,0.24,0,0.701513671875,0.2,0.028909562155604362,0.030895018950104713,2343.476004162599,0.19823190789473685,8,10.0,8,8,8
947,6048,12,m,HE STOPPED IN HIS WALK AND LOOKED AROUND,1.0,120.0,4.0,8,8,8,0,0,0,0,0.0,0.0,0.0,0.0,0.0,0,1.0,1.0,-0.4902343650658925,0.0,0.4775,0.0,0.0,0,0.80859375,0.25,0.03600529208779335,0.03384950011968613,1816.317041264118,0.14606344288793102,8,10.0,7,7,8
948,6048,12,m,SHE CAME UP TO MY WITH MY SISTER,1.0,117.93611793611792,4.07,8,8,8,0,0,0,0,0.0,0.0,0.0,0.0,0.0,0,1.0,1.0,-0.29048296538266266,0.0,0.47500000000000003,0.0,0.0,0,0.845001220703125,0.125,0.027806242927908897,0.027012720704078674,2175.757624148889,0.18231491815476192,9,10.0,7,7,8
949,6048,12,m,SHE DID EVERYTHING SO WELL,1.0,107.14285714285715,2.8,5,5,5,0,0,0,0,0.0,0.0,0.0,0.0,0.0,0,1.0,1.0,-0.4761284722222222,0.0,0.5,0.0,0.0,0,0.8908203125,0.2,0.04624883830547333,0.038518037647008896,2083.3249239615025,0.16528087797619048,9,10.0,8,8,8
950,6048,12,m,HE THEN WENT AWAY,0.5,112.67605633802818,2.13,4,4,2,0,2,0,0,0.0,0.5,0.0,0.0,0.5,0,1.0,1.0,-0.6533202975988388,0.5203153038542528,0.46499999999999997,0.0,0.0,0,0.5034408569335938,0.75,0.027252810075879097,0.03171234950423241,1939.4801372125116,0.1421337341994382,8,10.0,9,8,8
951,6048,12,m,AND SO HER LIFE WAS ONE OF LOVE,1.0,121.2121212121212,3.96,8,8,8,0,0,0,0,0.0,0.0,0.0,0.0,0.0,0,1.0,1.0,-0.3323567782839139,0.0,0.47750000000000004,0.0,0.0,0,0.900634765625,0.125,0.03103925846517086,0.027840081602334976,1907.4020338055343,0.15409602171985815,8,10.0,8,7,7
952,6048,12,m,LITTLE BY LITTLE THE BOYS BEGAN TALKING AGAIN,1.0,111.36890951276102,4.31,8,8,8,0,0,0,0,0.0,0.0,0.0,0.0,0.0,0,1.0,1.0,-0.40624999083005464,0.0,0.44249999999999995,0.0942857142857143,0.6600000000000001,0,0.888763427734375,0.125,0.06448358297348022,0.054850224405527115,1801.8512425768627,0.11398335375816994,8,10.0,8,8,7
953,6048,12,m,SHE MAY BE PHONE,0.75,95.6175298804781,2.51,4,4,3,0,1,0,0,0.0,0.25,0.0,0.0,0.25,0,1.0,1.0,-0.5063476413488388,0.6026928141377076,0.37499999999999994,0.0,0.0,0,0.69769287109375,0.5,0.034646812826395035,0.04402435943484306,2022.9776605467614,0.13386797664141414,8,10.0,9,9,8
954,6048,12,m,SHE WENT BACK INTO THE LIE LIBRARY,0.8571428571428571,148.7603305785124,2.42,7,6,6,1,0,0,0,0.14285714285714285,0.0,0.0,0.0,0.14285714285714285,-1,0.8571428571428571,1.0,-0.42148436307907106,0.6560722472632016,0.38999999999999996,0.0,0.0,0,0.914306640625,0.0,0.05896850675344467,0.04847673699259758,1748.9638843044993,0.12649009967672414,8,10.0,8,8,8
955,6048,12,m,WHAT DID YOU WANT TO SEE ME ABOUT,1.0,143.28358208955225,3.35,8,8,8,0,0,0,0,0.0,0.0,0.0,0.0,0.0,0,1.0,1.0,-0.3305664137005806,0.0,0.3725,0.0,0.0,0,0.9456787109375,0.0,0.05218278244137764,0.04994127154350281,1801.7642714551232,0.1317351810515873,8,10.0,8,8,8
956,6048,12,m,WERE STAY AT NINE,0.5,102.12765957446808,2.35,4,4,2,0,2,0,0,0.0,0.5,0.0,0.0,0.5,0,1.0,1.0,-0.8967013888888888,0.4079129892804878,0.56,0.0,0.0,0,0.7022476196289062,0.5,0.03054238110780716,0.036613669246435165,2107.862689617315,0.16771941489361702,8,10.0,8,8,8
957,6048,12,m,DECIDE IT WHO CAN I CANNOT,1.0,129.9638989169675,2.77,6,6,6,0,0,0,0,0.0,0.0,0.0,0.0,0.0,0,1.0,1.0,-0.4176682784007146,0.0,0.35333333333333333,0.10800000000000001,0.32000000000000006,0,0.9023844401041666,0.0,0.026862742379307747,0.02555639110505581,1983.300584858647,0.14849468609234234,9,10.0,7,7,8
958,6048,12,m,HE KIT ME BY THE ARM,0.6666666666666666,81.08108108108108,3.7,6,5,4,1,1,0,0,0.16666666666666666,0.16666666666666666,0.0,0.0,0.3333333333333333,-1,0.8333333333333334,1.0,-0.6111111111111112,0.5427474811642219,0.724,0.0,0.0,0,0.8177978515625,0.2,0.04255017265677452,0.04333597421646118,1797.406440970329,0.11371851679104478,8,10.0,7,7,7
959,6048,12,m,FOURTEEN FEEL AWAY AND THAT LEFT ONE,0.7142857142857143,105.52763819095479,3.98,7,7,5,0,2,0,0,0.0,0.2857142857142857,0.0,0.0,0.2857142857142857,0,1.0,1.0,-0.39346591992811725,0.674714311497289,0.5571428571428572,0.0,0.0,0,0.8818359375,0.0,0.057133592665195465,0.04179956391453743,1609.7121769045705,0.11235316932624113,8,10.0,7,7,7
960,6121,11,f,HOW COULD SHE HAVE THOUGHT THEM,0.8333333333333334,173.9130434782609,2.07,6,6,5,0,1,0,0,0.0,0.16666666666666666,0.0,0.0,0.16666666666666666,0,1.0,1.0,-0.32773437201976774,0.7205543936952776,0.31,0.0,0.0,0,0.8540852864583334,0.16666666666666666,0.05411183834075928,0.04720595106482506,2099.877320031288,0.1667813387784091,9,10.0,10,8,9
961,6121,11,f,NOW IT CAME TO ME,1.0,180.72289156626508,1.66,5,5,5,0,0,0,0,0.0,0.0,0.0,0.0,0.0,0,1.0,1.0,-0.3177083333333333,0.0,0.304,0.0,0.0,0,0.9353515625,0.0,0.04203464835882187,0.045237261801958084,1781.2312775241944,0.09267446157094594,10,10.0,10,9,9
962,6121,11,f,BUT HE THOUGHT BETTER OF IT,1.0,196.7213114754098,1.83,6,6,6,0,0,0,0,0.0,0.0,0.0,0.0,0.0,0,1.0,1.0,-0.376171875,0.0,0.2866666666666667,0.0,0.0,0,0.8371988932291666,0.3333333333333333,0.04692929610610008,0.0411943718791008,2094.4447412362615,0.1578369140625,9,10.0,10,9,9
963,6121,11,f,THEY HAD NO ENOUGH SPORT FOR ONE DAY,1.0,173.91304347826087,2.76,8,8,8,0,0,0,0,0.0,0.0,0.0,0.0,0.0,0,1.0,1.0,-0.2731119816501935,0.0,0.32749999999999996,0.0,0.0,0,0.953857421875,0.0,0.07286278903484344,0.060192618519067764,1759.6683479431565,0.12032325114678899,9,10.0,9,9,9
964,6121,11,f,VERY WELL I HAVE NO MORE QUESTIONS TO ASK,1.0,151.68539325842696,3.56,9,9,9,0,0,0,0,0.0,0.0,0.0,0.0,0.0,0,1.0,1.0,-0.33342635205813814,0.0,0.3111111111111111,0.08499999999999999,0.6799999999999999,0,0.9589301215277778,0.0,0.05163991451263428,0.04930196329951286,1808.8098921917358,0.13657649483267717,9,10.0,10,9,9
965,6121,11,f,I TOOK MY HEAD IN MY HANDS AND THOUGHT,0.7777777777777778,161.19402985074626,3.35,9,9,7,0,2,0,0,0.0,0.2222222222222222,0.0,0.0,0.2222222222222222,0,1.0,1.0,-0.45172990432807375,0.6365260694457823,0.36000000000000004,0.0,0.0,0,0.8803982204861112,0.1111111111111111,0.04585888609290123,0.035376954823732376,2022.315597338199,0.15416370738636365,9,10.0,10,9,9
966,6121,11,f,AFTER A TIME HE TOOK UP HIS STORY,1.0,163.26530612244898,2.94,8,8,8,0,0,0,0,0.0,0.0,0.0,0.0,0.0,0,1.0,1.0,-0.31820913461538464,0.0,0.335,0.017142857142857126,0.11999999999999988,0,0.96490478515625,0.0,0.04198269173502922,0.032157279551029205,2269.5784943000644,0.1767157192887931,9,10.0,9,9,9
967,6121,11,f,WHAT MORE DID SHE SAY,1.0,186.33540372670808,1.61,5,5,5,0,0,0,0,0.0,0.0,0.0,0.0,0.0,0,1.0,1.0,-0.2834201388888889,0.0,0.30000000000000004,0.0,0.0,0,0.9294921875,0.0,0.06286587566137314,0.06978744268417358,1814.2885452004218,0.1271136558219178,10,10.0,10,9,9
968,6121,11,f,GOT THAT HAVE YOU,1.0,175.1824817518248,1.37,4,4,4,0,0,0,0,0.0,0.0,0.0,0.0,0.0,0,1.0,1.0,-0.3463541666666667,0.0,0.255,0.08,0.24,0,0.9459228515625,0.0,0.05022237449884415,0.054433710873126984,1626.4990516419898,0.09931344696969698,9,10.0,10,9,9
969,6121,11,f,HE DID IT FOR ME,1.0,211.26760563380282,1.42,5,5,5,0,0,0,0,0.0,0.0,0.0,0.0,0.0,0,1.0,1.0,-0.1365966834127903,0.0,0.256,0.0,0.0,0,0.884375,0.0,0.05011538416147232,0.05788898840546608,1667.156889244573,0.09097110523897059,10,10.0,10,9,9
970,6121,11,f,THAT MADE ALL THE DIFFERENCE,1.0,196.078431372549,1.53,5,5,5,0,0,0,0,0.0,0.0,0.0,0.0,0.0,0,1.0,1.0,-0.2301025316119194,0.0,0.284,0.0,0.0,0,0.932421875,0.0,0.06159365177154541,0.06133641302585602,1981.9116805602239,0.14224403782894737,9,10.0,10,10,9
971,6121,11,f,I PASS HALF MY LIFE IN THE WOODS,1.0,152.38095238095238,3.15,8,8,8,0,0,0,0,0.0,0.0,0.0,0.0,0.0,0,1.0,1.0,-0.4335937599341075,0.0,0.38,0.0,0.0,0,0.8668212890625,0.125,0.05180009827017784,0.0459798164665699,1981.1780056953633,0.1443407012195122,9,10.0,9,9,9
972,6121,11,f,DO I NEED TO TELL YOU THAT I WONDER,1.0,253.5211267605634,2.13,9,9,9,0,0,0,0,0.0,0.0,0.0,0.0,0.0,0,1.0,1.0,-0.3381696322134563,0.0,0.2111111111111111,0.015000000000000013,0.1200000000000001,0,0.9790581597222222,0.0,0.056117307394742966,0.044148046523332596,1608.908341854633,0.09427503360215053,10,10.0,10,9,9
973,6121,11,f,OF COURSE I KNOW THAT ALL THIS IS VERY SERIOUS,1.0,182.9268292682927,3.28,10,10,10,0,0,0,0,0.0,0.0,0.0,0.0,0.0,0,1.0,1.0,-0.3018229126930237,0.0,0.298,0.017777777777777767,0.15999999999999992,0,0.97080078125,0.0,0.05599035695195198,0.04407722130417824,2085.2921471164045,0.16797250600961539,9,10.0,10,9,9
974,6121,11,f,HISTORY IT IS NOT,1.0,105.26315789473685,2.28,4,4,4,0,0,0,0,0.0,0.0,0.0,0.0,0.0,0,1.0,1.0,-0.5638020833333334,0.0,0.43499999999999994,0.12000000000000004,0.3600000000000001,0,0.83837890625,0.25,0.03491220250725746,0.034938227385282516,1993.792068107743,0.13467824835526315,10,10.0,9,9,9
975,6121,11,f,THE PRETTY NURSE LOOKED QUITE SORRY,1.0,159.29203539823013,2.26,6,6,6,0,0,0,0,0.0,0.0,0.0,0.0,0.0,0,1.0,1.0,-0.5371093511581421,0.0,0.3633333333333333,0.0,0.0,0,0.8535970052083334,0.16666666666666666,0.05094681680202484,0.04509422555565834,1864.1671018235877,0.1349334716796875,10,10.0,10,10,10
976,6121,11,f,HE TOOK UP A BOOK,0.8,225.56390977443607,1.33,5,5,4,0,1,0,0,0.0,0.2,0.0,0.0,0.2,0,1.0,1.0,-0.254638671875,0.7751965476781935,0.244,0.0,0.0,0,0.9111328125,0.0,0.03384260833263397,0.03795706108212471,1751.8521437599911,0.10452133861940298,10,10.0,10,10,10
977,6121,11,f,MEN HOPED AND WERE AFRAID TO HOPE,1.0,140.93959731543626,2.98,7,7,7,0,0,0,0,0.0,0.0,0.0,0.0,0.0,0,1.0,1.0,-0.42862214825370093,0.0,0.40571428571428575,0.0,0.0,0,0.8822893415178571,0.14285714285714285,0.0589287132024765,0.053111713379621506,1628.8273573604572,0.10990611293859649,9,10.0,9,9,9
978,6121,11,f,AND DID YOU HEAR NOTHING,1.0,196.078431372549,1.53,5,5,5,0,0,0,0,0.0,0.0,0.0,0.0,0.0,0,1.0,1.0,-0.3270399305555556,0.0,0.28400000000000003,0.0,0.0,0,0.8931640625,0.0,0.05216439440846443,0.04810726270079613,1845.4837453309115,0.1024855522260274,8,10.0,10,9,8
979,6121,11,f,EVERYONE STARTED WITH SURPRISE,1.0,124.35233160621763,1.93,4,4,4,0,0,0,0,0.0,0.0,0.0,0.0,0.0,0,1.0,1.0,-0.4948730692267418,0.0,0.455,0.0,0.0,0,0.927734375,0.0,0.054884713143110275,0.05476082116365433,2124.766400730973,0.17085551167582416,9,10.0,10,9,9
980,6401,12,f,WHY BREAK EVERY TIE,0.25,98.76543209876543,2.43,4,4,1,0,3,0,0,0.0,0.75,0.0,0.0,0.75,0,1.0,1.0,-0.7934027777777778,0.4523030868316435,0.54,0.0,0.0,0,0.641510009765625,0.25,0.02106625773012638,0.021875819191336632,2389.0501325934324,0.16291300455729166,8,10.0,8,8,8
981,6401,12,f,THE CHILDREN PRESENTLY RETURNED,0.5,84.50704225352112,3.55,4,5,2,0,2,1,0,0.0,0.5,0.25,0.0,0.75,1,1.25,1.0,-0.579687488079071,0.560073368823184,0.6679999999999999,0.0,0.0,0,0.73896484375,0.2,0.019488774240016937,0.014159456826746464,2500.7873326357317,0.17729423415492956,7,10.0,6,7,6
982,6401,12,f,THE GIRL STOPED SHORT,0.25,114.06844106463879,2.63,4,5,1,0,3,1,0,0.0,0.75,0.25,0.0,1.0,1,1.25,1.0,-0.6662326388888888,0.5136400046896231,0.484,0.0,0.0,0,0.621484375,0.6,0.016703186556696892,0.017434876412153244,3099.8542352000336,0.2634705660635965,7,10.0,7,7,6
983,6401,12,f,OR WHY DID NOT JOB GO,0.3333333333333333,122.09302325581395,3.44,6,7,2,0,4,1,0,0.0,0.6666666666666666,0.16666666666666666,0.0,0.8333333333333334,1,1.1666666666666667,1.0,-0.8444010217984518,0.4298147307772056,0.3914285714285714,0.04999999999999997,0.2999999999999998,0,0.4931640625,0.7142857142857143,0.016680149361491203,0.016839439049363136,2126.2301966768814,0.1426714728860294,8,10.0,7,6,7
984,6401,12,f,THE HAND JUST WHERE HE WISHED,0.8333333333333334,125.74850299401199,3.34,6,7,5,0,1,1,0,0.0,0.16666666666666666,0.16666666666666666,0.0,0.3333333333333333,1,1.1666666666666667,1.0,-0.6140625178813934,0.5411479741327833,0.4342857142857143,0.0,0.0,0,0.7174595424107143,0.2857142857142857,0.02187095582485199,0.019563784822821617,2926.5233674607175,0.24558724930037312,8,10.0,6,6,7
985,6401,12,f,PROUD OLD FAMILIES I GUESS,0.8,109.48905109489051,2.74,5,5,4,0,1,0,0,0.0,0.2,0.0,0.0,0.2,0,1.0,1.0,-0.7886284722222222,0.45446768308220314,0.4000000000000001,0.08499999999999996,0.33999999999999986,0,0.6520751953125,0.4,0.01990637555718422,0.015470541082322598,2830.57441751404,0.22455005110981308,8,10.0,8,8,7
986,6401,12,f,CAMPED AT OUR OLD PLACE,1.0,107.9136690647482,2.78,5,5,5,0,0,0,0,0.0,0.0,0.0,0.0,0.0,0,1.0,1.0,-0.5781249940395355,0.0,0.4959999999999999,0.0,0.0,0,0.8241455078125,0.2,0.02159351110458374,0.016586868092417717,2784.3987452299684,0.23640290681306306,8,10.0,8,8,8
987,6401,12,f,AND THEN MY AUNT USE TO CRY,0.7142857142857143,103.70370370370372,4.05,7,7,5,0,2,0,0,0.0,0.2857142857142857,0.0,0.0,0.2857142857142857,0,1.0,1.0,-0.55646305734461,0.5732329746702243,0.5485714285714286,0.0,0.0,0,0.7582659040178571,0.42857142857142855,0.019324995577335358,0.01603304035961628,2621.316746248828,0.20511516702586208,8,10.0,7,7,7
988,6401,12,f,SHE STAMPS HER FOOT,0.75,84.80565371024734,2.83,4,4,3,0,1,0,0,0.0,0.25,0.0,0.0,0.25,0,1.0,1.0,-0.640625,0.5269629692433709,0.655,0.0,0.0,0,0.699005126953125,0.5,0.012647698633372784,0.011511383578181267,3094.7641823511285,0.2788586738782051,8,10.0,7,7,7
989,6401,12,f,OUR TRIP BEGAN BADLY,0.75,90.22556390977444,2.66,4,4,3,0,1,0,0,0.0,0.25,0.0,0.0,0.25,0,1.0,1.0,-0.6684570237994194,0.5124987413887496,0.665,0.0,0.0,0,0.805419921875,0.0,0.019374003633856773,0.016001133248209953,2154.4428822225595,0.14550337357954546,8,10.0,7,7,8
990,6401,12,f,WOULD SHE WIN HIM,0.25,161.29032258064515,1.86,4,5,1,0,3,1,0,0.0,0.75,0.25,0.0,1.0,1,1.25,1.0,-0.8993055555555556,0.4068520978395194,0.30400000000000005,0.0,0.0,0,0.48134765625,0.8,0.013094422407448292,0.012343553826212883,2329.6988018701495,0.15965073529411763,9,10.0,7,6,8
991,6401,12,f,KNOWING CAME BY SEEING,0.5,109.48905109489051,2.74,4,5,2,0,2,1,0,0.0,0.5,0.25,0.0,0.75,1,1.25,1.0,-1.1502465142144098,0.3165587235346967,0.42400000000000004,0.0,0.0,0,0.36202392578125,0.8,0.018651321530342102,0.013630963861942291,1781.1503762080413,0.10311650815217391,7,10.0,8,6,7
992,6401,12,f,PRESENTLY THE SNOW CAME,0.0,84.985835694051,3.53,4,5,0,0,4,1,0,0.0,1.0,0.25,0.0,1.25,1,1.25,1.0,-1.0453125357627868,0.3515819202816252,0.632,0.0,0.0,0,0.4137603759765625,0.8,0.027795536443591118,0.015320898033678532,1946.5682085207702,0.13729383680555557,7,10.0,7,6,7
993,6401,12,f,LIVELY NOW LIVELY MEN,0.25,94.11764705882354,2.55,4,4,1,0,3,0,0,0.0,0.75,0.0,0.0,0.75,0,1.0,1.0,-0.7193509615384616,0.4870682794399331,0.34499999999999986,0.11333333333333344,0.20000000000000018,0,0.6561126708984375,0.5,0.018189985305070877,0.014797007665038109,2308.6054890464284,0.15909677181603774,7,10.0,7,6,6
994,6401,12,f,THREE MEN IN RED COAT CAME,0.8333333333333334,108.76132930513594,3.31,6,6,5,0,1,0,0,0.0,0.16666666666666666,0.0,0.0,0.16666666666666666,0,1.0,1.0,-0.9117187857627869,0.4018329653611502,0.5166666666666667,0.0,0.0,0,0.6394805908203125,0.5,0.01793433167040348,0.013519235886633396,2473.9636731954897,0.17788816437007873,8,10.0,8,7,7
995,6401,12,f,THE BOX WAS LARGE AND IMPORTANT NEAR THE STAGE,0.6666666666666666,108.87096774193549,4.96,9,9,6,1,2,1,0,0.1111111111111111,0.2222222222222222,0.1111111111111111,0.0,0.4444444444444444,0,1.0,1.0,-0.7014508843421936,0.495865338369152,0.5133333333333332,0.0,0.0,0,0.6294080946180556,0.5555555555555556,0.01735731214284897,0.012118938378989697,2514.659087009033,0.1677099342554645,6,10.0,7,6,5
996,6401,12,f,I WENT TO THE SEA WORLD TO SEE BEAUTIFUL FISHES,0.7,124.48132780082986,4.82,10,10,7,0,3,0,0,0.0,0.3,0.0,0.0,0.3,0,1.0,1.0,-0.5822916428248087,0.5586167485572782,0.458,0.0,0.0,0,0.7545867919921875,0.3,0.01946331188082695,0.011648631654679775,2861.593277442208,0.23389769136235955,7,10.0,7,7,7
997,6401,12,f,ALL MEN JUMPPED THEIR HANDS,0.6,118.81188118811882,3.03,5,6,3,0,2,1,0,0.0,0.4,0.2,0.0,0.6,1,1.2,1.0,-0.76953125,0.463230156563083,0.45999999999999996,0.0,0.0,0,0.6692708333333334,0.5,0.021992361173033714,0.01656407304108143,2180.9374343096265,0.14046875,8,10.0,8,8,8
998,6401,12,f,AN EXAMPLE MUST BE MADE,0.8,92.54498714652955,3.89,5,6,4,0,1,1,0,0.0,0.2,0.2,0.0,0.4,1,1.2,1.0,-0.5046875059604645,0.6036941967921792,0.5766666666666667,0.0,0.0,0,0.7828776041666666,0.16666666666666666,0.016187410801649094,0.015366926789283752,2508.726682162913,0.19097900390625,8,10.0,7,7,7
999,6401,12,f,MINUTE AFTER MINUTE WENT BY,0.6,93.75,3.2,5,5,3,0,2,0,0,0.0,0.4,0.0,0.0,0.4,0,1.0,1.0,-0.6066406309604645,0.5451792545529589,0.5920000000000001,0.0,0.0,0,0.8019287109375,0.0,0.016185510903596878,0.012906922958791256,2234.0135860923356,0.12007352007113821,7,10.0,7,7,6
1000,6504,12,m,WE CANNOT TAKE FROM THEM WHAT THEY HAVE NOT GOT,1.0,150.75376884422113,3.98,10,10,10,0,0,0,0,0.0,0.0,0.0,0.0,0.0,0,1.0,1.0,-0.24519230769230768,0.0,0.364,0.0,0.0,0,0.93671875,0.0,0.015361343510448933,0.012749949470162392,2125.1246916643126,0.14767476000816993,9,10.0,8,8,8
1001,6504,12,m,THEN SHE TURNED AND WENT,1.0,133.33333333333334,2.25,5,5,5,0,0,0,0,0.0,0.0,0.0,0.0,0.0,0,1.0,1.0,-0.5253906026482582,0.0,0.40800000000000003,0.0,0.0,0,0.783935546875,0.2,0.01908213272690773,0.018459497019648552,2090.994657555708,0.139814453125,9,10.0,7,7,8
1002,6504,12,m,THERE IS ALREADY A PRETTY LARGER COLLECTION,1.0,114.44141689373296,3.67,7,7,7,0,0,0,0,0.0,0.0,0.0,0.0,0.0,0,1.0,1.0,-0.4240056872367859,0.0,0.4857142857142857,0.0,0.0,0,0.8636300223214286,0.14285714285714285,0.02598186582326889,0.01987253502011299,1968.5313817398307,0.1321856992464539,8,10.0,7,7,8
1003,6504,12,m,I DID NOT GO NEAR THE TREE,1.0,163.4241245136187,2.57,7,7,7,0,0,0,0,0.0,0.0,0.0,0.0,0.0,0,1.0,1.0,-0.39595170454545453,0.0,0.33714285714285713,0.0,0.0,0,0.9613560267857143,0.0,0.02083992399275303,0.018194565549492836,2018.740116857981,0.14150487314356436,8,10.0,8,8,8
1004,6504,12,m,I DO NOT WONDER AT HER FLYING FROM HIM,1.0,147.54098360655738,3.66,9,9,9,0,0,0,0,0.0,0.0,0.0,0.0,0.0,0,1.0,1.0,-0.36929085621467006,0.0,0.38000000000000006,0.0,0.0,0,0.9104817708333334,0.1111111111111111,0.02373260259628296,0.01825239695608616,1766.949461145486,0.11400615985576923,8,10.0,8,8,8
1005,6504,12,m,FOR YEARS THIS WENT ON,0.8,119.52191235059763,2.51,5,5,4,0,1,0,0,0.0,0.2,0.0,0.0,0.2,0,1.0,1.0,-0.341796875,0.7104925088436513,0.41600000000000004,0.0,0.0,0,0.7216796875,0.4,0.02733226679265499,0.02826055698096752,2029.7836416582004,0.15401443780637256,8,10.0,8,8,8
1006,6504,12,m,YOUR MOTHER WILL RIDE HOME WITH ME,1.0,149.46619217081852,2.81,7,7,7,0,0,0,0,0.0,0.0,0.0,0.0,0.0,0,1.0,1.0,-0.5031960118900646,0.0,0.37142857142857144,0.0,0.0,0,0.8634207589285714,0.14285714285714285,0.03369107097387314,0.02747965231537819,1571.383734917927,0.10001013413915094,8,10.0,8,8,8
1007,6504,12,m,SHE WENT OUT WITH DIRTY CAPS,1.0,126.3157894736842,2.85,6,6,6,0,0,0,0,0.0,0.0,0.0,0.0,0.0,0,1.0,1.0,-0.49335935711860657,0.0,0.4133333333333334,0.0,0.0,0,0.8301595052083334,0.16666666666666666,0.03136260434985161,0.02990254946053028,2416.373830234676,0.19818060247747749,8,10.0,9,8,8
1008,6504,12,m,YOU MUST DECIDE FOR YOURSELF,1.0,129.87012987012986,2.31,5,5,5,0,0,0,0,0.0,0.0,0.0,0.0,0.0,0,1.0,1.0,-0.4320746527777778,0.0,0.42000000000000004,0.0,0.0,0,0.915625,0.0,0.034357208758592606,0.03110957331955433,1989.7305470553335,0.14310201009114584,8,10.0,8,8,8
1009,6504,12,m,SO THEY WENT INTO THE LIBRARY,1.0,133.33333333333331,2.7,6,6,6,0,0,0,0,0.0,0.0,0.0,0.0,0.0,0,1.0,1.0,-0.4808593511581421,0.0,0.39333333333333337,0.0,0.0,0,0.8486328125,0.16666666666666666,0.041761040687561035,0.03864666447043419,1914.0759156494016,0.13915575731981983,10,10.0,9,9,9
1010,6504,12,m,YOU FOLLOW MY MEANING,1.0,118.81188118811882,2.02,4,4,4,0,0,0,0,0.0,0.0,0.0,0.0,0.0,0,1.0,1.0,-0.40485490219933645,0.0,0.46,0.0,0.0,0,0.8468017578125,0.25,0.05225822702050209,0.05121266096830368,1546.1993265142953,0.08877738864942529,9,10.0,8,7,8
1011,6504,12,m,HOW ON EARTH DID HE GET THERE,1.0,162.7906976744186,2.58,7,7,7,0,0,0,0,0.0,0.0,0.0,0.0,0.0,0,1.0,1.0,-0.39169035174629907,0.0,0.32,0.0,0.0,0,0.9229910714285714,0.0,0.05115480348467827,0.057550396770238876,1970.9498563679729,0.13593655188106796,9,10.0,8,8,8
1012,6504,12,m,THIS IS BECAUSE THEY EAT MEN,0.8333333333333334,139.53488372093022,2.58,6,6,5,0,1,0,0,0.0,0.16666666666666666,0.0,0.0,0.16666666666666666,0,1.0,1.0,-0.481640625,0.6177690326230013,0.38999999999999996,0.0,0.0,0,0.8528645833333334,0.16666666666666666,0.04218338802456856,0.043843016028404236,2234.508427938919,0.15354753248762376,8,10.0,8,8,8
1013,6504,12,m,I ASK FOR THE LAST TIME,1.0,155.84415584415584,2.31,6,6,6,0,0,0,0,0.0,0.0,0.0,0.0,0.0,0,1.0,1.0,-0.4203125059604645,0.0,0.34,0.0,0.0,0,0.9326171875,0.0,0.05131494253873825,0.05840359628200531,2019.0169549865177,0.1495888157894737,9,10.0,8,8,8
1014,6504,12,m,I WENT UP TO HIM,1.0,173.41040462427748,1.73,5,5,5,0,0,0,0,0.0,0.0,0.0,0.0,0.0,0,1.0,1.0,-0.314453125,0.0,0.292,0.0,0.0,0,0.9345703125,0.0,0.0424114465713501,0.04621331766247749,1817.6759962547094,0.09557942708333333,9,10.0,9,8,8
1015,6504,12,m,I TOOK THE BOOK FROM HER,1.0,171.42857142857142,2.1,6,6,6,0,0,0,0,0.0,0.0,0.0,0.0,0.0,0,1.0,1.0,-0.25214843451976776,0.0,0.31,0.0,0.0,0,0.9681803385416666,0.0,0.036666370928287506,0.04174407944083214,1825.1778070312766,0.11702658913352272,9,10.0,9,9,9
1016,6504,12,m,WITH THAT FOR A START ALL MAY BE LEARNED,0.5555555555555556,154.28571428571428,3.5,9,9,5,0,4,0,0,0.0,0.4444444444444444,0.0,0.0,0.4444444444444444,0,1.0,1.0,-0.7791666428248087,0.45878818646598385,0.32666666666666666,0.03999999999999998,0.31999999999999984,0,0.6404554578993056,0.4444444444444444,0.03795042634010315,0.04303359612822533,2047.6901853219658,0.1360358905075188,8,10.0,8,8,8
1017,6504,12,m,SHE HAD TO CHOOSE WHAT TO SAY,1.0,154.98154981549814,2.71,7,7,7,0,0,0,0,0.0,0.0,0.0,0.0,0.0,0,1.0,1.0,-0.31605113636363635,0.0,0.33428571428571424,0.0,0.0,0,0.9491489955357143,0.0,0.03269062936306,0.029971448704600334,2139.2322048353294,0.1547943691037736,9,10.0,8,8,8
1018,6504,12,m,SHE DID NOT KNOW WHAT TO SAY,1.0,180.25751072961373,2.33,7,7,7,0,0,0,0,0.0,0.0,0.0,0.0,0.0,0,1.0,1.0,-0.3290127895095132,0.0,0.2942857142857143,0.0,0.0,0,0.958984375,0.0,0.040267009288072586,0.03916061297059059,2217.50142221912,0.17142783717105264,9,10.0,9,9,9
1019,6504,12,m,HE MADE IT HIS HOME,0.8,145.63106796116506,2.06,5,5,4,0,1,0,0,0.0,0.2,0.0,0.0,0.2,0,1.0,1.0,-0.33027343153953553,0.7187271838813329,0.332,0.03999999999999998,0.15999999999999992,0,0.74921875,0.2,0.03706657513976097,0.036915380507707596,2138.730694191551,0.1518157249273256,9,10.0,9,8,8
1020,6912,12,m,AND SHE TURNED AND WENT AWAY WITHOUT A WORD,1.0,161.19402985074626,3.35,9,9,9,0,0,0,0,0.0,0.0,0.0,0.0,0.0,0,1.0,1.0,-0.3362379807692308,0.0,0.3422222222222222,0.0,0.0,0,0.9255099826388888,0.1111111111111111,0.01646568812429905,0.011890201829373837,2255.6624887249795,0.18041031003937008,9,10.0,9,8,8
1021,6912,12,m,WE ENTERED THE ROOM,0.75,104.89510489510491,2.86,4,5,3,0,1,1,0,0.0,0.25,0.25,0.0,0.5,1,1.25,1.0,-0.43359375,0.648175523311798,0.492,0.0,0.0,0,0.9162109375,0.0,0.01610691100358963,0.017497530207037926,1981.6385369198365,0.13556502350663716,4,10.0,7,7,4
1022,6912,12,m,AFTER ALL WHAT DID IT MATTER,1.0,153.84615384615384,2.34,6,6,6,0,0,0,0,0.0,0.0,0.0,0.0,0.0,0,1.0,1.0,-0.3508522835644809,0.0,0.3133333333333333,0.023999999999999976,0.11999999999999988,0,0.9581705729166666,0.0,0.01701059192419052,0.017086206004023552,2292.094747897852,0.19297572544642858,9,10.0,9,9,9
1023,6912,12,m,BUT IT DID NOT COME,0.8,223.40425531914894,1.88,5,7,4,0,1,2,0,0.0,0.2,0.4,0.0,0.6,2,1.4,1.0,-0.5500710010528564,0.576908847790715,0.26857142857142857,0.0,0.0,0,0.7555454799107143,0.2857142857142857,0.017956456169486046,0.01903838850557804,2558.4150479555155,0.2245335254854369,9,10.0,7,7,8
1024,6912,12,m,AND THEN WHAT DID SHE DO,1.0,188.48167539267016,1.91,6,6,6,0,0,0,0,0.0,0.0,0.0,0.0,0.0,0,1.0,1.0,-0.3742897781458768,0.0,0.25333333333333335,0.023999999999999976,0.11999999999999988,0,0.8720296223958334,0.16666666666666666,0.02445155382156372,0.019138075411319733,2022.084004824234,0.16063835047468356,8,10.0,9,9,8
1025,6912,12,m,THEY DID NOT SEE THEM ANY MORE,0.7142857142857143,127.65957446808511,2.82,7,6,5,1,1,0,0,0.14285714285714285,0.14285714285714285,0.0,0.0,0.2857142857142857,-1,0.8571428571428571,1.0,-0.580468761920929,0.5596359690373554,0.41999999999999993,0.0,0.0,0,0.7778727213541666,0.16666666666666666,0.01957758516073227,0.013826979324221611,2108.147473154354,0.1685238047542735,7,10.0,7,7,7
1026,6912,12,m,HOW WELL DID I KNOW HER,1.0,141.1764705882353,2.55,6,6,6,0,0,0,0,0.0,0.0,0.0,0.0,0.0,0,1.0,1.0,-0.40039061307907103,0.0,0.3633333333333333,0.0,0.0,0,0.9573567708333334,0.0,0.014225367456674576,0.01564672589302063,2054.481434713,0.16915115655637256,9,10.0,8,8,8
1027,6912,12,m,IT TURNED US TO SILK,0.6,141.50943396226415,2.12,5,5,3,0,2,0,0,0.0,0.4,0.0,0.0,0.4,0,1.0,1.0,-0.621484351158142,0.5371465314786505,0.376,0.0,0.0,0,0.56217041015625,0.6,0.007057755254209042,0.006027316674590111,3257.7527174808606,0.32405416081460675,6,10.0,8,8,6
1028,6912,12,m,MY FRIENDS FOUND WATER,0.75,122.44897959183675,1.96,4,4,3,0,1,0,0,0.0,0.25,0.0,0.0,0.25,0,1.0,1.0,-0.4025878868997097,0.6685875762547013,0.38999999999999996,0.0,0.0,0,0.82373046875,0.0,0.01111046876758337,0.009872360154986382,2953.7081237295924,0.31020123771067415,8,10.0,8,8,8
1029,6912,12,m,SO PRETTY AND SO YOUNG,1.0,147.7832512315271,2.03,5,5,5,0,0,0,0,0.0,0.0,0.0,0.0,0.0,0,1.0,1.0,-0.2454833909869194,0.0,0.352,0.0,0.0,0,0.9015625,0.0,0.009942089207470417,0.008433900773525238,2528.714947401042,0.22420247395833334,9,10.0,9,8,8
1030,6912,12,m,TOGETHER THEY HELD HIM UP,0.8,94.9367088607595,3.16,5,5,4,0,1,0,0,0.0,0.2,0.0,0.0,0.2,0,1.0,1.0,-0.5234374880790711,0.5924803991762845,0.4720000000000001,0.11499999999999999,0.45999999999999996,0,0.85146484375,0.2,0.009467031806707382,0.009108797647058964,2432.6445862923583,0.20999376313025211,8,10.0,8,8,8
1031,6912,12,m,I GOT UP AND CROSSED THE ROOM TO HIM,0.8888888888888888,142.85714285714286,3.78,9,9,8,0,1,0,0,0.0,0.1111111111111111,0.0,0.0,0.1111111111111111,0,1.0,1.0,-0.5041852678571429,0.6039974711721621,0.38666666666666666,0.0,0.0,0,0.9028761121961806,0.1111111111111111,0.011994804255664349,0.00929343607276678,2193.1487666485373,0.17778037250905798,8,10.0,7,8,7
1032,6912,12,m,SHE WANTED TO QUESTION HIM,1.0,85.71428571428571,3.5,5,5,5,0,0,0,0,0.0,0.0,0.0,0.0,0.0,0,1.0,1.0,-0.4082031324505806,0.0,0.6319999999999999,0.0,0.0,0,0.93740234375,0.0,0.008621754124760628,0.00874051172286272,2494.567747753305,0.2090291030534351,8,10.0,7,8,7
1033,6912,12,m,THEN I TOOK HIS CHILD THERE,0.6666666666666666,154.50643776824032,2.33,6,6,4,0,2,0,0,0.0,0.3333333333333333,0.0,0.0,0.3333333333333333,0,1.0,1.0,-0.5905539881099354,0.5540202790563508,0.3433333333333333,0.0,0.0,0,0.750152587890625,0.16666666666666666,0.010391214862465858,0.008684289641678333,2728.434663736918,0.248818359375,8,10.0,8,8,8
1034,6912,12,m,I WOULD NOT MYSELF SAY THAT IT IS SO,1.0,172.52396166134184,3.13,9,9,9,0,0,0,0,0.0,0.0,0.0,0.0,0.0,0,1.0,1.0,-0.30453726878532994,0.0,0.31777777777777777,0.0,0.0,0,0.9554036458333334,0.0,0.027567224577069283,0.023638349026441574,2296.9565828897307,0.2096927830430328,8,10.0,8,8,8
1035,6912,12,m,DID I PLEASE YOU,1.0,146.34146341463415,1.64,4,4,4,0,0,0,0,0.0,0.0,0.0,0.0,0.0,0,1.0,1.0,-0.2927246205508709,0.0,0.33499999999999996,0.0,0.0,0,0.8831787109375,0.0,0.019406771287322044,0.017889495939016342,2221.757048796848,0.15728363433441558,9,10.0,9,9,9
1036,6912,12,m,HE STOOD AWAY FROM HER IN HIS SHAME,1.0,130.43478260869566,3.68,8,8,8,0,0,0,0,0.0,0.0,0.0,0.0,0.0,0,1.0,1.0,-0.4567057341337204,0.0,0.42250000000000004,0.0,0.0,0,0.860595703125,0.125,0.026340024545788765,0.025584260001778603,2542.2374366873764,0.233253368432971,8,10.0,7,8,7
1037,6912,12,m,SHE HELD HER HAND TO HIM,0.8333333333333334,105.57184750733138,3.41,6,6,5,0,1,0,0,0.0,0.16666666666666666,0.0,0.0,0.16666666666666666,0,1.0,1.0,-0.4386718779802322,0.64489234829759,0.5233333333333333,0.0,0.0,0,0.9287109375,0.0,0.021850867196917534,0.01946566067636013,2368.129673068239,0.1967158280019685,8,10.0,7,7,7
1038,6912,12,m,SHE MADE ME BETTER LAST NIGHT,1.0,149.37759336099583,2.41,6,6,6,0,0,0,0,0.0,0.0,0.0,0.0,0.0,0,1.0,1.0,-0.3491753472222222,0.0,0.34,0.0,0.0,0,0.955810546875,0.0,0.018368491902947426,0.016476135700941086,2360.7015872631932,0.17517919447815533,8,10.0,8,8,8
1039,6912,12,m,BUT WE HAVE LOST THE BEST OF MEN,0.875,157.89473684210526,3.04,8,8,7,0,1,0,0,0.0,0.125,0.0,0.0,0.125,0,1.0,1.0,-0.3753255282839139,0.6870655831031071,0.34249999999999997,0.0,0.0,0,0.8807373046875,0.125,0.029449570924043655,0.02496490254998207,2110.0635612464416,0.18371895032051283,8,10.0,8,8,8
1040,7551,13,f,I SHALL END BY FALLING IN LOVE WITH HER,1.0,165.13761467889907,3.27,9,9,9,0,0,0,0,0.0,0.0,0.0,0.0,0.0,0,1.0,1.0,-0.2844050480769231,0.0,0.3155555555555556,0.0,0.0,0,0.9514431423611112,0.0,0.030323857441544533,0.026608383283019066,2084.6778396332124,0.15462764616935484,9,10.0,8,8,8
1041,7551,13,f,IT LOOKED LIKE ONE OF ALARM TO ME,0.875,108.43373493975903,4.98,8,9,7,0,1,1,0,0.0,0.125,0.125,0.0,0.25,1,1.125,1.0,-0.49939903846153844,0.6068952708586827,0.5333333333333334,0.0,0.0,0,0.7575412326388888,0.2222222222222222,0.04614276438951492,0.04731613025069237,2020.51025691458,0.1578684603230337,8,10.0,7,7,7
1042,7551,13,f,YOU SAY YOU ARE A BUSINESS MAN,1.0,173.55371900826447,2.42,7,7,7,0,0,0,0,0.0,0.0,0.0,0.0,0.0,0,1.0,1.0,-0.5312500216744163,0.0,0.3114285714285714,0.0,0.0,0,0.8574916294642857,0.0,0.06227009743452072,0.05620623752474785,2303.079829377781,0.18360916940789473,9,10.0,8,8,8
1043,7551,13,f,WE WISH ALL MAY TAKE WORRYING BY BUS,0.875,147.94520547945206,3.65,8,9,7,0,1,1,0,0.0,0.125,0.125,0.0,0.25,1,1.125,1.0,-0.36448318224686843,0.6945555167574581,0.37555555555555553,0.0,0.0,0,0.8727213541666666,0.0,0.05148090794682503,0.0457826592028141,2049.1864851132,0.1633579799107143,9,10.0,9,8,9
1044,7551,13,f,IF SO HAD YOU NOT BETTER SHOW IT,0.75,129.1866028708134,4.18,8,9,6,0,2,1,0,0.0,0.25,0.125,0.0,0.375,1,1.125,1.0,-0.3928571471146175,0.675125184278408,0.35777777777777775,0.07,0.56,0,0.8257649739583334,0.1111111111111111,0.030878061428666115,0.02560207061469555,2338.403848717859,0.1960167518028846,8,10.0,8,7,7
1045,7551,13,f,NOT ANYONE BUT YOU,1.0,125.0,1.92,4,4,4,0,0,0,0,0.0,0.0,0.0,0.0,0.0,0,1.0,1.0,-0.4304199293255806,0.0,0.40499999999999997,0.0,0.0,0,0.8800048828125,0.0,0.03452504798769951,0.043333183974027634,2199.899522080963,0.1580031061746988,9,10.0,9,8,8
1046,7551,13,f,HE CAN STILL BE SAVED,1.0,139.53488372093022,2.15,5,5,5,0,0,0,0,0.0,0.0,0.0,0.0,0.0,0,1.0,1.0,-0.3576388888888889,0.0,0.376,0.0,0.0,0,0.91123046875,0.2,0.029965149238705635,0.028469031676650047,2845.281611306418,0.24079078851744187,9,10.0,9,9,9
1047,7551,13,f,IS THERE ANYTHING MORE BEFORE I GO OUT,1.0,160.0,3.0,8,8,8,0,0,0,0,0.0,0.0,0.0,0.0,0.0,0,1.0,1.0,-0.4329426983992259,0.0,0.34500000000000003,0.0,0.0,0,0.84771728515625,0.25,0.04555806517601013,0.036127179861068726,1939.3866503262905,0.15391351368801653,9,10.0,9,9,9
1048,7551,13,f,HE PUT IT BACK IN HIS POCKET,0.8571428571428571,180.25751072961373,2.33,7,7,6,0,1,0,0,0.0,0.14285714285714285,0.0,0.0,0.14285714285714285,0,1.0,1.0,-0.3913352164355191,0.6761534602925188,0.3028571428571429,0.0,0.0,0,0.9289202008928571,0.0,0.02826853096485138,0.027161797508597374,2602.033351914249,0.2271313713592233,9,10.0,9,8,9
1049,7551,13,f,I COULD NEVER APPEAR BRIGHT BEFORE THE WORLD AGAIN,1.0,119.20529801324504,4.53,9,9,9,0,0,0,0,0.0,0.0,0.0,0.0,0.0,0,1.0,1.0,-0.40024038461538464,0.0,0.47333333333333333,0.0,0.0,0,0.8129611545138888,0.2222222222222222,0.04327407479286194,0.03945168852806091,1775.53371489396,0.13099597749255953,8,10.0,7,8,7
1050,7551,13,f,TO BEEN THING I HAVE MADE UP MY MIND,0.7777777777777778,171.9745222929936,3.14,9,9,7,0,2,0,0,0.0,0.2222222222222222,0.0,0.0,0.2222222222222222,0,1.0,1.0,-0.39704241710049765,0.6723055077775507,0.28444444444444444,0.03,0.24,0,0.8654649522569444,0.1111111111111111,0.03325619548559189,0.031208761036396027,2070.285270576378,0.14885657603346455,8,10.0,8,7,7
1051,7551,13,f,AT NIGHT I DREAM MY HANDS,0.8333333333333334,150.0,2.4,6,6,5,0,1,0,0,0.0,0.16666666666666666,0.0,0.0,0.16666666666666666,0,1.0,1.0,-0.6090198863636364,0.5438836757334936,0.3133333333333333,0.05600000000000001,0.28,0,0.7471110026041666,0.3333333333333333,0.03445280343294144,0.03290128335356712,2429.543274576325,0.20105698529411764,8,10.0,8,8,7
1052,7551,13,f,WHEN IS THERE LETTER TO GO I WONDER,0.75,164.38356164383563,2.92,8,8,6,0,2,0,0,0.0,0.25,0.0,0.0,0.25,0,1.0,1.0,-0.4765625183398907,0.6209141084185988,0.31249999999999994,0.025714285714285738,0.18000000000000016,0,0.81085205078125,0.0,0.05080921947956085,0.040798697620630264,1976.398211603103,0.15516910389957264,8,10.0,8,8,7
1053,7551,13,f,HE SPENDS A LOT OF TIME RUSHING ABOUT IN IT,1.0,178.57142857142856,3.36,10,10,10,0,0,0,0,0.0,0.0,0.0,0.0,0.0,0,1.0,1.0,-0.2483258992433548,0.0,0.31199999999999994,0.0,0.0,0,0.9501953125,0.0,0.04172581434249878,0.03064923919737339,2408.2183661619833,0.20927883468511452,8,10.0,8,8,8
1054,7551,13,f,BUT THERE WAS SOMEONE ELSE,1.0,142.85714285714283,2.1,5,5,5,0,0,0,0,0.0,0.0,0.0,0.0,0.0,0,1.0,1.0,-0.4207899305555556,0.0,0.372,0.0,0.0,0,0.872607421875,0.2,0.06545883417129517,0.05233987793326378,2227.924256306389,0.18094844608516483,8,10.0,8,8,8
1055,7551,13,f,THE WATER WAS WRONG AND WE HAD GREAT FUN,0.8888888888888888,189.27444794952683,3.17,9,10,8,0,1,1,0,0.0,0.1111111111111111,0.1111111111111111,0.0,0.2222222222222222,1,1.1111111111111112,1.0,-0.4087611564568111,0.664472918437078,0.29,0.0,0.0,0,0.8701171875,0.1,0.046292174607515335,0.0394912026822567,1762.3652998082896,0.129713326446281,8,10.0,8,8,8
1056,7551,13,f,SHE WAS BETWEEN SIXTEEN AND SEVENTEEN YEARS OLD,0.75,135.59322033898303,3.54,8,8,6,0,2,0,0,0.0,0.25,0.0,0.0,0.25,0,1.0,1.0,-0.3766275967160861,0.6861715588631961,0.3925,0.0,0.0,0,0.95770263671875,0.0,0.0450810007750988,0.03148869425058365,2402.618680210573,0.20353379360465115,8,10.0,9,9,8
1057,7551,13,f,NOTHING WILL PUT AN END OF TO HIM,1.0,174.19354838709677,3.1,8,9,8,0,0,1,0,0.0,0.0,0.125,0.0,0.125,1,1.125,1.0,-0.42758414378532994,0.6520825309951394,0.30000000000000004,0.0,0.0,0,0.7890625,0.1111111111111111,0.0280758049339056,0.021600624546408653,2640.4354048382565,0.22882746848739496,8,10.0,8,8,8
1058,7551,13,f,I THINK I CAN GUESSED AT THE PERSON,0.875,167.2473867595819,2.87,8,8,7,0,1,0,0,0.0,0.125,0.0,0.0,0.125,0,1.0,1.0,-0.4869791666666667,0.6144798344744993,0.325,0.0,0.0,0,0.81402587890625,0.25,0.017401373013854027,0.013980102725327015,2745.8500338647323,0.2373133296460177,8,10.0,8,8,8
1059,7551,13,f,I HUNT ALL OVER THE TOWN TO FIND IT,1.0,184.93150684931507,2.92,9,9,9,0,0,0,0,0.0,0.0,0.0,0.0,0.0,0,1.0,1.0,-0.2922175389069777,0.0,0.2911111111111111,0.0,0.0,0,0.9341905381944444,0.1111111111111111,0.019912391901016235,0.017722565680742264,2151.5401057409576,0.15753226902173914,8,10.0,8,8,8
1060,8057,13,f,YOURS IS A PRETTY BUSINESS,1.0,166.66666666666666,1.8,5,5,5,0,0,0,0,0.0,0.0,0.0,0.0,0.0,0,1.0,1.0,-0.4189453050494194,0.0,0.332,0.0,0.0,0,0.82734375,0.2,0.042586155235767365,0.04036213830113411,1767.9189087110883,0.11118105233433735,8,10.0,9,8,8
1061,8057,13,f,DO YOU KNOW ANYTHING OF IT,0.6666666666666666,284.02366863905326,1.69,6,8,4,0,2,2,0,0.0,0.3333333333333333,0.3333333333333333,0.0,0.6666666666666666,2,1.3333333333333333,1.0,-0.5342548260321984,0.586105878300412,0.1975,0.0,0.0,0,0.6538238525390625,0.5,0.0612223818898201,0.05634256452322006,1895.6442057780432,0.1363525390625,7,10.0,8,8,7
1062,8057,13,f,BUT SURELY THERE IS DANGER,1.0,140.84507042253523,2.13,5,5,5,0,0,0,0,0.0,0.0,0.0,0.0,0.0,0,1.0,1.0,-0.6235351637005806,0.0,0.4039999999999999,0.0,0.0,0,0.744482421875,0.2,0.07632390409708023,0.07066033780574799,1750.0420739251404,0.11341539320054946,8,10.0,8,8,8
1063,8057,13,f,THEN COMES A BLANK IN THE PAPER,1.0,171.42857142857142,2.45,7,7,7,0,0,0,0,0.0,0.0,0.0,0.0,0.0,0,1.0,1.0,-0.4421164772727273,0.0,0.33428571428571435,0.0,0.0,0,0.8943219866071429,0.0,0.06230822205543518,0.050876177847385406,1517.2844058292067,0.10769092793367346,8,10.0,8,8,8
1064,8057,13,f,IT SEEMED ALL THAT HE COULD DO TO SPEAK,0.8888888888888888,213.59223300970876,3.09,9,11,8,0,1,2,0,0.0,0.1111111111111111,0.2222222222222222,0.0,0.3333333333333333,2,1.2222222222222223,1.0,-0.499218757947286,0.6070046921131741,0.27090909090909093,0.0,0.0,0,0.7644930752840909,0.2727272727272727,0.07542262971401215,0.060017623007297516,1729.9180941153966,0.11506204044117647,8,10.0,7,7,7
1065,8057,13,f,RUNNING BY ME BEATING MY ME,0.8333333333333334,120.40133779264214,2.99,6,6,5,0,1,0,0,0.0,0.16666666666666666,0.0,0.0,0.16666666666666666,0,1.0,1.0,-0.5685369534925981,0.5663534342677914,0.38000000000000006,0.11999999999999997,0.5999999999999999,0,0.8072102864583334,0.0,0.056329395622015,0.055989183485507965,1675.4789374373352,0.09736592060810811,9,10.0,8,8,8
1066,8057,13,f,HOW SHALL I DESCRIBE WHAT WE SAW,1.0,140.0,3.0,7,7,7,0,0,0,0,0.0,0.0,0.0,0.0,0.0,0,1.0,1.0,-0.3357599540190263,0.0,0.40857142857142853,0.0,0.0,0,0.9093191964285714,0.0,0.08455692231655121,0.07134260982275009,1870.9383508400717,0.15167672293526785,8,10.0,8,7,7
1067,8057,13,f,AT LEAST I SHALL BE WITH MY OWN PEOPLE,1.0,171.9745222929936,3.14,9,9,9,0,0,0,0,0.0,0.0,0.0,0.0,0.0,0,1.0,1.0,-0.31305803997176035,0.0,0.2822222222222222,0.057499999999999996,0.45999999999999996,0,0.9596354166666666,0.0,0.07189875096082687,0.06519735604524612,1789.7905056831632,0.12974330357142858,8,10.0,8,8,8
1068,8057,13,f,DRESS THEM IN BLACK AND PLACE THEM OUTSIDE MY TENT,1.0,129.03225806451613,4.65,10,10,10,0,0,0,0,0.0,0.0,0.0,0.0,0.0,0,1.0,1.0,-0.2958984486758709,0.0,0.402,0.05777777777777778,0.52,0,0.91514892578125,0.0,0.06757930666208267,0.05882598087191582,1804.7071985942362,0.13176534262048192,8,10.0,8,7,7
1069,8057,13,f,IF PEOPLE LAUGHED AT HER SHE LAUGHED WITH THEM,1.0,166.66666666666666,3.24,9,9,9,0,0,0,0,0.0,0.0,0.0,0.0,0.0,0,1.0,1.0,-0.305524542927742,0.0,0.2955555555555556,0.06249999999999997,0.4999999999999998,0,0.8811306423611112,0.1111111111111111,0.09110766649246216,0.07591621577739716,1722.0190155089583,0.12241547683189655,8,10.0,7,7,7
1070,8057,13,f,YES I AM A ROMANTIC,0.6,83.62369337979095,2.87,5,4,3,1,1,0,0,0.2,0.2,0.0,0.0,0.4,-1,0.8,1.0,-0.4144965277777778,0.6606728274005196,0.585,0.14000000000000004,0.42000000000000015,0,0.76507568359375,0.25,0.05247845500707626,0.05893520638346672,1748.8902674106857,0.10851836622807018,8,10.0,7,7,7
1071,8057,13,f,AT LEAST HE COULD KNOW,1.0,111.94029850746269,2.68,5,5,5,0,0,0,0,0.0,0.0,0.0,0.0,0.0,0,1.0,1.0,-0.4875000178813934,0.0,0.316,0.22999999999999998,0.9199999999999999,0,0.88544921875,0.0,0.03924371302127838,0.04870089888572693,2003.4281004591166,0.13704905790441177,9,10.0,8,8,8
1072,8057,13,f,SHE HAD STORED THEM IN HER OWN ROOM,0.75,178.4386617100372,2.69,8,8,6,0,2,0,0,0.0,0.25,0.0,0.0,0.25,0,1.0,1.0,-0.5807291865348816,0.5594902450320474,0.3225,0.0,0.0,0,0.7663192749023438,0.25,0.08573850989341736,0.06489846855401993,1673.3983405981305,0.11730238970588236,8,10.0,8,8,8
1073,8057,13,f,IS NOT EVERY MAN ABLE TO SAY WHAT HE LIKES,0.9,185.75851393188856,3.23,10,10,9,0,1,0,0,0.0,0.1,0.0,0.0,0.1,0,1.0,1.0,-0.30831473214285715,0.7346840529313989,0.312,0.0,0.0,0,0.91279296875,0.0,0.07269099354743958,0.05434165149927139,1824.1175493363282,0.13195593882415255,8,10.0,8,7,7
1074,8057,13,f,THE DREAM WAS QUITE AT AN END,1.0,193.5483870967742,2.17,7,7,7,0,0,0,0,0.0,0.0,0.0,0.0,0.0,0,1.0,1.0,-0.4054687589406967,0.0,0.2942857142857143,0.0,0.0,0,0.8447963169642857,0.0,0.0538940466940403,0.048094242811203,1805.2940693840799,0.11613880504261363,8,10.0,9,8,8
1075,8057,13,f,SHE STOPPED FOR A MOMENT,1.0,114.50381679389314,2.62,5,5,5,0,0,0,0,0.0,0.0,0.0,0.0,0.0,0,1.0,1.0,-0.5021701388888888,0.0,0.496,0.0,0.0,0,0.8751953125,0.0,0.06153261661529541,0.06997409462928772,1769.4301427390071,0.12042293370327103,8,10.0,7,7,7
1076,8057,13,f,IT WAS A FINE NIGHT AND PRESENTLY THE MOON APPEARED,1.0,143.19809069212408,4.19,10,10,10,0,0,0,0,0.0,0.0,0.0,0.0,0.0,0,1.0,1.0,-0.39114582935969033,0.0,0.40800000000000003,0.0,0.0,0,0.824072265625,0.1,0.07916522771120071,0.053694166243076324,1588.9655073934039,0.09977633568548387,7,10.0,7,7,7
1077,8057,13,f,GET YOUR UNCLE AND AUNT TO ASK HER DOWN,1.0,138.81748071979433,3.89,9,9,9,0,0,0,0,0.0,0.0,0.0,0.0,0.0,0,1.0,1.0,-0.3006184846162796,0.0,0.42000000000000004,0.0,0.0,0,0.9403211805555556,0.0,0.06081897392868996,0.056550655514001846,1744.339813217235,0.11979752135791367,8,10.0,8,7,7
1078,8057,13,f,HOW IS HE GETTING ALONG THIS MORNING,1.0,142.85714285714286,2.94,7,7,7,0,0,0,0,0.0,0.0,0.0,0.0,0.0,0,1.0,1.0,-0.3101917559450323,0.0,0.3942857142857143,0.0,0.0,0,0.9206194196428571,0.0,0.0668376162648201,0.05521417781710625,1916.5444009795694,0.12493518390486726,8,10.0,8,8,8
1079,8057,13,f,THE LAND WAS STILL LONELY,1.0,160.427807486631,1.87,5,5,5,0,0,0,0,0.0,0.0,0.0,0.0,0.0,0,1.0,1.0,-0.5173611111111112,0.0,0.35200000000000004,0.0,0.0,0,0.756396484375,0.2,0.08320049941539764,0.07394454628229141,1881.5157245813832,0.130694580078125,8,10.0,8,7,7
1080,8585,15,m,COME DOWN TO ME AS SOON AS YOU CAN,0.8888888888888888,178.21782178217822,3.03,9,9,8,0,1,0,0,0.0,0.1111111111111111,0.0,0.0,0.1111111111111111,0,1.0,1.0,-0.37199518313774693,0.6893575630566495,0.2955555555555555,0.0,0.0,0,0.9066569010416666,0.1111111111111111,0.00963601190596819,0.008226586505770683,2532.385670628481,0.18982775457974138,7,10.0,8,7,7
1081,8585,15,m,ALL IN GOOD TIME MY DEAR,0.6666666666666666,159.5744680851064,1.88,6,5,4,1,1,0,0,0.16666666666666666,0.16666666666666666,0.0,0.0,0.3333333333333333,-1,0.8333333333333334,1.0,-0.7819602164355192,0.4575083164332888,0.31599999999999995,0.015000000000000013,0.06000000000000005,0,0.7449600219726562,0.4,0.011784893460571766,0.011781696230173111,2475.2730908166664,0.18418627106741572,9,10.0,9,9,9
1082,8585,15,m,SHE SEEMED TO BE QUIET READY FOR THIS,0.75,176.47058823529412,2.72,8,8,6,0,2,0,0,0.0,0.25,0.0,0.0,0.25,0,1.0,1.0,-0.5500710010528564,0.576908847790715,0.2975,0.0,0.0,0,0.795257568359375,0.125,0.010981324128806591,0.009157245978713036,2781.6690485093022,0.23132966694078946,8,10.0,9,9,8
1083,8585,15,m,WE BUY SOME NICE A CLOTHES FOR OUR SALES,0.6666666666666666,103.70370370370372,4.05,9,7,6,2,1,0,0,0.2222222222222222,0.1111111111111111,0.0,0.0,0.3333333333333333,-2,0.7777777777777778,1.0,-0.7499999891627919,0.4723665578601494,0.48,0.0,0.0,0,0.6201171875,0.42857142857142855,0.008920568972826004,0.00835021398961544,2926.8000673488,0.26594344429347827,6,10.0,8,7,6
1084,8585,15,m,YOU SAW HER ALSO I BELIEVE,0.8333333333333334,206.89655172413794,2.03,6,7,5,0,1,0,1,0.0,0.16666666666666666,0.0,0.16666666666666666,0.3333333333333333,1,1.1666666666666667,1.0,-0.3685546964406967,0.6917333732099423,0.2371428571428571,0.0,0.0,0,0.7375837053571429,0.14285714285714285,0.008778401650488377,0.008026591502130032,2844.671926122989,0.2446947419241573,7,10.0,7,7,6
1085,8585,15,m,YET SHE LET IT BE,0.2,180.0,2.0,5,6,1,0,4,1,0,0.0,0.8,0.2,0.0,1.0,1,1.2,1.0,-0.7499999891627919,0.47236655786014936,0.25666666666666665,0.03200000000000001,0.16000000000000003,0,0.469635009765625,0.6666666666666666,0.006678171921521425,0.0060444120317697525,2882.7217156331635,0.23156183416193182,9,10.0,9,8,9
1086,8585,15,m,THAT'S WHAT IT IS TO KNOW HOW TO PAINT,0.8888888888888888,171.9745222929936,3.14,9,9,8,0,1,0,0,0.0,0.1111111111111111,0.0,0.0,0.1111111111111111,0,1.0,1.0,-0.31222096937043325,0.7318198005999355,0.3222222222222222,0.0,0.0,0,0.9464246961805556,0.0,0.010511268861591816,0.008349446579813957,2723.7485153479524,0.21607232862903225,9,10.0,9,8,8
1087,8585,15,m,THE CHILD WAS STILL CRYING,1.0,154.63917525773198,1.94,5,5,5,0,0,0,0,0.0,0.0,0.0,0.0,0.0,0,1.0,1.0,-0.42578125,0.0,0.33999999999999997,0.0,0.0,0,0.766162109375,0.4,0.012060181237757206,0.010759333148598671,2606.7893371512246,0.2145163143382353,8,10.0,8,8,8
1088,8585,15,m,NO ONE WILL REMEMBER YOU,1.0,146.34146341463415,2.05,5,5,5,0,0,0,0,0.0,0.0,0.0,0.0,0.0,0,1.0,1.0,-0.2417534722222222,0.0,0.32399999999999995,0.0,0.0,0,0.93388671875,0.0,0.02536891959607601,0.025728292763233185,2139.2660251590364,0.16588924632352942,8,10.0,8,8,8
1089,8585,15,m,THE THIRD BLOW WAS THE ONE THAT KILLED IT,0.8888888888888888,199.2619926199262,2.71,9,9,8,0,1,0,0,0.0,0.1111111111111111,0.0,0.0,0.1111111111111111,0,1.0,1.0,-0.41556490384615385,0.6599673572834971,0.2711111111111111,0.0,0.0,0,0.8206108940972222,0.2222222222222222,0.013556295074522495,0.012137563899159431,2545.4484404444493,0.20586993243243243,7,10.0,7,6,6
1090,8585,15,m,THE HALL WAS VERY QUIET,0.6,175.43859649122805,1.71,5,5,3,0,2,0,0,0.0,0.4,0.0,0.0,0.4,0,1.0,1.0,-0.3825954861111111,0.6820887578639269,0.288,0.0,0.0,0,0.840625,0.0,0.01235252432525158,0.014330290257930756,2429.9191779582666,0.20837715344551283,8,10.0,8,8,8
1091,8585,15,m,PUT YOU FOOT DOWN TOO,0.8,182.9268292682927,1.64,5,5,4,0,1,0,0,0.0,0.2,0.0,0.0,0.2,0,1.0,1.0,-0.3518066480755806,0.7034161156882303,0.25999999999999995,0.0,0.0,0,0.8486328125,0.2,0.013520201668143272,0.0144124710932374,2407.9417856961536,0.16999545162671234,9,10.0,9,9,9
1092,8585,15,m,THE WHOLE THING WAS FAR TOO REAL FOR DREAMING,0.8888888888888888,160.2373887240356,3.37,9,9,8,0,1,0,0,0.0,0.1111111111111111,0.0,0.0,0.1111111111111111,0,1.0,1.0,-0.6069711355062631,0.5449991001036262,0.33333333333333337,0.0,0.0,0,0.6791720920138888,0.4444444444444444,0.014734880067408085,0.012316858395934105,2446.102959386758,0.2041469840116279,7,10.0,7,7,7
1093,8585,15,m,NOT TO BE ABLE TO GET OUT,1.0,222.22222222222223,1.89,7,7,7,0,0,0,0,0.0,0.0,0.0,0.0,0.0,0,1.0,1.0,-0.35742188041860407,0.0,0.2314285714285714,0.0,0.0,0,0.8538992745535714,0.14285714285714285,0.012328287586569786,0.012954002246260643,2365.2888654026297,0.1922828030873494,8,10.0,9,7,7
1094,8585,15,m,FOR I WAS NOT YET SAFE,0.8333333333333334,176.47058823529412,2.04,6,6,5,0,1,0,0,0.0,0.16666666666666666,0.0,0.0,0.16666666666666666,0,1.0,1.0,-0.4410156190395355,0.6433826574753142,0.2733333333333334,0.0,0.0,0,0.7557373046875,0.3333333333333333,0.011780522763729095,0.012366008013486862,2613.072816621589,0.21481083216292135,8,10.0,8,7,7
1095,8585,15,m,HOW LONG AGO THAT SEEMED,1.0,164.83516483516485,1.82,5,5,5,0,0,0,0,0.0,0.0,0.0,0.0,0.0,0,1.0,1.0,-0.4474826388888889,0.0,0.316,0.0,0.0,0,0.691015625,0.4,0.01332179456949234,0.012703819200396538,2233.9076833982376,0.1697484066611842,9,10.0,9,9,9
1096,8585,15,m,AS OF US WE COULD HAVE SHOUTED ALONG,0.5,173.07692307692307,3.12,8,9,4,0,4,1,0,0.0,0.5,0.125,0.0,0.625,1,1.125,1.0,-0.5184895594914755,0.5954192144092416,0.27111111111111114,0.05499999999999999,0.43999999999999995,0,0.7140028211805556,0.3333333333333333,0.01572493650019169,0.01083447691053152,2598.9501955615688,0.21441971628289475,8,10.0,8,8,8
1097,8585,15,m,THEY WILL BE SURE IF ANY,0.6666666666666666,190.9090909090909,2.2,6,7,4,0,2,1,0,0.0,0.3333333333333333,0.16666666666666666,0.0,0.5,1,1.1666666666666667,1.0,-0.29609374701976776,0.7437177034337491,0.28,0.0,0.0,0,0.7491280691964286,0.2857142857142857,0.010356764309108257,0.010398991405963898,2602.1807268000953,0.1879340277777778,8,10.0,8,8,8
1098,8585,15,m,I HAVE COME TO ASK HIM A FEW QUESTIONS,0.8888888888888888,197.0802919708029,2.74,9,9,8,0,1,0,0,0.0,0.1111111111111111,0.0,0.0,0.1111111111111111,0,1.0,1.0,-0.4194711630160992,0.6573943823673951,0.2666666666666667,0.0,0.0,0,0.8133138020833334,0.1111111111111111,0.011481298133730888,0.00897231325507164,3025.117127367838,0.2534312855113636,8,10.0,8,6,7
1099,8585,15,m,NEVER SAW ANYTHING LIKE IT NEVER IN MY LIFE,1.0,199.99999999999997,2.7,9,9,9,0,0,0,0,0.0,0.0,0.0,0.0,0.0,0,1.0,1.0,-0.4472656150658925,0.0,0.28,0.0,0.0,0,0.7580702039930556,0.2222222222222222,0.01760781928896904,0.013353481888771057,2310.0503935358765,0.16941864636479592,8,10.0,8,7,7
1100,9034,15,f,ALL THE REST YOU WILL SEE LATER FOR YOURSELF,1.0,174.75728155339806,3.09,9,9,9,0,0,0,0,0.0,0.0,0.0,0.0,0.0,0,1.0,1.0,-0.34435096153846156,0.0,0.3311111111111111,0.0,0.0,0,0.9174262152777778,0.0,0.08410506695508957,0.06391918659210205,1559.580635543301,0.11357755742521368,8,10.0,7,7,8
1101,9034,15,f,OFFER HIM THAT FROM ME AND COME,1.0,168.67469879518072,2.49,7,7,7,0,0,0,0,0.0,0.0,0.0,0.0,0.0,0,1.0,1.0,-0.3606770808498065,0.0,0.34,0.0,0.0,0,0.888427734375,0.0,0.04861031472682953,0.038118939846754074,1645.2523022251976,0.11661305147058823,9,10.0,9,9,9
1102,9034,15,f,BUT YOUR FRIENDS ARE PROUD AND RICH,1.0,148.40989399293287,2.83,7,7,7,0,0,0,0,0.0,0.0,0.0,0.0,0.0,0,1.0,1.0,-0.337002846327695,0.0,0.3885714285714286,0.0,0.0,0,0.9108537946428571,0.14285714285714285,0.06442069262266159,0.052714888006448746,1758.2127948160353,0.12302468039772728,9,10.0,9,8,9
1103,9034,15,f,NO CREATURE EVER WANTED SO MUCH TO LIVE,1.0,144.14414414414415,3.33,8,8,8,0,0,0,0,0.0,0.0,0.0,0.0,0.0,0,1.0,1.0,-0.3531900917490323,0.0,0.4025,0.0,0.0,0,0.92523193359375,0.0,0.07302924245595932,0.05462458357214928,1773.4930683171267,0.13950552591463414,9,10.0,9,8,9
1104,9034,15,f,BUT THERE WAS TROUBLE ENOUGH AT THE OTHER END,1.0,152.11267605633802,3.55,9,9,9,0,0,0,0,0.0,0.0,0.0,0.0,0.0,0,1.0,1.0,-0.25015024038461536,0.0,0.38222222222222224,0.0,0.0,0,0.9472113715277778,0.0,0.06745251268148422,0.04671906679868698,1598.557109517392,0.11249704071969698,8,10.0,8,8,8
1105,9034,15,f,THIS IS THE STUFF TO PUT LIFE IN YOU,1.0,195.65217391304347,2.76,9,9,9,0,0,0,0,0.0,0.0,0.0,0.0,0.0,0,1.0,1.0,-0.4912860576923077,0.0,0.29777777777777775,0.0,0.0,0,0.763916015625,0.1111111111111111,0.05609048157930374,0.04469869285821915,1785.3131000887965,0.12576729910714285,8,10.0,9,8,7
1106,9034,15,f,WHAT ABOUT THAT LETTER YOU WERE SPEAKING OF AT BREAKFAST,1.0,136.986301369863,4.38,10,10,10,0,0,0,0,0.0,0.0,0.0,0.0,0.0,0,1.0,1.0,-0.3515625127724239,0.0,0.43,0.0,0.0,0,0.8771484375,0.1,0.049262382090091705,0.032149042934179306,1608.6298260823628,0.11450926272455089,9,10.0,8,7,8
1107,9034,15,f,AND THEIR HANDS MIGHT JOIN,0.8,135.13513513513513,2.22,5,5,4,0,1,0,0,0.0,0.2,0.0,0.0,0.2,0,1.0,1.0,-0.6744791666666666,0.5094216753140325,0.41600000000000004,0.0,0.0,0,0.663818359375,0.6,0.05139215290546417,0.045385487377643585,1784.5828290859943,0.12351369333791208,8,10.0,8,8,7
1108,9034,15,f,USE ME LIKE A STAFF,0.6,167.5977653631285,1.79,5,5,3,0,2,0,0,0.0,0.4,0.0,0.0,0.4,0,1.0,1.0,-0.3937988318502903,0.6744897284441929,0.336,0.0,0.0,0,0.72236328125,0.2,0.06600993126630783,0.061850424855947495,1740.7524321931874,0.10054211738782051,8,10.0,9,9,8
1109,9034,15,f,I BY NO MEANS WISH TO DIE,0.7142857142857143,188.34080717488789,2.23,7,7,5,0,2,0,0,0.0,0.2857142857142857,0.0,0.0,0.2857142857142857,0,1.0,1.0,-0.5087890724341074,0.6012231759066264,0.3028571428571429,0.0,0.0,0,0.8503853934151786,0.14285714285714285,0.08182219415903091,0.06694542616605759,1994.6897466910027,0.14622682005494506,9,10.0,8,8,8
1110,9034,15,f,YOU CAN SEE THE REST,1.0,191.08280254777068,1.57,5,5,5,0,0,0,0,0.0,0.0,0.0,0.0,0.0,0,1.0,1.0,-0.3070746527777778,0.0,0.29200000000000004,0.0,0.0,0,0.9306640625,0.0,0.05043946951627731,0.051206301897764206,1871.6069109357106,0.11433138912671233,9,10.0,9,9,9
1111,9034,15,f,BUT WHAT ELSE HAD HE A RIGHT TO EXPECT,1.0,158.35777126099705,3.41,9,9,9,0,0,0,0,0.0,0.0,0.0,0.0,0.0,0,1.0,1.0,-0.3371394230769231,0.0,0.3666666666666667,0.0,0.0,0,0.8891059027777778,0.1111111111111111,0.05584688112139702,0.043179742991924286,1929.5665643166415,0.15383796405075187,8,10.0,8,7,7
1112,9034,15,f,I HAVE MY OWN PLAN,1.0,164.83516483516485,1.82,5,5,5,0,0,0,0,0.0,0.0,0.0,0.0,0.0,0,1.0,1.0,-0.2654079861111111,0.0,0.336,0.0,0.0,0,0.97607421875,0.0,0.044135842472314835,0.037421103566884995,1644.4405255484357,0.1099710836038961,8,10.0,8,8,8
1113,9034,15,f,I ASKED WAS THE CAUSE OF THE TROUBLE WAS,0.8888888888888888,138.1074168797954,3.91,9,9,8,0,1,0,0,0.0,0.1111111111111111,0.0,0.0,0.1111111111111111,0,1.0,1.0,-0.36358173993917614,0.6951819007674115,0.4222222222222223,0.0,0.0,0,0.8433973524305556,0.1111111111111111,0.06521153450012207,0.046080928295850754,1839.4564010333572,0.12229513264388489,8,10.0,8,7,8
1114,9034,15,f,I AM NO LONGER A PARTNER IN THE HOUSE,1.0,174.75728155339806,3.09,9,9,9,0,0,0,0,0.0,0.0,0.0,0.0,0.0,0,1.0,1.0,-0.2905649130160992,0.0,0.33111111111111113,0.0,0.0,0,0.9525824652777778,0.0,0.05208835005760193,0.0357801616191864,1854.8988069656662,0.14221833881578946,8,10.0,8,8,8
1115,9034,15,f,IT WAS MY SECRET AND HERS,1.0,148.14814814814815,2.43,6,6,6,0,0,0,0,0.0,0.0,0.0,0.0,0.0,0,1.0,1.0,-0.4242187410593033,0.0,0.3866666666666667,0.0,0.0,0,0.8865559895833334,0.0,0.06714976578950882,0.05384037643671036,1783.2160960347019,0.1360931396484375,8,10.0,9,8,8
1116,9034,15,f,BUT IN THIS WORLD WE MUST CONSIDER OTHERS,0.875,118.51851851851853,4.05,8,8,7,0,1,0,0,0.0,0.125,0.0,0.0,0.125,0,1.0,1.0,-0.3039362889069777,0.7379078778704496,0.41999999999999993,0.08285714285714287,0.5800000000000001,0,0.87188720703125,0.125,0.0675092488527298,0.05308745056390762,1810.2316805887392,0.14313239020270271,8,10.0,9,8,8
1117,9034,15,f,NOT ALL THAT MUCH ANYWAY,1.0,138.88888888888889,2.16,5,5,5,0,0,0,0,0.0,0.0,0.0,0.0,0.0,0,1.0,1.0,-0.4904513888888889,0.0,0.41600000000000004,0.0,0.0,0,0.89140625,0.0,0.06254169344902039,0.05187287554144859,1830.7834518094471,0.12710013440860216,9,10.0,9,9,9
1118,9034,15,f,HAVE YOU HAD SIGHT OF ANYTHING,0.5,149.37759336099583,2.41,6,6,3,0,3,0,0,0.0,0.5,0.0,0.0,0.5,0,1.0,1.0,-0.7734375108372081,0.46142418833179394,0.3666666666666667,0.0,0.0,0,0.7649002075195312,0.3333333333333333,0.055632494390010834,0.044016700237989426,1882.0961161790874,0.13417769451530612,8,10.0,9,9,8
1119,9034,15,f,THEY REMAINED THREE HOURS AT TABLE TELLING ABOUT THEIR SPORT,0.8,123.45679012345678,4.86,10,10,8,0,2,0,0,0.0,0.2,0.0,0.0,0.2,0,1.0,1.0,-0.4687500170298985,0.6257839989475531,0.48600000000000004,0.0,0.0,0,0.7307861328125,0.4,0.06286671757698059,0.040457140654325485,1733.0756730175203,0.11911817528735633,7,10.0,7,7,7
1120,9070,15,f,HE COULD NOT SEE HIMSELF,1.0,131.57894736842107,2.28,5,5,5,0,0,0,0,0.0,0.0,0.0,0.0,0.0,0,1.0,1.0,-0.4969618055555556,0.0,0.44000000000000006,0.0,0.0,0,0.84541015625,0.0,0.06261935085058212,0.044816408306360245,2305.344668943716,0.1787836602393617,9,10.0,8,8,8
1121,9070,15,f,ONE TWICE AND THE THIRD TIME DEATH,0.7142857142857143,122.09302325581395,3.44,7,7,5,0,2,0,0,0.0,0.2857142857142857,0.0,0.0,0.2857142857142857,0,1.0,1.0,-0.6376953224341074,0.5285090645068777,0.48000000000000004,0.0,0.0,0,0.6810825892857143,0.42857142857142855,0.061439499258995056,0.04959931597113609,1922.551889938826,0.13322535569105692,8,10.0,8,8,8
1122,9070,15,f,I MUST START AT ONCE,1.0,134.52914798206277,2.23,5,5,5,0,0,0,0,0.0,0.0,0.0,0.0,0.0,0,1.0,1.0,-0.3721788194444444,0.0,0.42400000000000004,0.0,0.0,0,0.98466796875,0.0,0.05677342414855957,0.050739068537950516,2210.3150992867304,0.15858353015988372,9,10.0,9,9,9
1123,9070,15,f,I WOULD NOT HAVE HIM BACK AGAIN IF I COULD,1.0,182.37082066869303,3.29,10,10,10,0,0,0,0,0.0,0.0,0.0,0.0,0.0,0,1.0,1.0,-0.27162387541362215,0.0,0.318,0.0,0.0,0,0.96875,0.0,0.057305898517370224,0.0393139086663723,1690.2106663229556,0.09461987920168068,9,10.0,9,8,9
1124,9070,15,f,AN IMPORTANT PRODUCT SUCH AS THIS,1.0,101.9830028328612,3.53,6,6,6,0,0,0,0,0.0,0.0,0.0,0.0,0.0,0,1.0,1.0,-0.4480468690395355,0.0,0.57,0.0,0.0,0,0.8837890625,0.16666666666666666,0.05166088417172432,0.03982533514499664,2272.274808279163,0.14501953125,9,10.0,9,8,9
1125,9070,15,f,MIGHT I ASK YOUR NAME,0.8,130.43478260869566,2.3,5,5,4,0,1,0,0,0.0,0.2,0.0,0.0,0.2,0,1.0,1.0,-0.5516493055555556,0.5759990281336975,0.42400000000000004,0.0,0.0,0,0.83056640625,0.2,0.06803140789270401,0.054882876574993134,1945.283302751969,0.10682134518678162,9,10.0,9,8,8
1126,9070,15,f,HOWEVER THERE'S NO HELP FOR IT,1.0,130.43478260869566,2.76,6,6,6,0,0,0,0,0.0,0.0,0.0,0.0,0.0,0,1.0,1.0,-0.3430989657839139,0.0,0.3933333333333333,0.06399999999999999,0.31999999999999995,0,0.9290364583333334,0.0,0.07262114435434341,0.05443667992949486,2156.124414253418,0.1399755859375,8,10.0,9,8,8
1127,9070,15,f,WOULD IT NOT BE POSSIBLE TO FIND SUCH,1.0,149.53271028037383,3.21,8,8,8,0,0,0,0,0.0,0.0,0.0,0.0,0.0,0,1.0,1.0,-0.3795572916666667,0.0,0.3875,0.0,0.0,0,0.91412353515625,0.0,0.05899975076317787,0.04335573688149452,2374.3856580041956,0.16409822789634146,8,10.0,9,8,8
1128,9070,15,f,HERE WE ARE THEN ALL SEATED ROUND THE TABLE,0.8888888888888888,120.0,4.5,9,9,8,0,1,0,0,0.0,0.1111111111111111,0.0,0.0,0.1111111111111111,0,1.0,1.0,-0.36049106291362215,0.697333807207624,0.45333333333333337,0.04250000000000001,0.3400000000000001,0,0.9117838541666666,0.1111111111111111,0.06147697940468788,0.04547584429383278,1922.209705988319,0.10918217555732485,9,10.0,8,7,8
1129,9070,15,f,IN CHURCH AND WAITING ON TRAINS LIKE,0.7142857142857143,132.0754716981132,3.18,7,7,5,0,2,0,0,0.0,0.2857142857142857,0.0,0.0,0.2857142857142857,0,1.0,1.0,-0.6074218511581421,0.5447535158274456,0.4428571428571429,0.0,0.0,0,0.6941615513392857,0.14285714285714285,0.05569542199373245,0.038167454302310944,2110.6502231138707,0.1407084668803419,8,10.0,8,7,7
1130,9070,15,f,THIS WAS THE PLAN THAT SUGGESTED ITSELF,0.7142857142857143,108.52713178294573,3.87,7,7,5,0,2,0,0,0.0,0.2857142857142857,0.0,0.0,0.2857142857142857,0,1.0,1.0,-0.3018465909090909,0.739451494770306,0.5371428571428571,0.0,0.0,0,0.8777204241071429,0.0,0.03626986965537071,0.02750268019735813,1920.8366306796233,0.1268745902534965,8,10.0,8,8,7
1131,9070,15,f,THEY ARE OUT OF THE REACH OF ACCIDENT,1.0,177.12177121771217,2.71,8,8,8,0,0,0,0,0.0,0.0,0.0,0.0,0.0,0,1.0,1.0,-0.3860677157839139,0.0,0.325,0.0,0.0,0,0.891845703125,0.125,0.05275140330195427,0.03259549289941788,1972.3992360140217,0.12052565354567307,9,10.0,9,8,9
1132,9070,15,f,THEY LIVED ON PUBLIC DEATH,1.0,123.45679012345678,2.43,5,5,5,0,0,0,0,0.0,0.0,0.0,0.0,0.0,0,1.0,1.0,-0.7296006944444444,0.0,0.4640000000000001,0.0,0.0,0,0.67216796875,0.4,0.05339158698916435,0.04272159934043884,2020.962840187161,0.12648076596467392,9,10.0,8,8,9
1133,9070,15,f,HE MIGHT MARRY A GIRL WITH MONEY,1.0,172.13114754098362,2.44,7,7,7,0,0,0,0,0.0,0.0,0.0,0.0,0.0,0,1.0,1.0,-0.4098011417822404,0.0,0.32285714285714284,0.0,0.0,0,0.9207589285714286,0.0,0.07811497896909714,0.05488995835185051,1654.464965253077,0.08452351888020833,9,10.0,9,8,9
1134,9070,15,f,AT LAST HOWEVER THE PARTY WAS MADE UP,1.0,129.3800539083558,3.71,8,8,8,0,0,0,0,0.0,0.0,0.0,0.0,0.0,0,1.0,1.0,-0.30887276998588015,0.0,0.3525,0.11142857142857143,0.56,0,0.95068359375,0.0,0.07345972955226898,0.05592423304915428,1741.7443914811672,0.10307952647900763,9,10.0,9,8,9
1135,9070,15,f,I AM AFRAID HE WILL LEAVE US WITHOUT PITY,0.8888888888888888,150.83798882681563,3.58,9,9,8,0,1,0,0,0.0,0.1111111111111111,0.0,0.0,0.1111111111111111,0,1.0,1.0,-0.24008414378532997,0.7865616740053313,0.3888888888888889,0.0,0.0,0,0.9491102430555556,0.0,0.055566441267728806,0.0336785726249218,1724.9499178343208,0.09594356652462122,9,10.0,9,8,8
1136,9070,15,f,THIS SHALL BE THE PRICE OF HIS LIFE,1.0,170.8185053380783,2.81,8,8,8,0,0,0,0,0.0,0.0,0.0,0.0,0.0,0,1.0,1.0,-0.2908528620998065,0.0,0.3375,0.0,0.0,0,0.937744140625,0.0,0.06045418232679367,0.04608764871954918,2377.2662679228024,0.19559493719362744,9,10.0,9,8,9
1137,9070,15,f,THE COUNTRY IS PLEASANT FOR EXERCISE,0.8333333333333334,121.62162162162163,2.96,6,6,5,0,1,0,0,0.0,0.16666666666666666,0.0,0.0,0.16666666666666666,0,1.0,1.0,-0.3900390565395355,0.6770304315159671,0.4633333333333333,0.0,0.0,0,0.8809407552083334,0.16666666666666666,0.04134126007556915,0.0330093614757061,1859.0300922216315,0.11868035988729508,9,10.0,9,8,8
1138,9070,15,f,I HAD AN APPOINTMENT HERE AT HALF PAST NIGHT,1.0,122.44897959183675,4.41,9,9,9,0,0,0,0,0.0,0.0,0.0,0.0,0.0,0,1.0,1.0,-0.31820913461538464,0.0,0.47777777777777786,0.0,0.0,0,0.9628363715277778,0.0,0.04435419291257858,0.03253423050045967,1758.5249455386372,0.10570646587171052,9,10.0,8,8,8
1139,9070,15,f,I THINK WE SHOULD BUILD GOOD RELATIONSHIP WITH THEM,1.0,145.985401459854,4.11,9,10,9,0,0,1,0,0.0,0.0,0.1111111111111111,0.0,0.1111111111111111,1,1.1111111111111112,1.0,-0.3071986564568111,0.7355044736804652,0.4,0.0,0.0,0,0.93681640625,0.1,0.049339935183525085,0.037123970687389374,1739.7125657925724,0.09932115342881945,8,10.0,8,8,8
1140,9556,15,m,I WANT TO BE ON THE SPOT TO HELP,1.0,155.17241379310343,3.48,9,9,9,0,0,0,0,0.0,0.0,0.0,0.0,0.0,0,1.0,1.0,-0.3257211630160992,0.0,0.33555555555555555,0.0,0.0,0,0.9756944444444444,0.0,0.05142094939947128,0.04711974784731865,1955.5130431512189,0.1482985002281022,7,10.0,8,8,7
1141,9556,15,m,HE MUST CONSIDER WHAT TO DO NEXT,0.7142857142857143,133.70473537604457,3.59,7,8,5,0,2,1,0,0.0,0.2857142857142857,0.14285714285714285,0.0,0.42857142857142855,1,1.1428571428571428,1.0,-0.6316105952629676,0.5317347015805156,0.39499999999999996,0.0,0.0,0,0.7286529541015625,0.25,0.04778723418712616,0.039526671171188354,2512.5059187912857,0.20038859049479166,8,10.0,7,7,7
1142,9556,15,m,SHALL I FEET HIM DOWN,0.6,129.87012987012986,2.31,5,5,3,0,2,0,0,0.0,0.4,0.0,0.0,0.4,0,1.0,1.0,-0.8503570482134819,0.42726235145177677,0.376,0.0,0.0,0,0.547845458984375,0.6,0.03212084248661995,0.035701435059309006,2860.330082901175,0.19495646158854166,8,10.0,7,7,7
1143,9556,15,m,MY FATHER THINKS TO PAINT THEM,0.6666666666666666,140.35087719298244,3.42,6,8,4,0,2,2,0,0.0,0.3333333333333333,0.3333333333333333,0.0,0.6666666666666666,2,1.3333333333333333,1.0,-0.7464488527991555,0.47404697785508665,0.385,0.0,0.0,0,0.587493896484375,0.5,0.03650651499629021,0.02773396298289299,2371.9722177989684,0.1675729462594697,8,10.0,7,7,7
1144,9556,15,m,NOTHING COULD TRUE HIM FROM HIS PURPOSE,0.8571428571428571,121.03746397694525,3.47,7,7,6,0,1,0,0,0.0,0.14285714285714285,0.0,0.0,0.14285714285714285,0,1.0,1.0,-0.5646306818181818,0.5685700912593334,0.4571428571428572,0.0,0.0,0,0.7555454799107143,0.2857142857142857,0.03937670588493347,0.02880028262734413,2364.67774737545,0.1643032962328767,9,10.0,8,7,8
1145,9556,15,m,DO NOT BE ANXIOUS ALL IS WHERE,0.7142857142857143,130.43478260869566,3.22,7,7,5,0,2,0,0,0.0,0.2857142857142857,0.0,0.0,0.2857142857142857,0,1.0,1.0,-0.5735085227272727,0.563544756511051,0.4171428571428572,0.0,0.0,0,0.7382114955357143,0.14285714285714285,0.0388726182281971,0.034693315625190735,2335.393022390678,0.15247062623031496,8,10.0,7,6,7
1146,9556,15,m,HOWEVER HE PULLED HIMSELF TOGETHER QUICKLY,1.0,106.19469026548673,3.39,6,6,6,0,0,0,0,0.0,0.0,0.0,0.0,0.0,0,1.0,1.0,-0.4098011417822404,0.0,0.47666666666666674,0.052000000000000005,0.26,0,0.8976236979166666,0.0,0.050609808415174484,0.039937812834978104,2107.6895478306806,0.14444444444444443,9,10.0,9,8,9
1147,9556,15,m,HOW PLEASANT HER MANNER IS,0.8,110.76923076923076,3.25,5,6,4,0,1,1,0,0.0,0.2,0.2,0.0,0.4,1,1.2,1.0,-0.608593761920929,0.5441154872484818,0.48,0.0,0.0,0,0.726806640625,0.0,0.03865985944867134,0.03491199389100075,2457.018965531742,0.18460845947265625,7,10.0,8,8,6
1148,9556,15,m,THE HANDS POINTED FOR FOUR OH CLOTH,0.2857142857142857,138.46153846153845,3.9,7,9,2,0,5,2,0,0.0,0.7142857142857143,0.2857142857142857,0.0,1.0,2,1.2857142857142858,1.0,-0.6557291825612386,0.5190634325554208,0.344,0.0,0.0,0,0.57325439453125,0.6,0.037758249789476395,0.03201192617416382,2155.7343609959707,0.16920213575487014,8,10.0,8,7,8
1149,9556,15,m,DO NOT EXPECT SO MUCH FOR MY KINDNESS,1.0,160.0,3.0,8,8,8,0,0,0,0,0.0,0.0,0.0,0.0,0.0,0,1.0,1.0,-0.5358073065678278,0.0,0.34500000000000003,0.0,0.0,0,0.7794189453125,0.375,0.04347120225429535,0.03427853435277939,2530.5219858785426,0.21182601178278687,9,10.0,9,8,8
1150,9556,15,m,HOWEVER I KNOW WHAT HIS ADVICE JUST NOW WOULD BE,1.0,159.5744680851064,3.76,10,10,10,0,0,0,0,0.0,0.0,0.0,0.0,0.0,0,1.0,1.0,-0.2752604166666667,0.0,0.31999999999999995,0.02888888888888889,0.26,0,0.928076171875,0.0,0.034762904047966,0.025992022827267647,2212.955092246781,0.1548394097222222,8,10.0,8,8,8
1151,9556,15,m,THESE WORDS CHEERED ME UP,0.0,87.27272727272728,2.75,5,4,0,1,4,0,0,0.2,0.8,0.0,0.0,1.0,-1,0.8,1.0,-0.8181817965074019,0.44123317732345546,0.62,0.0,0.0,0,0.6018473307291667,0.5,0.03375988081097603,0.03059185855090618,2475.541356998249,0.16722571331521738,8,10.0,7,7,7
1152,9556,15,m,WE SHELL HAVE A SOME TROUBLE,0.6666666666666666,121.95121951219512,2.46,6,5,4,1,1,0,0,0.16666666666666666,0.16666666666666666,0.0,0.0,0.3333333333333333,-1,0.8333333333333334,1.0,-0.5273437723517418,0.5901705167769787,0.42400000000000004,0.0,0.0,0,0.8953125,0.0,0.025440234690904617,0.020449187606573105,2200.2059871226857,0.16501828457446807,9,10.0,9,9,9
1153,9556,15,m,THERE WILL PROBABLY BE NONE,0.4,121.62162162162163,2.96,5,6,2,0,3,1,0,0.0,0.6,0.2,0.0,0.8,1,1.2,1.0,-0.6382812559604645,0.528199484032646,0.41333333333333333,0.04799999999999997,0.23999999999999988,0,0.6013997395833334,0.5,0.02480316162109375,0.022304551675915718,2034.682441142423,0.12066796875,7,10.0,8,7,6
1154,9556,15,m,HE AND HIS BROTHER SEEMED TO CHANGE PLACES,0.875,119.70074812967582,4.01,8,8,7,0,1,0,0,0.0,0.125,0.0,0.0,0.125,0,1.0,1.0,-0.4404296875,0.6437597461295986,0.435,0.0,0.0,0,0.7958984375,0.0,0.03582235053181648,0.024159256368875504,2558.10876936177,0.19866622121710525,8,10.0,7,7,7
1155,9556,15,m,HE WAS NOT A PROPER PARTNER FOR HER,1.0,132.9639889196676,3.61,8,8,8,0,0,0,0,0.0,0.0,0.0,0.0,0.0,0,1.0,1.0,-0.3883463491996129,0.0,0.4175,0.0,0.0,0,0.9229736328125,0.125,0.03297363594174385,0.026703735813498497,1901.6548599036234,0.12922484485815602,8,10.0,8,8,7
1156,9556,15,m,I THOUGHT IT MIGHT HAVE A REACHED YOUR AIRS,0.7777777777777778,125.65445026178011,3.82,9,8,7,1,1,0,0,0.1111111111111111,0.1111111111111111,0.0,0.0,0.2222222222222222,-1,0.8888888888888888,1.0,-0.5009765525658926,0.6059386397569505,0.42,0.0,0.0,0,0.80609130859375,0.125,0.031263671815395355,0.02315572462975979,2287.730540735442,0.16348514041385134,8,10.0,8,8,8
1157,9556,15,m,I MIGHT AS WELL GO,0.8,201.68067226890759,2.38,5,8,4,0,1,3,0,0.0,0.2,0.6,0.0,0.8,3,1.6,1.0,-0.7962239434321722,0.4510288631408798,0.26,0.0,0.0,0,0.595794677734375,0.5,0.03585854545235634,0.03235302120447159,2092.5813185511956,0.1424853515625,8,10.0,8,8,8
1158,9556,15,m,WHEN I SEE IT REACH YOUR HAND I FINE,0.7777777777777778,175.53191489361703,3.76,9,11,7,0,2,2,0,0.0,0.2222222222222222,0.2222222222222222,0.0,0.4444444444444444,2,1.2222222222222223,1.0,-0.5256696556295667,0.5911593585954122,0.32,0.0,0.0,0,0.6816517223011364,0.2727272727272727,0.03876310959458351,0.02904600463807583,2378.1588725278375,0.15508297318262412,8,10.0,7,7,7
1159,9556,15,m,OH HOW PAINFUL ALL THIS IS,0.6666666666666666,142.37288135593218,2.95,6,7,4,0,2,1,0,0.0,0.3333333333333333,0.16666666666666666,0.0,0.5,1,1.1666666666666667,1.0,-0.7204241156578064,0.4865458604776181,0.2942857142857143,0.10333333333333333,0.31999999999999984,0,0.6635916573660714,0.42857142857142855,0.03486758843064308,0.029484905302524567,2470.3104957443434,0.20462740384615385,8,10.0,8,8,8
